{
    "best_epoch": 396,
    "best_val_loss": 1.1951690912246704,
    "best_tr_acc": 0.46513426897999777,
    "best_val_acc": 0.46999336870026526,
    "best_test_acc": 0.4827586206896552
}