{
    "AUC": {
        "means": [
            0.9500959756693026,
            0.9439960526488154,
            0.9285426916082228,
            0.9293266702803343,
            0.91452718731279,
            0.9307798030622451
        ],
        "stds": [
            0.00021996511192525018,
            0.0021781428571234717,
            0.007800340940681285,
            0.007664804901144885,
            0.0013831751229208278,
            0.011174192441864121
        ],
        "medians": [
            0.9502120982067137
        ],
        "q1": [
            0.9500422141571582
        ],
        "q3": [
            0.950243100633054
        ],
        "budgets": [
            0,
            6121,
            12242,
            18364,
            24485,
            30607
        ],
        "values": [
            [
                0.950292862053073,
                0.950243100633054,
                0.9496896032965143,
                0.9502120982067137,
                0.9500422141571582
            ]
        ]
    },
    "SPD": {
        "means": [
            0.36641045884025514,
            0.371405709396978,
            0.36122403532830916,
            0.3437935785010631,
            0.3123167532679944,
            0.3475317363461369
        ],
        "stds": [
            0.005666959892806161,
            0.0037203443535753097,
            0.01010482198073113,
            0.003149257139965939,
            0.005177400593612173,
            0.0187920207610414
        ],
        "medians": [
            0.36494407609174284
        ],
        "q1": [
            0.3605409332813306
        ],
        "q3": [
            0.3725103166714895
        ],
        "budgets": [
            0,
            6121,
            12242,
            18364,
            24485,
            30607
        ],
        "values": [
            [
                0.3725103166714895,
                0.360471107029176,
                0.37358586112753667,
                0.36494407609174284,
                0.3605409332813306
            ]
        ]
    },
    "EO": {
        "means": [
            0.11940260650688335,
            0.16443619522857997,
            0.21578128967443505,
            0.16024519490842454,
            0.1640020810103664,
            0.12877612302800806
        ],
        "stds": [
            0.008245510300777845,
            0.01528606844198791,
            0.027062224357873598,
            0.030808604352084563,
            0.023405844435202574,
            0.014884532830313634
        ],
        "medians": [
            0.12151623960874791
        ],
        "q1": [
            0.1139602952053963
        ],
        "q3": [
            0.12323196917675894
        ],
        "budgets": [
            0,
            6121,
            12242,
            18364,
            24485,
            30607
        ],
        "values": [
            [
                0.12323196917675894,
                0.1139602952053963,
                0.13121598348439523,
                0.12151623960874791,
                0.10708854505911836
            ]
        ]
    },
    "ACC": {
        "means": [
            0.8839911134343963,
            0.8738499738630423,
            0.8445243073706219,
            0.8496340825927863,
            0.8156560376372191,
            0.8532932566649242
        ],
        "stds": [
            0.0008209251842414737,
            0.004075731507447703,
            0.016260811556236047,
            0.01649257561212013,
            0.006144881569340226,
            0.019954304787175026
        ],
        "medians": [
            0.8840172503920544
        ],
        "q1": [
            0.8836251960271825
        ],
        "q3": [
            0.8848013591217982
        ],
        "budgets": [
            0,
            6121,
            12242,
            18364,
            24485,
            30607
        ],
        "values": [
            [
                0.8826450601150027,
                0.8836251960271825,
                0.8840172503920544,
                0.8848013591217982,
                0.8848667015159436
            ]
        ]
    },
    "F1": {
        "means": [
            0.21270489634206058,
            0.21101305597224748,
            0.3594847188786538,
            0.3050822762034162,
            0.28864464077458474,
            0.35444419266212873
        ],
        "stds": [
            0.2301621075759931,
            0.24534354190201058,
            0.266967441816957,
            0.2937131110807195,
            0.21927681189277715,
            0.31468296032653914
        ],
        "medians": [
            0.03648596196144391
        ],
        "q1": [
            0.03195666892349357
        ],
        "q3": [
            0.39384010484927917
        ],
        "budgets": [
            0,
            6121,
            12242,
            18364,
            24485,
            30607
        ],
        "values": [
            [
                0.03648596196144391,
                0.5771001150747986,
                0.024141630901287552,
                0.03195666892349357,
                0.39384010484927917
            ]
        ]
    },