{
    "AUC": {
        "means": [
            0.9181127202330259,
            0.8897982633332908,
            0.8950497267445628,
            0.8940850195950574,
            0.8634822017733115,
            0.8412318400141237
        ],
        "stds": [
            0.0,
            0.013075708963876989,
            0.02499260102102738,
            0.038973443989422936,
            0.04439378074008794,
            0.04092800269854778
        ],
        "medians": [
            0.9181127202330259
        ],
        "q1": [
            0.9181127202330259
        ],
        "q3": [
            0.9181127202330259
        ],
        "budgets": [
            0,
            6121,
            12242,
            18364,
            24485,
            30607
        ],
        "values": [
            [
                0.9181127202330259,
                0.9181127202330259,
                0.9181127202330259,
                0.9181127202330259,
                0.9181127202330259
            ]
        ]
    },
    "SPD": {
        "means": [
            0.33883849376596253,
            0.33937492923014984,
            0.32618006366141195,
            0.32064026269768375,
            0.23703716517997558,
            0.24092538656064816
        ],
        "stds": [
            0.0,
            0.0030563624645537743,
            0.028511081921423143,
            0.05000671997328273,
            0.06259883249333323,
            0.03519674058179526
        ],
        "medians": [
            0.33883849376596253
        ],
        "q1": [
            0.33883849376596253
        ],
        "q3": [
            0.33883849376596253
        ],
        "budgets": [
            0,
            6121,
            12242,
            18364,
            24485,
            30607
        ],
        "values": [
            [
                0.33883849376596253,
                0.33883849376596253,
                0.33883849376596253,
                0.33883849376596253,
                0.33883849376596253
            ]
        ]
    },
    "EO": {
        "means": [
            0.10384655722502512,
            0.15908907497157238,
            0.10467992735783438,
            0.12143603515085946,
            0.05007990086221172,
            0.06514475993861846
        ],
        "stds": [
            0.0,
            0.018445948616934302,
            0.016359653414070786,
            0.0037580217498976174,
            0.03368099912663013,
            0.04692577552546532
        ],
        "medians": [
            0.10384655722502512
        ],
        "q1": [
            0.10384655722502512
        ],
        "q3": [
            0.10384655722502512
        ],
        "budgets": [
            0,
            6121,
            12242,
            18364,
            24485,
            30607
        ],
        "values": [
            [
                0.10384655722502512,
                0.10384655722502512,
                0.10384655722502512,
                0.10384655722502512,
                0.10384655722502512
            ]
        ]
    },
    "ACC": {
        "means": [
            0.8508233141662311,
            0.8057370622059592,
            0.8191975953998953,
            0.8152378463146889,
            0.7611474124411919,
            0.7390878201777313
        ],
        "stds": [
            1.1102230246251565e-16,
            0.020077411573899116,
            0.030507467437110292,
            0.051254793885426024,
            0.06335273972560833,
            0.03388147743565399
        ],
        "medians": [
            0.850823314166231
        ],
        "q1": [
            0.850823314166231
        ],
        "q3": [
            0.850823314166231
        ],
        "budgets": [
            0,
            6121,
            12242,
            18364,
            24485,
            30607
        ],
        "values": [
            [
                0.850823314166231,
                0.850823314166231,
                0.850823314166231,
                0.850823314166231,
                0.850823314166231
            ]
        ]
    },
    "F1": {
        "means": [
            0.8494956819829916,
            0.7989837656823114,
            0.8171933905729565,
            0.8020562858708397,
            0.7299776541541732,
            0.7168423178291444
        ],
        "stds": [
            0.0,
            0.022032519700097848,
            0.03224144807403331,
            0.07665613891045903,
            0.08383465072726005,
            0.033407970281580227
        ],
        "medians": [
            0.8494956819829916
        ],
        "q1": [
            0.8494956819829916
        ],
        "q3": [
            0.8494956819829916
        ],
        "budgets": [
            0,
            6121,
            12242,
            18364,
            24485,
            30607
        ],
        "values": [
            [
                0.8494956819829916,
                0.8494956819829916,
                0.8494956819829916,
                0.8494956819829916,
                0.8494956819829916
            ]
        ]
    },