{
    "AUC": {
        "means": [
            0.9181127202330259,
            0.8951951718751058,
            0.7924522371277215,
            0.8030819305684351,
            0.6805045766893091,
            0.7211315192105022
        ],
        "stds": [
            0.0,
            0.009545402844929033,
            0.015263636650719642,
            0.041125875741371505,
            0.051504876222754244,
            0.07389080449501681
        ],
        "medians": [
            0.9181127202330259
        ],
        "q1": [
            0.9181127202330259
        ],
        "q3": [
            0.9181127202330259
        ],
        "budgets": [
            0,
            6121,
            12242,
            18364,
            24485,
            30607
        ],
        "values": [
            [
                0.9181127202330259,
                0.9181127202330259,
                0.9181127202330259,
                0.9181127202330259,
                0.9181127202330259
            ]
        ]
    },
    "SPD": {
        "means": [
            0.33883849376596253,
            0.3411173458475398,
            0.2531491954254369,
            0.26013587811230077,
            0.13203499490457077,
            0.12499707484619352
        ],
        "stds": [
            0.0,
            0.006460279171375562,
            0.00377842714894847,
            0.014300487463364523,
            0.033575073295402554,
            0.06136270875494224
        ],
        "medians": [
            0.33883849376596253
        ],
        "q1": [
            0.33883849376596253
        ],
        "q3": [
            0.33883849376596253
        ],
        "budgets": [
            0,
            6121,
            12242,
            18364,
            24485,
            30607
        ],
        "values": [
            [
                0.33883849376596253,
                0.33883849376596253,
                0.33883849376596253,
                0.33883849376596253,
                0.33883849376596253
            ]
        ]
    },
    "EO": {
        "means": [
            0.10384655722502512,
            0.150904356321966,
            0.1446144610900741,
            0.12803794393967832,
            0.07284455349355828,
            0.059200825780240884
        ],
        "stds": [
            0.0,
            0.015416305842852304,
            0.005171678255873924,
            0.03904594224033706,
            0.004630846585174358,
            0.016049938173896803
        ],
        "medians": [
            0.10384655722502512
        ],
        "q1": [
            0.10384655722502512
        ],
        "q3": [
            0.10384655722502512
        ],
        "budgets": [
            0,
            6121,
            12242,
            18364,
            24485,
            30607
        ],
        "values": [
            [
                0.10384655722502512,
                0.10384655722502512,
                0.10384655722502512,
                0.10384655722502512,
                0.10384655722502512
            ]
        ]
    },
    "ACC": {
        "means": [
            0.8508233141662311,
            0.8118139048614742,
            0.7134736016727652,
            0.7326581285938316,
            0.5940538421327758,
            0.6379377940407738
        ],
        "stds": [
            1.1102230246251565e-16,
            0.01367059084130391,
            0.006369861325116642,
            0.04140397693040133,
            0.032547743755475034,
            0.06552314258627237
        ],
        "medians": [
            0.850823314166231
        ],
        "q1": [
            0.850823314166231
        ],
        "q3": [
            0.850823314166231
        ],
        "budgets": [
            0,
            6121,
            12242,
            18364,
            24485,
            30607
        ],
        "values": [
            [
                0.850823314166231,
                0.850823314166231,
                0.850823314166231,
                0.850823314166231,
                0.850823314166231
            ]
        ]
    },
    "F1": {
        "means": [
            0.8494956819829916,
            0.8065538612190661,
            0.6513230159866311,
            0.6836305922721889,
            0.5860302614404099,
            0.5634243355386117
        ],
        "stds": [
            0.0,
            0.01647326818848912,
            0.0064667842916016575,
            0.06988834276108302,
            0.07520374294588827,
            0.11884552930039058
        ],
        "medians": [
            0.8494956819829916
        ],
        "q1": [
            0.8494956819829916
        ],
        "q3": [
            0.8494956819829916
        ],
        "budgets": [
            0,
            6121,
            12242,
            18364,
            24485,
            30607
        ],
        "values": [
            [
                0.8494956819829916,
                0.8494956819829916,
                0.8494956819829916,
                0.8494956819829916,
                0.8494956819829916
            ]
        ]
    },