{
    "AUC": {
        "means": [
            0.9486654273116395,
            0.9338107290313451,
            0.9397138786843635,
            0.9259156259677557,
            0.9223626914010264,
            0.9316719982677684
        ],
        "stds": [
            0.0,
            0.004702314402965471,
            0.0018348693696444544,
            0.007035260416096381,
            0.008601988926379667,
            0.009198352580062654
        ],
        "medians": [
            0.9486654273116395
        ],
        "q1": [
            0.9486654273116395
        ],
        "q3": [
            0.9486654273116395
        ],
        "budgets": [
            0,
            6121,
            12242,
            18364,
            24485,
            30607
        ],
        "values": [
            [
                0.9486654273116395,
                0.9486654273116395,
                0.9486654273116395,
                0.9486654273116395,
                0.9486654273116395
            ]
        ]
    },
    "SPD": {
        "means": [
            0.37111898141740995,
            0.36853934174603376,
            0.37859073638388085,
            0.34204578337506136,
            0.3361624812853063,
            0.35158065246656517
        ],
        "stds": [
            0.0,
            0.0019727112251565052,
            0.002376109262501675,
            0.011703411405958847,
            0.014347019209646875,
            0.008635973416789913
        ],
        "medians": [
            0.37111898141740995
        ],
        "q1": [
            0.37111898141740995
        ],
        "q3": [
            0.37111898141740995
        ],
        "budgets": [
            0,
            6121,
            12242,
            18364,
            24485,
            30607
        ],
        "values": [
            [
                0.37111898141740995,
                0.37111898141740995,
                0.37111898141740995,
                0.37111898141740995,
                0.37111898141740995
            ]
        ]
    },
    "EO": {
        "means": [
            0.12009872379417319,
            0.16011106081849394,
            0.1706532274980404,
            0.16016275488237047,
            0.16669279429460923,
            0.1335110840021638
        ],
        "stds": [
            0.0,
            0.0037364193049007994,
            0.025434596169140036,
            0.01302408669101873,
            0.015868151528181572,
            0.02605178251858263
        ],
        "medians": [
            0.12009872379417319
        ],
        "q1": [
            0.12009872379417319
        ],
        "q3": [
            0.12009872379417319
        ],
        "budgets": [
            0,
            6121,
            12242,
            18364,
            24485,
            30607
        ],
        "values": [
            [
                0.12009872379417319,
                0.12009872379417319,
                0.12009872379417319,
                0.12009872379417319,
                0.12009872379417319
            ]
        ]
    },
    "ACC": {
        "means": [
            0.8833638264506012,
            0.86647935180345,
            0.8686748562467329,
            0.8438708834291688,
            0.8339257710402508,
            0.8593962362780972
        ],
        "stds": [
            0.0,
            0.003819395688426301,
            0.003428676749335683,
            0.019785935898193642,
            0.02421640963124564,
            0.012202166819460208
        ],
        "medians": [
            0.8833638264506012
        ],
        "q1": [
            0.8833638264506012
        ],
        "q3": [
            0.8833638264506012
        ],
        "budgets": [
            0,
            6121,
            12242,
            18364,
            24485,
            30607
        ],
        "values": [
            [
                0.8833638264506012,
                0.8833638264506012,
                0.8833638264506012,
                0.8833638264506012,
                0.8833638264506012
            ]
        ]
    },
    "F1": {
        "means": [
            0.880530085001004,
            0.8603540029093025,
            0.8629821623019606,
            0.82893705252726,
            0.8156792893833616,
            0.8523450569841332
        ],
        "stds": [
            1.1102230246251565e-16,
            0.0046207902307898235,
            0.005259804125868951,
            0.02638124276186979,
            0.03229232943339197,
            0.014523408375486904
        ],
        "medians": [
            0.8805300850010039
        ],
        "q1": [
            0.8805300850010039
        ],
        "q3": [
            0.8805300850010039
        ],
        "budgets": [
            0,
            6121,
            12242,
            18364,
            24485,
            30607
        ],
        "values": [
            [
                0.8805300850010039,
                0.8805300850010039,
                0.8805300850010039,
                0.8805300850010039,
                0.8805300850010039
            ]
        ]
    },