{
    "AUC": {
        "means": [
            0.5,
            0.5,
            0.5,
            0.5,
            0.5,
            0.5
        ],
        "stds": [
            0.0,
            0.0,
            0.0,
            0.0,
            0.0,
            0.0
        ],
        "medians": [
            0.5
        ],
        "q1": [
            0.5
        ],
        "q3": [
            0.5
        ],
        "budgets": [
            0,
            6121,
            12242,
            18364,
            24485,
            30607
        ],
        "values": [
            [
                0.5,
                0.5,
                0.5,
                0.5,
                0.5
            ]
        ]
    },
    "SPD": {
        "means": [
            0.0,
            0.0,
            0.0,
            0.0,
            0.0,
            0.0
        ],
        "stds": [
            0.0,
            0.0,
            0.0,
            0.0,
            0.0,
            0.0
        ],
        "medians": [
            0.0
        ],
        "q1": [
            0.0
        ],
        "q3": [
            0.0
        ],
        "budgets": [
            0,
            6121,
            12242,
            18364,
            24485,
            30607
        ],
        "values": [
            [
                0.0,
                0.0,
                0.0,
                0.0,
                0.0
            ]
        ]
    },
    "EO": {
        "means": [
            0.0,
            0.0,
            0.0,
            0.0,
            0.0,
            0.0
        ],
        "stds": [
            0.0,
            0.0,
            0.0,
            0.0,
            0.0,
            0.0
        ],
        "medians": [
            0.0
        ],
        "q1": [
            0.0
        ],
        "q3": [
            0.0
        ],
        "budgets": [
            0,
            6121,
            12242,
            18364,
            24485,
            30607
        ],
        "values": [
            [
                0.0,
                0.0,
                0.0,
                0.0,
                0.0
            ]
        ]
    },
    "ACC": {
        "means": [
            0.5256795608991114,
            0.5256795608991114,
            0.5256795608991114,
            0.5256795608991114,
            0.5256795608991114,
            0.5256795608991114
        ],
        "stds": [
            0.0,
            0.0,
            0.0,
            0.0,
            0.0,
            0.0
        ],
        "medians": [
            0.5256795608991114
        ],
        "q1": [
            0.5256795608991114
        ],
        "q3": [
            0.5256795608991114
        ],
        "budgets": [
            0,
            6121,
            12242,
            18364,
            24485,
            30607
        ],
        "values": [
            [
                0.5256795608991114,
                0.5256795608991114,
                0.5256795608991114,
                0.5256795608991114,
                0.5256795608991114
            ]
        ]
    },
    "F1": {
        "means": [
            0.0,
            0.0,
            0.0,
            0.0,
            0.0,
            0.0
        ],
        "stds": [
            0.0,
            0.0,
            0.0,
            0.0,
            0.0,
            0.0
        ],
        "medians": [
            0.0
        ],
        "q1": [
            0.0
        ],
        "q3": [
            0.0
        ],
        "budgets": [
            0,
            6121,
            12242,
            18364,
            24485,
            30607
        ],
        "values": [
            [
                0.0,
                0.0,
                0.0,
                0.0,
                0.0
            ]
        ]
    },
    "col_list": [
        [
            [
                "Previous qualification",
                "Educational special needs",
                "Y"
            ],
            [
                "Previous qualification",
                "Educational special needs",
                "Y"
            ],
            [
                "Previous qualification",
                "Educational special needs",
                "Y"
            ],
            [
                "Previous qualification",
                "Educational special needs",
                "Y"
            ],
            [
                "Previous qualification",
                "Educational special needs",
                "Y"
            ]
        ],
        [
            [
                "Previous qualification",
                "Educational special needs",
                "Y"
            ],
            [
                "Previous qualification",
                "Educational special needs",
                "Y"
            ],
            [
                "Previous qualification",
                "Educational special needs",
                "Y"
            ],
            [
                "Previous qualification",
                "Educational special needs",
                "Y"
            ],
            [
                "Previous qualification",
                "Educational special needs",
                "Y"
            ]
        ],
        [
            [
                "Application mode",
                "Curricular units 1st sem (evaluations)",
                "Y"
            ],
            [
                "Application mode",
                "Curricular units 1st sem (evaluations)",
                "Y"
            ],
            [
                "Application mode",
                "Curricular units 1st sem (evaluations)",
                "Y"
            ],
            [
                "Application mode",
                "Curricular units 1st sem (evaluations)",
                "Y"
            ],
            [
                "Application mode",
                "Curricular units 1st sem (evaluations)",
                "Y"
            ]
        ],
        [
            [
                "Father's qualification",
                "Tuition fees up to date",
                "Y"
            ],
            [
                "Father's qualification",
                "Tuition fees up to date",
                "Y"
            ],
            [
                "Father's qualification",
                "Tuition fees up to date",
                "Y"
            ],
            [
                "Father's qualification",
                "Tuition fees up to date",
                "Y"
            ],
            [
                "Father's qualification",
                "Tuition fees up to date",
                "Y"
            ]
        ],
        [
            [
                "Father's qualification",
                "Y"
            ],
            [
                "Father's qualification",
                "Y"
            ],
            [
                "Father's qualification",
                "Y"
            ],
            [
                "Father's qualification",
                "Y"
            ],
            [
                "Father's qualification",
                "Y"
            ]
        ],
        [
            [
                "Father's qualification",
                "Curricular units 1st sem (without evaluations)",
                "Y"
            ],
            [
                "Father's qualification",
                "Curricular units 1st sem (without evaluations)",
                "Y"
            ],
            [
                "Father's qualification",
                "Curricular units 1st sem (without evaluations)",
                "Y"
            ],
            [
                "Father's qualification",
                "Curricular units 1st sem (without evaluations)",
                "Y"
            ],
            [
                "Father's qualification",
                "Curricular units 1st sem (without evaluations)",
                "Y"
            ]
        ]
    ],