{
    "AUC": {
        "means": [
            0.9181127202330259,
            0.9063455314167767,
            0.8787084188839623,
            0.8513838649194918,
            0.7884369254737116,
            0.8378956433157578
        ],
        "stds": [
            0.0,
            0.007171614563566145,
            0.0208693578677562,
            0.034658759116220704,
            0.015401134621523973,
            0.043757506871480924
        ],
        "medians": [
            0.9181127202330259
        ],
        "q1": [
            0.9181127202330259
        ],
        "q3": [
            0.9181127202330259
        ],
        "budgets": [
            0,
            6121,
            12242,
            18364,
            24485,
            30607
        ],
        "values": [
            [
                0.9181127202330259,
                0.9181127202330259,
                0.9181127202330259,
                0.9181127202330259,
                0.9181127202330259
            ]
        ]
    },
    "SPD": {
        "means": [
            0.33883849376596253,
            0.3438579318848055,
            0.30163893536982755,
            0.2677118062982021,
            0.24848260005284145,
            0.1990549236943749
        ],
        "stds": [
            0.0,
            0.010532997029783697,
            0.021376166762206376,
            0.05012116898172401,
            0.05548487241666717,
            0.07809237945963923
        ],
        "medians": [
            0.33883849376596253
        ],
        "q1": [
            0.33883849376596253
        ],
        "q3": [
            0.33883849376596253
        ],
        "budgets": [
            0,
            6121,
            12242,
            18364,
            24485,
            30607
        ],
        "values": [
            [
                0.33883849376596253,
                0.33883849376596253,
                0.33883849376596253,
                0.33883849376596253,
                0.33883849376596253
            ]
        ]
    },
    "EO": {
        "means": [
            0.10384655722502512,
            0.12809645510647924,
            0.1262669047592762,
            0.07941797948797202,
            0.08634302447533146,
            0.03871333392212495
        ],
        "stds": [
            0.0,
            0.022557163378102166,
            0.017635270404470212,
            0.025321366670231455,
            0.038203956087988274,
            0.03818953295687707
        ],
        "medians": [
            0.10384655722502512
        ],
        "q1": [
            0.10384655722502512
        ],
        "q3": [
            0.10384655722502512
        ],
        "budgets": [
            0,
            6121,
            12242,
            18364,
            24485,
            30607
        ],
        "values": [
            [
                0.10384655722502512,
                0.10384655722502512,
                0.10384655722502512,
                0.10384655722502512,
                0.10384655722502512
            ]
        ]
    },
    "ACC": {
        "means": [
            0.8508233141662311,
            0.8415577626764245,
            0.7795478306325144,
            0.7643883951907998,
            0.7063120752744381,
            0.7242420282279143
        ],
        "stds": [
            1.1102230246251565e-16,
            0.004422362422579977,
            0.03749301708408957,
            0.04598044316006437,
            0.022776622817002826,
            0.0674367368272597
        ],
        "medians": [
            0.850823314166231
        ],
        "q1": [
            0.850823314166231
        ],
        "q3": [
            0.850823314166231
        ],
        "budgets": [
            0,
            6121,
            12242,
            18364,
            24485,
            30607
        ],
        "values": [
            [
                0.850823314166231,
                0.850823314166231,
                0.850823314166231,
                0.850823314166231,
                0.850823314166231
            ]
        ]
    },
    "F1": {
        "means": [
            0.8494956819829916,
            0.8401400975691496,
            0.7618856688017648,
            0.7471313512363594,
            0.7030713817894175,
            0.6682908661408156
        ],
        "stds": [
            0.0,
            0.005586862036496195,
            0.046135147645486756,
            0.06158859976636275,
            0.06402359629383725,
            0.10212636600988233
        ],
        "medians": [
            0.8494956819829916
        ],
        "q1": [
            0.8494956819829916
        ],
        "q3": [
            0.8494956819829916
        ],
        "budgets": [
            0,
            6121,
            12242,
            18364,
            24485,
            30607
        ],
        "values": [
            [
                0.8494956819829916,
                0.8494956819829916,
                0.8494956819829916,
                0.8494956819829916,
                0.8494956819829916
            ]
        ]
    },