{
    "AUC": {
        "means": [
            0.8388310073277502,
            0.5857839431861438,
            0.35372870907879717,
            0.38766630662352497,
            0.3337687190711839,
            0.3328322254472783
        ],
        "stds": [
            0.0005025093858107924,
            0.016783806405484304,
            0.012989235685467037,
            0.10721204968808898,
            0.006759508820924755,
            0.007236926879212255
        ],
        "medians": [
            0.8387447896840502
        ],
        "q1": [
            0.8386575704225352
        ],
        "q3": [
            0.8393602017510468
        ],
        "budgets": [
            0,
            3016,
            6032,
            9048,
            12064,
            15081
        ],
        "values": [
            [
                0.8393702893033879,
                0.8380221854777312,
                0.8393602017510468,
                0.8387447896840502,
                0.8386575704225352
            ]
        ]
    },
    "SPD": {
        "means": [
            0.2037373628222828,
            0.09241465739603806,
            0.016728100585147565,
            0.1230066726629236,
            0.012945736749770235,
            0.0622900195941159
        ],
        "stds": [
            0.0001900177106789175,
            0.007580217587410425,
            0.0005834383039186339,
            0.21774401240397487,
            0.0044501294247446,
            0.0962502265127655
        ],
        "medians": [
            0.20369279107801255
        ],
        "q1": [
            0.203594239782063
        ],
        "q3": [
            0.2036992301103756
        ],
        "budgets": [
            0,
            3016,
            6032,
            9048,
            12064,
            15081
        ],
        "values": [
            [
                0.203594239782063,
                0.2036992301103756,
                0.20369279107801255,
                0.203594239782063,
                0.20410631335889995
            ]
        ]
    },
    "EO": {
        "means": [
            0.18077800772398386,
            0.059324674078385674,
            0.005908773364879693,
            0.05498137549974267,
            0.00412726465754739,
            0.023391298436981435
        ],
        "stds": [
            0.001797568133623503,
            0.016468242233086086,
            0.0034548317960564736,
            0.10046551503490667,
            0.005252606807345043,
            0.03750169842447039
        ],
        "medians": [
            0.1814325071073561
        ],
        "q1": [
            0.1799553423269401
        ],
        "q3": [
            0.1814325071073561
        ],
        "budgets": [
            0,
            3016,
            6032,
            9048,
            12064,
            15081
        ],
        "values": [
            [
                0.17784184283446558,
                0.18322783924380132,
                0.1799553423269401,
                0.1814325071073561,
                0.1814325071073561
            ]
        ]
    },
    "ACC": {
        "means": [
            0.8141567065073041,
            0.7746215139442232,
            0.7548738379814077,
            0.7224833997343958,
            0.7516865869853919,
            0.6738379814077026
        ],
        "stds": [
            0.00012171515790056892,
            0.00439400470067241,
            0.00011577420832778259,
            0.058382155286830766,
            0.0018375706731570726,
            0.15558849498176744
        ],
        "medians": [
            0.8142098273572377
        ],
        "q1": [
            0.8140106241699867
        ],
        "q3": [
            0.8142762284196547
        ],
        "budgets": [
            0,
            3016,
            6032,
            9048,
            12064,
            15081
        ],
        "values": [
            [
                0.8142762284196547,
                0.8140106241699867,
                0.8142098273572377,
                0.8140106241699867,
                0.8142762284196547
            ]
        ]
    },
    "F1": {
        "means": [
            0.5914160390603052,
            0.356921334970146,
            0.09271173717649919,
            0.1320395497496642,
            0.05432292900443475,
            0.11338022299462022
        ],
        "stds": [
            0.0002757161983942534,
            0.014450297523793081,
            0.01231089950316384,
            0.15001494107504756,
            0.01599256115806691,
            0.11294847224489178
        ],
        "medians": [
            0.5914999269753176
        ],
        "q1": [
            0.5911545759743103
        ],
        "q3": [
            0.591652072387624
        ],
        "budgets": [
            0,
            3016,
            6032,
            9048,
            12064,
            15081
        ],
        "values": [
            [
                0.591738432345643,
                0.5910351876186305,
                0.591652072387624,
                0.5911545759743103,
                0.5914999269753176
            ]
        ]
    },