{
    "AUC": {
        "means": [
            0.8388310073277502,
            0.5737465573848496,
            0.35530483203273694,
            0.3545930172249715,
            0.3545930172249715,
            0.35251060858393607
        ],
        "stds": [
            0.0005025093858107924,
            0.0050896022229674496,
            0.010971872453922582,
            0.05550586671450866,
            0.05550586671450866,
            0.05665339026243452
        ],
        "medians": [
            0.8387447896840502
        ],
        "q1": [
            0.8386575704225352
        ],
        "q3": [
            0.8393602017510468
        ],
        "budgets": [
            0,
            3016,
            6032,
            9048,
            12064,
            15081
        ],
        "values": [
            [
                0.8393702893033879,
                0.8380221854777312,
                0.8393602017510468,
                0.8387447896840502,
                0.8386575704225352
            ]
        ]
    },
    "SPD": {
        "means": [
            0.2037373628222828,
            0.09599008958699946,
            0.016462852570370452,
            0.012434557817305233,
            0.012434557817305233,
            0.0658180877875206
        ],
        "stds": [
            0.0001900177106789175,
            0.0021216733222678445,
            0.00031696157825935293,
            0.009318172829824996,
            0.009318172829824996,
            0.10475719886519988
        ],
        "medians": [
            0.20369279107801255
        ],
        "q1": [
            0.203594239782063
        ],
        "q3": [
            0.2036992301103756
        ],
        "budgets": [
            0,
            3016,
            6032,
            9048,
            12064,
            15081
        ],
        "values": [
            [
                0.203594239782063,
                0.2036992301103756,
                0.20369279107801255,
                0.203594239782063,
                0.20410631335889995
            ]
        ]
    },
    "EO": {
        "means": [
            0.18077800772398386,
            0.0752369261491868,
            0.0052583867372765925,
            0.013639954508351464,
            0.013639954508351464,
            0.038153578297444785
        ],
        "stds": [
            0.001797568133623503,
            0.0017833933755155374,
            0.0012498897322482754,
            0.01067396874639781,
            0.01067396874639781,
            0.046985329476513425
        ],
        "medians": [
            0.1814325071073561
        ],
        "q1": [
            0.1799553423269401
        ],
        "q3": [
            0.1814325071073561
        ],
        "budgets": [
            0,
            3016,
            6032,
            9048,
            12064,
            15081
        ],
        "values": [
            [
                0.17784184283446558,
                0.18322783924380132,
                0.1799553423269401,
                0.1814325071073561,
                0.1814325071073561
            ]
        ]
    },
    "ACC": {
        "means": [
            0.8141567065073041,
            0.7747808764940238,
            0.7540504648074369,
            0.7514608233731739,
            0.7514608233731739,
            0.671500664010624
        ],
        "stds": [
            0.00012171515790056892,
            0.0029853610467574696,
            0.00032257524041142663,
            0.001802883613444352,
            0.001802883613444352,
            0.16029524759075234
        ],
        "medians": [
            0.8142098273572377
        ],
        "q1": [
            0.8140106241699867
        ],
        "q3": [
            0.8142762284196547
        ],
        "budgets": [
            0,
            3016,
            6032,
            9048,
            12064,
            15081
        ],
        "values": [
            [
                0.8142762284196547,
                0.8140106241699867,
                0.8142098273572377,
                0.8140106241699867,
                0.8142762284196547
            ]
        ]
    },
    "F1": {
        "means": [
            0.5914160390603052,
            0.3428477444980381,
            0.09006786926782061,
            0.051523774613330686,
            0.051523774613330686,
            0.11179983748295516
        ],
        "stds": [
            0.0002757161983942534,
            0.008941780146992774,
            0.010216222151253567,
            0.029462499676665692,
            0.029462499676665692,
            0.11629158837692165
        ],
        "medians": [
            0.5914999269753176
        ],
        "q1": [
            0.5911545759743103
        ],
        "q3": [
            0.591652072387624
        ],
        "budgets": [
            0,
            3016,
            6032,
            9048,
            12064,
            15081
        ],
        "values": [
            [
                0.591738432345643,
                0.5910351876186305,
                0.591652072387624,
                0.5911545759743103,
                0.5914999269753176
            ]
        ]
    },