{
    "AUC": {
        "means": [
            0.8539754234868671,
            0.8446522363913209,
            0.8137346450323563,
            0.7625109678340312,
            0.7244511419870575,
            0.6273699562238295
        ],
        "stds": [
            1.0468214693570842e-05,
            0.00013940902581967518,
            0.002503839967411555,
            0.01004246381646356,
            0.0011055951920719775,
            0.0
        ],
        "medians": [
            0.8539806575942139,
            0.8446163637228778,
            0.8123525409212028,
            0.757764703083365,
            0.7240182480015226,
            0.6273699562238295
        ],
        "q1": [
            0.8539806575942139,
            0.8445951180053293,
            0.8123038161400837,
            0.7574496811952798,
            0.7238179482299201,
            0.6273699562238295
        ],
        "q3": [
            0.8539806575942139,
            0.8447889227255425,
            0.8132210934526075,
            0.7577933955081844,
            0.7253714788732395,
            0.6273699562238295
        ],
        "budgets": [
            0,
            603,
            1206,
            1809,
            2412,
            3016
        ],
        "values": [
            [
                0.8539806575942139,
                0.85395448705748,
                0.8539806575942139,
                0.8539806575942139,
                0.8539806575942139
            ],
            [
                0.8444393557289684,
                0.8446163637228778,
                0.8447889227255425,
                0.8445951180053293,
                0.8448214217738865
            ],
            [
                0.8123525409212028,
                0.818683622002284,
                0.8132210934526075,
                0.8121121526456033,
                0.8123038161400837
            ],
            [
                0.7569601256185764,
                0.7577933955081844,
                0.7825869337647506,
                0.7574496811952798,
                0.757764703083365
            ],
            [
                0.7253714788732395,
                0.7240182480015226,
                0.7260513894175866,
                0.7229966454130186,
                0.7238179482299201
            ],
            [
                0.6273699562238295,
                0.6273699562238295,
                0.6273699562238295,
                0.6273699562238295,
                0.6273699562238295
            ]
        ]
    },
    "SPD": {
        "means": [
            0.2300253563477857,
            0.19856782279927362,
            0.16373490034373803,
            0.14382070636746686,
            0.1098441912636533,
            0.1356802610018641
        ],
        "stds": [
            0.00023652311027890782,
            0.005232957358730326,
            0.0014088362098924722,
            0.01013791679743059,
            0.0007197658239651509,
            0.0
        ],
        "medians": [
            0.2299070947926462,
            0.19578563927686177,
            0.1630304822387918,
            0.14874054432610823,
            0.11006783630920602,
            0.1356802610018641
        ],
        "q1": [
            0.2299070947926462,
            0.19578563927686177,
            0.1630304822387918,
            0.14874054432610823,
            0.10910164044679987,
            0.1356802610018641
        ],
        "q3": [
            0.2299070947926462,
            0.19667260094040762,
            0.1630304822387918,
            0.14874054432610823,
            0.11047491955773037,
            0.1356802610018641
        ],
        "budgets": [
            0,
            603,
            1206,
            1809,
            2412,
            3016
        ],
        "values": [
            [
                0.2299070947926462,
                0.23049840256834347,
                0.2299070947926462,
                0.2299070947926462,
                0.2299070947926462
            ],
            [
                0.19558853668496268,
                0.20900669781727435,
                0.19578563927686177,
                0.19667260094040762,
                0.19578563927686177
            ],
            [
                0.1630304822387918,
                0.16655257276352298,
                0.1630304822387918,
                0.1630304822387918,
                0.1630304822387918
            ],
            [
                0.14874054432610823,
                0.1493318521018055,
                0.12355004675720399,
                0.14874054432610823,
                0.14874054432610823
            ],
            [
                0.11047491955773037,
                0.1088980988225377,
                0.11006783630920602,
                0.10910164044679987,
                0.11067846118199254
            ],
            [
                0.1356802610018641,
                0.1356802610018641,
                0.1356802610018641,
                0.1356802610018641,
                0.1356802610018641
            ]
        ]
    },
    "EO": {
        "means": [
            0.31553633476918014,
            0.285654764998849,
            0.25510932790144925,
            0.21377030601759003,
            0.16180426595592157,
            0.19208511576550666
        ],
        "stds": [
            0.0006363347120585284,
            0.020317924166005776,
            0.003736210129831696,
            0.015058959576509136,
            0.0023304360267945817,
            0.0
        ],
        "medians": [
            0.3152181674131509,
            0.2954900776910989,
            0.2532412228365334,
            0.22121999187730737,
            0.16092699230172092,
            0.19208511576550666
        ],
        "q1": [
            0.3152181674131509,
            0.2951719103350696,
            0.2532412228365334,
            0.22121999187730737,
            0.15999533887679498,
            0.19208511576550666
        ],
        "q3": [
            0.3152181674131509,
            0.2954900776910989,
            0.2532412228365334,
            0.22121999187730737,
            0.1635860031496855,
            0.19208511576550666
        ],
        "budgets": [
            0,
            603,
            1206,
            1809,
            2412,
            3016
        ],
        "values": [
            [
                0.3152181674131509,
                0.3168090041932972,
                0.3152181674131509,
                0.3152181674131509,
                0.3152181674131509
            ],
            [
                0.2951719103350696,
                0.24504084480573227,
                0.2954900776910989,
                0.2970809144712453,
                0.2954900776910989
            ],
            [
                0.2532412228365334,
                0.2625817481611126,
                0.2532412228365334,
                0.2532412228365334,
                0.2532412228365334
            ],
            [
                0.22121999187730737,
                0.22153815923333664,
                0.18365339522269145,
                0.22121999187730737,
                0.22121999187730737
            ],
            [
                0.1635860031496855,
                0.1591316601652757,
                0.15999533887679498,
                0.16092699230172092,
                0.16538133528613072
            ],
            [
                0.19208511576550666,
                0.19208511576550666,
                0.19208511576550666,
                0.19208511576550666,
                0.19208511576550666
            ]
        ]
    },
    "ACC": {
        "means": [
            0.8030411686586986,
            0.7958698539176627,
            0.7886321381142098,
            0.785378486055777,
            0.7838114209827357,
            0.7839973439575033
        ],