{
    "AUC": {
        "means": [
            0.853953749524172,
            0.6301205034259612,
            0.5496373477350589,
            0.28495970213170924,
            0.3114138275599543,
            0.30907187856870955
        ],
        "stds": [
            1.1102230246251565e-16,
            0.0,
            0.0,
            0.03055105174295377,
            0.0,
            0.00037095497892506167
        ],
        "medians": [
            0.8539537495241721
        ],
        "q1": [
            0.8539537495241721
        ],
        "q3": [
            0.8539537495241721
        ],
        "budgets": [
            0,
            3016,
            6032,
            9048,
            12064,
            15081
        ],
        "values": [
            [
                0.8539537495241721,
                0.8539537495241721,
                0.8539537495241721,
                0.8539537495241721,
                0.8539537495241721
            ]
        ]
    },
    "SPD": {
        "means": [
            0.23049840256834347,
            0.13558170970591457,
            0.05259060626217762,
            0.21638022032764,
            0.0008592397235901933,
            0.404780474029527
        ],
        "stds": [
            0.0,
            0.0,
            6.938893903907228e-18,
            0.17478560084022163,
            0.0,
            0.0014883297024149617
        ],
        "medians": [
            0.23049840256834347
        ],
        "q1": [
            0.23049840256834347
        ],
        "q3": [
            0.23049840256834347
        ],
        "budgets": [
            0,
            3016,
            6032,
            9048,
            12064,
            15081
        ],
        "values": [
            [
                0.23049840256834347,
                0.23049840256834347,
                0.23049840256834347,
                0.23049840256834347,
                0.23049840256834347
            ]
        ]
    },
    "EO": {
        "means": [
            0.3168090041932973,
            0.1920851157655067,
            0.007155052606144796,
            0.09281678644115818,
            0.008862988682495826,
            0.4500457258471277
        ],
        "stds": [
            0.0,
            0.0,
            0.0,
            0.07568428896572713,
            0.0,
            0.0038282137772684055
        ],
        "medians": [
            0.3168090041932973
        ],
        "q1": [
            0.3168090041932973
        ],
        "q3": [
            0.3168090041932973
        ],
        "budgets": [
            0,
            3016,
            6032,
            9048,
            12064,
            15081
        ],
        "values": [
            [
                0.3168090041932973,
                0.3168090041932973,
                0.3168090041932973,
                0.3168090041932973,
                0.3168090041932973
            ]
        ]
    },
    "ACC": {
        "means": [
            0.803253652058433,
            0.7840637450199203,
            0.7701195219123506,
            0.47128818061088984,
            0.754249667994688,
            0.33686586985391764
        ],
        "stds": [
            1.1102230246251565e-16,
            0.0,
            0.0,
            0.23055008300995247,
            0.0,
            0.00044721004622797156
        ],
        "medians": [
            0.8032536520584329
        ],
        "q1": [
            0.8032536520584329
        ],
        "q3": [
            0.8032536520584329
        ],
        "budgets": [
            0,
            3016,
            6032,
            9048,
            12064,
            15081
        ],
        "values": [
            [
                0.8032536520584329,
                0.8032536520584329,
                0.8032536520584329,
                0.8032536520584329,
                0.8032536520584329
            ]
        ]
    },
    "F1": {
        "means": [
            0.5547708489857252,
            0.3995568685376662,
            0.251621271076524,
            0.11647737654216153,
            0.006442953020134227,
            0.27256499006584733
        ],
        "stds": [
            0.0,
            0.0,
            0.0,
            0.07831071144559679,
            8.673617379884035e-19,
            0.0007315574041581362
        ],
        "medians": [
            0.5547708489857252
        ],
        "q1": [
            0.5547708489857252
        ],
        "q3": [
            0.5547708489857252
        ],
        "budgets": [
            0,
            3016,
            6032,
            9048,
            12064,
            15081
        ],
        "values": [
            [
                0.5547708489857252,
                0.5547708489857252,
                0.5547708489857252,
                0.5547708489857252,
                0.5547708489857252
            ]
        ]
    },
    "col_list": [
        [
            [
                "workclass",
                "Y"
            ],
            [
                "workclass",
                "Y"
            ],
            [
                "workclass",
                "Y"
            ],
            [
                "workclass",
                "Y"
            ],
            [
                "workclass",
                "Y"
            ]
        ],
        [
            [
                "relationship",
                "workclass",
                "Y"
            ],
            [
                "relationship",
                "workclass",
                "Y"
            ],
            [
                "relationship",
                "workclass",
                "Y"
            ],
            [
                "relationship",
                "workclass",
                "Y"
            ],
            [
                "relationship",
                "workclass",
                "Y"
            ]
        ],
        [
            [
                "hours",
                "Y"
            ],
            [
                "hours",
                "Y"
            ],
            [
                "hours",
                "Y"
            ],
            [
                "hours",
                "Y"
            ],
            [
                "hours",
                "Y"
            ]
        ],
        [
            [
                "education",
                "relationship",
                "Y"
            ],
            [
                "education",
                "relationship",
                "Y"
            ],
            [
                "education",
                "relationship",
                "Y"
            ],
            [
                "education",
                "relationship",
                "Y"
            ],
            [
                "education",
                "relationship",
                "Y"
            ]
        ],
        [
            [
                "marital",
                "Y"
            ],
            [
                "marital",
                "Y"
            ],
            [
                "marital",
                "Y"
            ],
            [
                "marital",
                "Y"
            ],
            [
                "marital",
                "Y"
            ]
        ],
        [
            [
                "marital",
                "Y"
            ],
            [
                "marital",
                "Y"
            ],
            [
                "marital",
                "Y"
            ],
            [
                "marital",
                "Y"
            ],
            [
                "marital",
                "Y"
            ]
        ]
    ],