{
    "AUC": {
        "means": [
            0.8531115483441187,
            0.5973542158355538,
            0.3674161115340692,
            0.3624282641796726,
            0.3624282641796726,
            0.3624282641796726
        ],
        "stds": [
            0.0002651718014760146,
            0.012280098361017493,
            0.01273108214757704,
            0.008302303088305886,
            0.008302303088305886,
            0.008302303088305886
        ],
        "medians": [
            0.8532241625428245
        ],
        "q1": [
            0.8529061072516179
        ],
        "q3": [
            0.8533434169204417
        ],
        "budgets": [
            0,
            3016,
            6032,
            9048,
            12064,
            15081
        ],
        "values": [
            [
                0.8533434169204417,
                0.8529061072516179,
                0.8532241625428245,
                0.853383541111534,
                0.8527005138941759
            ]
        ]
    },
    "SPD": {
        "means": [
            0.2018975447247465,
            0.09317763659469387,
            0.015199213531371759,
            0.010208084853046938,
            0.010208084853046938,
            0.010208084853046938
        ],
        "stds": [
            0.0022468335407735303,
            0.0019536853414521605,
            0.0029093126912375753,
            0.0060920440562498976,
            0.0060920440562498976,
            0.0060920440562498976
        ],
        "medians": [
            0.20225708745395465
        ],
        "q1": [
            0.2002087931466069
        ],
        "q3": [
            0.20344614203771225
        ],
        "budgets": [
            0,
            3016,
            6032,
            9048,
            12064,
            15081
        ],
        "values": [
            [
                0.20225708745395465,
                0.19863841144377728,
                0.2049372895416815,
                0.20344614203771225,
                0.2002087931466069
            ]
        ]
    },
    "EO": {
        "means": [
            0.1601295746553711,
            0.06269244983723199,
            0.013284772350399937,
            0.010863044661671572,
            0.010863044661671572,
            0.010863044661671572
        ],
        "stds": [
            0.004291966030926128,
            0.006011340145199047,
            0.010939470881926256,
            0.004024148131985532,
            0.004024148131985532,
            0.004024148131985532
        ],
        "medians": [
            0.1607750488246944
        ],
        "q1": [
            0.15791154262043094
        ],
        "q3": [
            0.16297937167373738
        ],
        "budgets": [
            0,
            3016,
            6032,
            9048,
            12064,
            15081
        ],
        "values": [
            [
                0.16297937167373738,
                0.15325270427972226,
                0.1607750488246944,
                0.1657292058782704,
                0.15791154262043094
            ]
        ]
    },
    "ACC": {
        "means": [
            0.8145418326693227,
            0.7748472775564409,
            0.7551925630810092,
            0.7531474103585657,
            0.7531474103585657,
            0.7531474103585657
        ],
        "stds": [
            0.00037326611746493245,
            0.002866311673084445,
            0.0001942727601371739,
            0.0020151819937741173,
            0.0020151819937741173,
            0.0020151819937741173
        ],
        "medians": [
            0.8143426294820717
        ],
        "q1": [
            0.8143426294820717
        ],
        "q3": [
            0.8146746347941567
        ],
        "budgets": [
            0,
            3016,
            6032,
            9048,
            12064,
            15081
        ],
        "values": [
            [
                0.8146746347941567,
                0.8143426294820717,
                0.8152058432934927,
                0.8143426294820717,
                0.8141434262948207
            ]
        ]
    },
    "F1": {
        "means": [
            0.5963280834297874,
            0.3496811919335357,
            0.09374523848819163,
            0.05740816970033681,
            0.05740816970033681,
            0.05740816970033681
        ],
        "stds": [
            0.001057950404269566,
            0.009555104582471453,
            0.011066750971906522,
            0.020449767434361135,
            0.020449767434361135,
            0.020449767434361135
        ],
        "medians": [
            0.5959537572254335
        ],
        "q1": [
            0.595928973581637
        ],
        "q3": [
            0.5961510635219216
        ],
        "budgets": [
            0,
            3016,
            6032,
            9048,
            12064,
            15081
        ],
        "values": [
            [
                0.5961510635219216,
                0.5952518818760857,
                0.5983547409438591,
                0.5959537572254335,
                0.595928973581637
            ]
        ]
    },