{
    "AUC": {
        "means": [
            0.8393097283022459,
            0.5747843880852683,
            0.36457210458698136,
            0.33788543014845834,
            0.33788543014845834,
            0.33788543014845834
        ],
        "stds": [
            0.00038644154420501553,
            0.000589556770774976,
            0.016906692609379673,
            0.009156548393022157,
            0.009156548393022157,
            0.009156548393022157
        ],
        "medians": [
            0.8393994456604492
        ],
        "q1": [
            0.8391815164636468
        ],
        "q3": [
            0.839625808907499
        ],
        "budgets": [
            0,
            3016,
            6032,
            9048,
            12064,
            15081
        ],
        "values": [
            [
                0.8391815164636468,
                0.8393994456604492,
                0.8397111962314426,
                0.839625808907499,
                0.8386306742481919
            ]
        ]
    },
    "SPD": {
        "means": [
            0.2033658366727205,
            0.09437978588351878,
            0.019397891900922913,
            0.010301091761005332,
            0.010301091761005332,
            0.010301091761005332
        ],
        "stds": [
            0.00011957470886303625,
            0.0011177452660485084,
            0.00353505361661179,
            0.004532305319500778,
            0.004532305319500778,
            0.004532305319500778
        ],
        "medians": [
            0.20338425912543778
        ],
        "q1": [
            0.20328570782948824
        ],
        "q3": [
            0.2034892494537504
        ],
        "budgets": [
            0,
            3016,
            6032,
            9048,
            12064,
            15081
        ],
        "values": [
            [
                0.2034892494537504,
                0.2034892494537504,
                0.20338425912543778,
                0.20328570782948824,
                0.2031807175011756
            ]
        ]
    },
    "EO": {
        "means": [
            0.18255517518911535,
            0.06849646217321444,
            0.00424459244018367,
            0.0073360138599869226,
            0.0073360138599869226,
            0.0073360138599869226
        ],
        "stds": [
            0.0006697876798830904,
            0.003503936323811163,
            0.004017642733307367,
            0.0015848742072653481,
            0.0015848742072653481,
            0.0015848742072653481
        ],
        "medians": [
            0.18238700917544387
        ],
        "q1": [
            0.18206884181941463
        ],
        "q3": [
            0.18238700917544387
        ],
        "budgets": [
            0,
            3016,
            6032,
            9048,
            12064,
            15081
        ],
        "values": [
            [
                0.18386417395585986,
                0.18238700917544387,
                0.18206884181941463,
                0.18238700917544387,
                0.18206884181941463
            ]
        ]
    },
    "ACC": {
        "means": [
            0.8140903054448871,
            0.7749933598937584,
            0.7557104913678618,
            0.7523904382470119,
            0.7523904382470119,
            0.7523904382470119
        ],
        "stds": [
            0.00012875643711597007,
            0.002810138148992648,
            0.0020293103306688043,
            0.0018165272516082547,
            0.0018165272516082547,
            0.0018165272516082547
        ],
        "medians": [
            0.8140106241699867
        ],
        "q1": [
            0.8140106241699867
        ],
        "q3": [
            0.8142098273572377
        ],
        "budgets": [
            0,
            3016,
            6032,
            9048,
            12064,
            15081
        ],
        "values": [
            [
                0.8140106241699867,
                0.8142762284196547,
                0.8140106241699867,
                0.8142098273572377,
                0.8139442231075698
            ]
        ]
    },
    "F1": {
        "means": [
            0.591520546383502,
            0.34341759448574105,
            0.10661558294422654,
            0.05311011256467413,
            0.05311011256467413,
            0.05311011256467413
        ],
        "stds": [
            0.00024460315865006393,
            0.00851268348589052,
            0.025432722009672587,
            0.020579673142700032,
            0.020579673142700032,
            0.020579673142700032
        ],
        "medians": [
            0.5913931436907367
        ],
        "q1": [
            0.5913068844807468
        ],
        "q3": [
            0.5917712284797199
        ],
        "budgets": [
            0,
            3016,
            6032,
            9048,
            12064,
            15081
        ],
        "values": [
            [
                0.5912738946446812,
                0.5918575806216256,
                0.5913931436907367,
                0.5917712284797199,
                0.5913068844807468
            ]
        ]
    },