{
    "AUC": {
        "means": [
            0.853953749524172,
            0.7833046250475828,
            0.7453766653977922,
            0.596894318614389,
            0.596894318614389,
            0.31670065664255803
        ],
        "stds": [
            1.1102230246251565e-16,
            0.0,
            0.0,
            0.0,
            0.0,
            0.0
        ],
        "medians": [
            0.8539537495241721
        ],
        "q1": [
            0.8539537495241721
        ],
        "q3": [
            0.8539537495241721
        ],
        "budgets": [
            0,
            3016,
            6032,
            9048,
            12064,
            15081
        ],
        "values": [
            [
                0.8539537495241721,
                0.8539537495241721,
                0.8539537495241721,
                0.8539537495241721,
                0.8539537495241721
            ]
        ]
    },
    "SPD": {
        "means": [
            0.23049840256834347,
            0.17117946885043875,
            0.11309223576864025,
            0.773819760973089,
            0.773819760973089,
            0.27145724790421033
        ],
        "stds": [
            0.0,
            0.0,
            0.0,
            0.0,
            0.0,
            0.0
        ],
        "medians": [
            0.23049840256834347
        ],
        "q1": [
            0.23049840256834347
        ],
        "q3": [
            0.23049840256834347
        ],
        "budgets": [
            0,
            3016,
            6032,
            9048,
            12064,
            15081
        ],
        "values": [
            [
                0.23049840256834347,
                0.23049840256834347,
                0.23049840256834347,
                0.23049840256834347,
                0.23049840256834347
            ]
        ]
    },
    "EO": {
        "means": [
            0.3168090041932973,
            0.21915333210331472,
            0.2157700192671183,
            0.5555202036271079,
            0.5555202036271079,
            0.10361574065876067
        ],
        "stds": [
            0.0,
            0.0,
            0.0,
            0.0,
            0.0,
            0.0
        ],
        "medians": [
            0.3168090041932973
        ],
        "q1": [
            0.3168090041932973
        ],
        "q3": [
            0.3168090041932973
        ],
        "budgets": [
            0,
            3016,
            6032,
            9048,
            12064,
            15081
        ],
        "values": [
            [
                0.3168090041932973,
                0.3168090041932973,
                0.3168090041932973,
                0.3168090041932973,
                0.3168090041932973
            ]
        ]
    },
    "ACC": {
        "means": [
            0.803253652058433,
            0.7869189907038513,
            0.7053120849933598,
            0.547808764940239,
            0.547808764940239,
            0.35179282868525896
        ],
        "stds": [
            1.1102230246251565e-16,
            0.0,
            0.0,
            0.0,
            0.0,
            0.0
        ],
        "medians": [
            0.8032536520584329
        ],
        "q1": [
            0.8032536520584329
        ],
        "q3": [
            0.8032536520584329
        ],
        "budgets": [
            0,
            3016,
            6032,
            9048,
            12064,
            15081
        ],
        "values": [
            [
                0.8032536520584329,
                0.8032536520584329,
                0.8032536520584329,
                0.8032536520584329,
                0.8032536520584329
            ]
        ]
    },
    "F1": {
        "means": [
            0.5547708489857252,
            0.4611251049538203,
            0.45250431778929184,
            0.3646202649748087,
            0.3646202649748087,
            0.31696053736356
        ],
        "stds": [
            0.0,
            0.0,
            5.551115123125783e-17,
            0.0,
            0.0,
            0.0
        ],
        "medians": [
            0.5547708489857252
        ],
        "q1": [
            0.5547708489857252
        ],
        "q3": [
            0.5547708489857252
        ],
        "budgets": [
            0,
            3016,
            6032,
            9048,
            12064,
            15081
        ],
        "values": [
            [
                0.5547708489857252,
                0.5547708489857252,
                0.5547708489857252,
                0.5547708489857252,
                0.5547708489857252
            ]
        ]
    },
    "col_list": [
        [
            [
                "workclass",
                "Y"
            ],
            [
                "workclass",
                "Y"
            ],
            [
                "workclass",
                "Y"
            ],
            [
                "workclass",
                "Y"
            ],
            [
                "workclass",
                "Y"
            ]
        ],
        [
            [
                "workclass",
                "Y"
            ],
            [
                "workclass",
                "Y"
            ],
            [
                "workclass",
                "Y"
            ],
            [
                "workclass",
                "Y"
            ],
            [
                "workclass",
                "Y"
            ]
        ],
        [
            [
                "race",
                "Y"
            ],
            [
                "race",
                "Y"
            ],
            [
                "race",
                "Y"
            ],
            [
                "race",
                "Y"
            ],
            [
                "race",
                "Y"
            ]
        ],
        [
            [
                "gender",
                "Y"
            ],
            [
                "gender",
                "Y"
            ],
            [
                "gender",
                "Y"
            ],
            [
                "gender",
                "Y"
            ],
            [
                "gender",
                "Y"
            ]
        ],
        [
            [
                "gender",
                "Y"
            ],
            [
                "gender",
                "Y"
            ],
            [
                "gender",
                "Y"
            ],
            [
                "gender",
                "Y"
            ],
            [
                "gender",
                "Y"
            ]
        ],
        [
            [
                "marital",
                "Y"
            ],
            [
                "marital",
                "Y"
            ],
            [
                "marital",
                "Y"
            ],
            [
                "marital",
                "Y"
            ],
            [
                "marital",
                "Y"
            ]
        ]
    ],