{
    "AUC": {
        "means": [
            0.8538774862009898,
            0.5,
            0.5,
            0.3015027716977541,
            0.32477776456033497,
            0.3092390202702703
        ],
        "stds": [
            0.0,
            0.0,
            0.0,
            0.029869368648455897,
            0.0,
            0.00041134667275967977
        ],
        "medians": [
            0.8538774862009898
        ],
        "q1": [
            0.8538774862009898
        ],
        "q3": [
            0.8538774862009898
        ],
        "budgets": [
            0,
            3016,
            6032,
            9048,
            12064,
            15081
        ],
        "values": [
            [
                0.8538774862009898,
                0.8538774862009898,
                0.8538774862009898,
                0.8538774862009898,
                0.8538774862009898
            ]
        ]
    },
    "SPD": {
        "means": [
            0.21366544805806104,
            0.0,
            0.0,
            0.14666318811817594,
            0.00024217581844063066,
            0.4038294068842804
        ],
        "stds": [
            2.7755575615628914e-17,
            0.0,
            0.0,
            0.17848728495630756,
            0.0,
            0.0008768440411562093
        ],
        "medians": [
            0.21366544805806106
        ],
        "q1": [
            0.21366544805806106
        ],
        "q3": [
            0.21366544805806106
        ],
        "budgets": [
            0,
            3016,
            6032,
            9048,
            12064,
            15081
        ],
        "values": [
            [
                0.21366544805806106,
                0.21366544805806106,
                0.21366544805806106,
                0.21366544805806106,
                0.21366544805806106
            ]
        ]
    },
    "EO": {
        "means": [
            0.29908245561222646,
            0.0,
            0.0,
            0.06572457902803015,
            0.009703818750853254,
            0.438751184559344
        ],
        "stds": [
            0.0,
            0.0,
            0.0,
            0.0716049221361483,
            0.0,
            0.015619694499123897
        ],
        "medians": [
            0.29908245561222646
        ],
        "q1": [
            0.29908245561222646
        ],
        "q3": [
            0.29908245561222646
        ],
        "budgets": [
            0,
            3016,
            6032,
            9048,
            12064,
            15081
        ],
        "values": [
            [
                0.29908245561222646,
                0.29908245561222646,
                0.29908245561222646,
                0.29908245561222646,
                0.29908245561222646
            ]
        ]
    },
    "ACC": {
        "means": [
            0.8060424966799469,
            0.7543160690571049,
            0.7543160690571049,
            0.5682470119521913,
            0.7551792828685259,
            0.33681274900398406
        ],
        "stds": [
            0.0,
            0.0,
            0.0,
            0.22859265816312677,
            0.0,
            0.0004554164196409569
        ],
        "medians": [
            0.8060424966799469
        ],
        "q1": [
            0.8060424966799469
        ],
        "q3": [
            0.8060424966799469
        ],
        "budgets": [
            0,
            3016,
            6032,
            9048,
            12064,
            15081
        ],
        "values": [
            [
                0.8060424966799469,
                0.8060424966799469,
                0.8060424966799469,
                0.8060424966799469,
                0.8060424966799469
            ]
        ]
    },
    "F1": {
        "means": [
            0.5488803088803089,
            0.0,
            0.0,
            0.0784826077638551,
            0.00860446356547459,
            0.2693483011710375
        ],
        "stds": [
            0.0,
            0.0,
            0.0,
            0.08389446111354992,
            0.0,
            0.006387843426617272
        ],
        "medians": [
            0.5488803088803089
        ],
        "q1": [
            0.5488803088803089
        ],
        "q3": [
            0.5488803088803089
        ],
        "budgets": [
            0,
            3016,
            6032,
            9048,
            12064,
            15081
        ],
        "values": [
            [
                0.5488803088803089,
                0.5488803088803089,
                0.5488803088803089,
                0.5488803088803089,
                0.5488803088803089
            ]
        ]
    },
    "col_list": [
        [
            [
                "workclass",
                "Y"
            ],
            [
                "workclass",
                "Y"
            ],
            [
                "workclass",
                "Y"
            ],
            [
                "workclass",
                "Y"
            ],
            [
                "workclass",
                "Y"
            ]
        ],
        [
            [
                "relationship",
                "workclass",
                "Y"
            ],
            [
                "relationship",
                "workclass",
                "Y"
            ],
            [
                "relationship",
                "workclass",
                "Y"
            ],
            [
                "relationship",
                "workclass",
                "Y"
            ],
            [
                "relationship",
                "workclass",
                "Y"
            ]
        ],
        [
            [
                "hours",
                "Y"
            ],
            [
                "hours",
                "Y"
            ],
            [
                "hours",
                "Y"
            ],
            [
                "hours",
                "Y"
            ],
            [
                "hours",
                "Y"
            ]
        ],
        [
            [
                "education",
                "relationship",
                "Y"
            ],
            [
                "education",
                "relationship",
                "Y"
            ],
            [
                "education",
                "relationship",
                "Y"
            ],
            [
                "education",
                "relationship",
                "Y"
            ],
            [
                "education",
                "relationship",
                "Y"
            ]
        ],
        [
            [
                "marital",
                "Y"
            ],
            [
                "marital",
                "Y"
            ],
            [
                "marital",
                "Y"
            ],
            [
                "marital",
                "Y"
            ],
            [
                "marital",
                "Y"
            ]
        ],
        [
            [
                "marital",
                "Y"
            ],
            [
                "marital",
                "Y"
            ],
            [
                "marital",
                "Y"
            ],
            [
                "marital",
                "Y"
            ],
            [
                "marital",
                "Y"
            ]
        ]
    ],