{
    "AUC": {
        "means": [
            0.8539232489531786,
            0.7981744623144271,
            0.7559791230491055,
            0.6748017819756376,
            0.6748017819756376,
            0.6748017819756376
        ],
        "stds": [
            0.0,
            0.0,
            0.0,
            0.0,
            0.0,
            0.0
        ],
        "medians": [
            0.8539232489531786
        ],
        "q1": [
            0.8539232489531786
        ],
        "q3": [
            0.8539232489531786
        ],
        "budgets": [
            0,
            3016,
            6032,
            9048,
            12064,
            15081
        ],
        "values": [
            [
                0.8539232489531786,
                0.8539232489531786,
                0.8539232489531786,
                0.8539232489531786,
                0.8539232489531786
            ]
        ]
    },
    "SPD": {
        "means": [
            0.23049840256834347,
            0.174136007728925,
            0.11520295458911542,
            0.49281641690877065,
            0.49281641690877065,
            0.49281641690877065
        ],
        "stds": [
            0.0,
            0.0,
            0.0,
            0.0,
            0.0,
            0.0
        ],
        "medians": [
            0.23049840256834347
        ],
        "q1": [
            0.23049840256834347
        ],
        "q3": [
            0.23049840256834347
        ],
        "budgets": [
            0,
            3016,
            6032,
            9048,
            12064,
            15081
        ],
        "values": [
            [
                0.23049840256834347,
                0.23049840256834347,
                0.23049840256834347,
                0.23049840256834347,
                0.23049840256834347
            ]
        ]
    },
    "EO": {
        "means": [
            0.3168090041932973,
            0.2271075160040465,
            0.2100430068585914,
            0.5481572283681899,
            0.5481572283681899,
            0.5481572283681899
        ],
        "stds": [
            0.0,
            0.0,
            0.0,
            0.0,
            0.0,
            0.0
        ],
        "medians": [
            0.3168090041932973
        ],
        "q1": [
            0.3168090041932973
        ],
        "q3": [
            0.3168090041932973
        ],
        "budgets": [
            0,
            3016,
            6032,
            9048,
            12064,
            15081
        ],
        "values": [
            [
                0.3168090041932973,
                0.3168090041932973,
                0.3168090041932973,
                0.3168090041932973,
                0.3168090041932973
            ]
        ]
    },
    "ACC": {
        "means": [
            0.803253652058433,
            0.7882470119521913,
            0.7090305444887118,
            0.6390438247011953,
            0.6390438247011953,
            0.6390438247011953
        ],
        "stds": [
            1.1102230246251565e-16,
            0.0,
            0.0,
            0.0,
            0.0,
            0.0
        ],
        "medians": [
            0.8032536520584329
        ],
        "q1": [
            0.8032536520584329
        ],
        "q3": [
            0.8032536520584329
        ],
        "budgets": [
            0,
            3016,
            6032,
            9048,
            12064,
            15081
        ],
        "values": [
            [
                0.8032536520584329,
                0.8032536520584329,
                0.8032536520584329,
                0.8032536520584329,
                0.8032536520584329
            ]
        ]
    },
    "F1": {
        "means": [
            0.5547708489857252,
            0.4671679197994988,
            0.45320688794609437,
            0.4144765187419216,
            0.4144765187419216,
            0.4144765187419216
        ],
        "stds": [
            0.0,
            0.0,
            0.0,
            5.551115123125783e-17,
            5.551115123125783e-17,
            5.551115123125783e-17
        ],
        "medians": [
            0.5547708489857252
        ],
        "q1": [
            0.5547708489857252
        ],
        "q3": [
            0.5547708489857252
        ],
        "budgets": [
            0,
            3016,
            6032,
            9048,
            12064,
            15081
        ],
        "values": [
            [
                0.5547708489857252,
                0.5547708489857252,
                0.5547708489857252,
                0.5547708489857252,
                0.5547708489857252
            ]
        ]
    },
    "col_list": [
        [
            [
                "workclass",
                "Y"
            ],
            [
                "workclass",
                "Y"
            ],
            [
                "workclass",
                "Y"
            ],
            [
                "workclass",
                "Y"
            ],
            [
                "workclass",
                "Y"
            ]
        ],
        [
            [
                "workclass",
                "Y"
            ],
            [
                "workclass",
                "Y"
            ],
            [
                "workclass",
                "Y"
            ],
            [
                "workclass",
                "Y"
            ],
            [
                "workclass",
                "Y"
            ]
        ],
        [
            [
                "race",
                "Y"
            ],
            [
                "race",
                "Y"
            ],
            [
                "race",
                "Y"
            ],
            [
                "race",
                "Y"
            ],
            [
                "race",
                "Y"
            ]
        ],
        [
            [
                "gender",
                "Y"
            ],
            [
                "gender",
                "Y"
            ],
            [
                "gender",
                "Y"
            ],
            [
                "gender",
                "Y"
            ],
            [
                "gender",
                "Y"
            ]
        ],
        [
            [
                "gender",
                "Y"
            ],
            [
                "gender",
                "Y"
            ],
            [
                "gender",
                "Y"
            ],
            [
                "gender",
                "Y"
            ],
            [
                "gender",
                "Y"
            ]
        ],
        [
            [
                "gender",
                "Y"
            ],
            [
                "gender",
                "Y"
            ],
            [
                "gender",
                "Y"
            ],
            [
                "gender",
                "Y"
            ],
            [
                "gender",
                "Y"
            ]
        ]
    ],