{
    "AUC": {
        "means": [
            0.8597392082223069,
            0.7928640511990863,
            0.6945833127141225,
            0.297833084316711,
            0.3217426579748762,
            0.3217426579748762
        ],
        "stds": [
            0.00012088026561581502,
            0.023368672332844963,
            0.11782807816651211,
            0.05042214236979298,
            0.0036038660638631763,
            0.0036038660638631763
        ],
        "medians": [
            0.8598124286258089
        ],
        "q1": [
            0.8596610677578989
        ],
        "q3": [
            0.8598358631518843
        ],
        "budgets": [
            0,
            3016,
            6032,
            9048,
            12064,
            15081
        ],
        "values": [
            [
                0.8596610677578989,
                0.8595383517320137,
                0.8598124286258089,
                0.8598358631518843,
                0.8598483298439284
            ]
        ]
    },
    "SPD": {
        "means": [
            0.21408351176239707,
            0.11496159317788332,
            0.0919106757371303,
            0.0014289396311830582,
            0.0023425520685531878,
            0.0023425520685531878
        ],
        "stds": [
            0.027439284905029428,
            0.012365390033589548,
            0.027729234744844955,
            0.00108917022412625,
            0.0005307999207749327,
            0.0005307999207749327
        ],
        "medians": [
            0.19665023483110908
        ],
        "q1": [
            0.19647244933629923
        ],
        "q3": [
            0.23699187584679043
        ],
        "budgets": [
            0,
            3016,
            6032,
            9048,
            12064,
            15081
        ],
        "values": [
            [
                0.19647244933629923,
                0.19665023483110908,
                0.23699187584679043,
                0.18442987413336592,
                0.2558731246644206
            ]
        ]
    },
    "EO": {
        "means": [
            0.27286637942114106,
            0.15001036757183472,
            0.08847828607757915,
            0.0033861689165915997,
            0.006222370992276587,
            0.006222370992276587
        ],
        "stds": [
            0.042523964502747535,
            0.025644950879546817,
            0.06290282811284241,
            0.0030568783535527984,
            0.002990406364579133,
            0.002990406364579133
        ],
        "medians": [
            0.24865378650570563
        ],
        "q1": [
            0.24610844765747147
        ],
        "q3": [
            0.3051287778089408
        ],
        "budgets": [
            0,
            3016,
            6032,
            9048,
            12064,
            15081
        ],
        "values": [
            [
                0.24610844765747147,
                0.24865378650570563,
                0.3051287778089408,
                0.2251094021595395,
                0.33933148297404797
            ]
        ]
    },
    "ACC": {
        "means": [
            0.8122177954847277,
            0.7904116865869855,
            0.7822841965471448,
            0.754249667994688,
            0.7542762284196547,
            0.7542762284196547
        ],
        "stds": [
            0.0010355159994485097,
            0.0027107903350895,
            0.008679347867256852,
            5.939091573705608e-05,
            6.771606259749888e-05,
            6.771606259749888e-05
        ],
        "medians": [
            0.8126162018592298
        ],
        "q1": [
            0.8113545816733068
        ],
        "q3": [
            0.8129482071713148
        ],
        "budgets": [
            0,
            3016,
            6032,
            9048,
            12064,
            15081
        ],
        "values": [
            [
                0.8126162018592298,
                0.8129482071713148,
                0.8134794156706507,
                0.8113545816733068,
                0.8106905710491368
            ]
        ]
    },
    "F1": {
        "means": [
            0.0,
            0.0,
            0.0,
            0.019106830858072084,
            0.003688771789879683,
            0.003688771789879683
        ],
        "stds": [
            0.0,
            0.0,
            0.0,
            0.032739568720707574,
            0.004754384447613159,
            0.004754384447613159
        ],
        "medians": [
            0.0
        ],
        "q1": [
            0.0
        ],
        "q3": [
            0.0
        ],
        "budgets": [
            0,
            3016,
            6032,
            9048,
            12064,
            15081
        ],
        "values": [
            [
                0.0,
                0.0,
                0.0,
                0.0,
                0.0
            ]
        ]
    },
    "col_list": [
        [
            [
                "workclass",
                "Y"
            ],
            [
                "workclass",
                "Y"
            ],
            [
                "workclass",
                "Y"
            ],
            [
                "workclass",
                "Y"
            ],
            [
                "workclass",
                "Y"
            ]
        ],
        [
            [
                "marital",
                "workclass",
                "Y"
            ],
            [
                "marital",
                "workclass",
                "Y"
            ],
            [
                "marital",
                "workclass",
                "Y"
            ],
            [
                "marital",
                "workclass",
                "Y"
            ],
            [
                "marital",
                "workclass",
                "Y"
            ]
        ],
        [
            [
                "education",
                "hours",
                "workclass",
                "Y"
            ],
            [
                "education",
                "hours",
                "workclass",
                "Y"
            ],
            [
                "education",
                "hours",
                "workclass",
                "Y"
            ],
            [
                "education",
                "hours",
                "workclass",
                "Y"
            ],
            [
                "education",
                "hours",
                "workclass",
                "Y"
            ]
        ],
        [
            [
                "education",
                "marital",
                "Y"
            ],
            [
                "education",
                "marital",
                "Y"
            ],
            [
                "education",
                "marital",
                "Y"
            ],
            [
                "education",
                "marital",
                "Y"
            ],
            [
                "education",
                "marital",
                "Y"
            ]
        ],
        [
            [
                "marital",
                "Y"
            ],
            [
                "marital",
                "Y"
            ],
            [
                "marital",
                "Y"
            ],
            [
                "marital",
                "Y"
            ],
            [
                "marital",
                "Y"
            ]
        ],
        [
            [
                "marital",
                "Y"
            ],
            [
                "marital",
                "Y"
            ],
            [
                "marital",
                "Y"
            ],
            [
                "marital",
                "Y"
            ],
            [
                "marital",
                "Y"
            ]
        ]
    ],