{
    "AUC": {
        "means": [
            0.8539232489531786,
            0.7832682242101257,
            0.7184966644461361,
            0.641539527027027,
            0.6234688332698897,
            0.3911647078416444
        ],
        "stds": [
            0.0,
            0.0,
            0.0002791133731186248,
            0.08122308717167871,
            0.072594193900963,
            0.14578851827179293
        ],
        "medians": [
            0.8539232489531786
        ],
        "q1": [
            0.8539232489531786
        ],
        "q3": [
            0.8539232489531786
        ],
        "budgets": [
            0,
            3016,
            6032,
            9048,
            12064,
            15081
        ],
        "values": [
            [
                0.8539232489531786,
                0.8539232489531786,
                0.8539232489531786,
                0.8539232489531786,
                0.8539232489531786
            ]
        ]
    },
    "SPD": {
        "means": [
            0.23049840256834347,
            0.17117946885043875,
            0.01815949547353075,
            0.6317749156602102,
            0.017827197273156056,
            0.21935095316033223
        ],
        "stds": [
            0.0,
            0.0,
            0.002893184220989273,
            0.28340823639697743,
            0.007455336291023892,
            0.1038055062392318
        ],
        "medians": [
            0.23049840256834347
        ],
        "q1": [
            0.23049840256834347
        ],
        "q3": [
            0.23049840256834347
        ],
        "budgets": [
            0,
            3016,
            6032,
            9048,
            12064,
            15081
        ],
        "values": [
            [
                0.23049840256834347,
                0.23049840256834347,
                0.23049840256834347,
                0.23049840256834347,
                0.23049840256834347
            ]
        ]
    },
    "EO": {
        "means": [
            0.3168090041932973,
            0.21915333210331472,
            0.016196146462087536,
            0.5297912605082338,
            0.079609470991077,
            0.08707435119849702
        ],
        "stds": [
            0.0,
            0.0,
            0.008017817371937642,
            0.05654856393421646,
            0.07189335387900488,
            0.03308277892052728
        ],
        "medians": [
            0.3168090041932973
        ],
        "q1": [
            0.3168090041932973
        ],
        "q3": [
            0.3168090041932973
        ],
        "budgets": [
            0,
            3016,
            6032,
            9048,
            12064,
            15081
        ],
        "values": [
            [
                0.3168090041932973,
                0.3168090041932973,
                0.3168090041932973,
                0.3168090041932973,
                0.3168090041932973
            ]
        ]
    },
    "ACC": {
        "means": [
            0.803253652058433,
            0.7869189907038513,
            0.7412881806108899,
            0.5939707835325365,
            0.6641434262948207,
            0.43354581673306775
        ],
        "stds": [
            1.1102230246251565e-16,
            0.0,
            0.0012225010860945538,
            0.09205843293492695,
            0.11775767422144895,
            0.16337317397078355
        ],
        "medians": [
            0.8032536520584329
        ],
        "q1": [
            0.8032536520584329
        ],
        "q3": [
            0.8032536520584329
        ],
        "budgets": [
            0,
            3016,
            6032,
            9048,
            12064,
            15081
        ],
        "values": [
            [
                0.8032536520584329,
                0.8032536520584329,
                0.8032536520584329,
                0.8032536520584329,
                0.8032536520584329
            ]
        ]
    },
    "F1": {
        "means": [
            0.5547708489857252,
            0.4611251049538203,
            0.1269245238825183,
            0.36596259584421575,
            0.19444629279494938,
            0.270986274279326
        ],
        "stds": [
            0.0,
            0.0,
            0.010495695220382732,
            0.0044485561744128654,
            0.13159367655400617,
            0.09199288423121584
        ],
        "medians": [
            0.5547708489857252
        ],
        "q1": [
            0.5547708489857252
        ],
        "q3": [
            0.5547708489857252
        ],
        "budgets": [
            0,
            3016,
            6032,
            9048,
            12064,
            15081
        ],
        "values": [
            [
                0.5547708489857252,
                0.5547708489857252,
                0.5547708489857252,
                0.5547708489857252,
                0.5547708489857252
            ]
        ]
    },
    "col_list": [
        [
            [
                "Y"
            ],
            [
                "Y"
            ],
            [
                "Y"
            ],
            [
                "Y"
            ],
            [
                "Y"
            ]
        ],
        [
            [
                "workclass",
                "Y"
            ],
            [
                "workclass",
                "Y"
            ],
            [
                "workclass",
                "Y"
            ],
            [
                "workclass",
                "Y"
            ],
            [
                "workclass",
                "Y"
            ]
        ],
        [
            [
                "relationship",
                "age",
                "education",
                "Y"
            ],
            [
                "relationship",
                "age",
                "education",
                "Y"
            ],
            [
                "relationship",
                "age",
                "education",
                "Y"
            ],
            [
                "relationship",
                "age",
                "education",
                "Y"
            ],
            [
                "relationship",
                "age",
                "education",
                "Y"
            ]
        ],
        [
            [
                "gender",
                "Y"
            ],
            [
                "gender",
                "Y"
            ],
            [
                "gender",
                "Y"
            ],
            [
                "gender",
                "Y"
            ],
            [
                "gender",
                "Y"
            ]
        ],
        [
            [
                "marital",
                "Y"
            ],
            [
                "marital",
                "Y"
            ],
            [
                "marital",
                "Y"
            ],
            [
                "marital",
                "Y"
            ],
            [
                "marital",
                "Y"
            ]
        ],
        [
            [
                "marital",
                "Y"
            ],
            [
                "marital",
                "Y"
            ],
            [
                "marital",
                "Y"
            ],
            [
                "marital",
                "Y"
            ],
            [
                "marital",
                "Y"
            ]
        ]
    ],