{
    "AUC": {
        "means": [
            0.8539232489531786,
            0.7870024980966882,
            0.7528664945755614,
            0.6190832460982109,
            0.6190832460982109,
            0.5308144033117624
        ],
        "stds": [
            0.0,
            0.0,
            0.0,
            0.0,
            0.0,
            0.0
        ],
        "medians": [
            0.8539232489531786
        ],
        "q1": [
            0.8539232489531786
        ],
        "q3": [
            0.8539232489531786
        ],
        "budgets": [
            0,
            3016,
            6032,
            9048,
            12064,
            15081
        ],
        "values": [
            [
                0.8539232489531786,
                0.8539232489531786,
                0.8539232489531786,
                0.8539232489531786,
                0.8539232489531786
            ]
        ]
    },
    "SPD": {
        "means": [
            0.23049840256834347,
            0.17017660460435746,
            0.11253759637661809,
            0.7271849386981051,
            0.7271849386981051,
            0.014499477264910021
        ],
        "stds": [
            0.0,
            0.0,
            0.0,
            0.0,
            0.0,
            0.0
        ],
        "medians": [
            0.23049840256834347
        ],
        "q1": [
            0.23049840256834347
        ],
        "q3": [
            0.23049840256834347
        ],
        "budgets": [
            0,
            3016,
            6032,
            9048,
            12064,
            15081
        ],
        "values": [
            [
                0.23049840256834347,
                0.23049840256834347,
                0.23049840256834347,
                0.23049840256834347,
                0.23049840256834347
            ]
        ]
    },
    "EO": {
        "means": [
            0.3168090041932973,
            0.20397269358655726,
            0.2103611742146207,
            0.5644288895959275,
            0.5644288895959275,
            0.12432232352422039
        ],
        "stds": [
            0.0,
            2.7755575615628914e-17,
            0.0,
            0.0,
            0.0,
            1.3877787807814457e-17
        ],
        "medians": [
            0.3168090041932973
        ],
        "q1": [
            0.3168090041932973
        ],
        "q3": [
            0.3168090041932973
        ],
        "budgets": [
            0,
            3016,
            6032,
            9048,
            12064,
            15081
        ],
        "values": [
            [
                0.3168090041932973,
                0.3168090041932973,
                0.3168090041932973,
                0.3168090041932973,
                0.3168090041932973
            ]
        ]
    },
    "ACC": {
        "means": [
            0.803253652058433,
            0.7881806108897742,
            0.7077025232403719,
            0.5631474103585657,
            0.5631474103585657,
            0.5194555112881806
        ],
        "stds": [
            1.1102230246251565e-16,
            0.0,
            0.0,
            0.0,
            0.0,
            0.0
        ],
        "medians": [
            0.8032536520584329
        ],
        "q1": [
            0.8032536520584329
        ],
        "q3": [
            0.8032536520584329
        ],
        "budgets": [
            0,
            3016,
            6032,
            9048,
            12064,
            15081
        ],
        "values": [
            [
                0.8032536520584329,
                0.8032536520584329,
                0.8032536520584329,
                0.8032536520584329,
                0.8032536520584329
            ]
        ]
    },
    "F1": {
        "means": [
            0.5547708489857252,
            0.4683333333333334,
            0.4522150323544051,
            0.369283865401208,
            0.369283865401208,
            0.3542428839118408
        ],
        "stds": [
            0.0,
            0.0,
            5.551115123125783e-17,
            0.0,
            0.0,
            0.0
        ],
        "medians": [
            0.5547708489857252
        ],
        "q1": [
            0.5547708489857252
        ],
        "q3": [
            0.5547708489857252
        ],
        "budgets": [
            0,
            3016,
            6032,
            9048,
            12064,
            15081
        ],
        "values": [
            [
                0.5547708489857252,
                0.5547708489857252,
                0.5547708489857252,
                0.5547708489857252,
                0.5547708489857252
            ]
        ]
    },
    "col_list": [
        [
            [
                "workclass",
                "Y"
            ],
            [
                "workclass",
                "Y"
            ],
            [
                "workclass",
                "Y"
            ],
            [
                "workclass",
                "Y"
            ],
            [
                "workclass",
                "Y"
            ]
        ],
        [
            [
                "workclass",
                "Y"
            ],
            [
                "workclass",
                "Y"
            ],
            [
                "workclass",
                "Y"
            ],
            [
                "workclass",
                "Y"
            ],
            [
                "workclass",
                "Y"
            ]
        ],
        [
            [
                "race",
                "Y"
            ],
            [
                "race",
                "Y"
            ],
            [
                "race",
                "Y"
            ],
            [
                "race",
                "Y"
            ],
            [
                "race",
                "Y"
            ]
        ],
        [
            [
                "gender",
                "Y"
            ],
            [
                "gender",
                "Y"
            ],
            [
                "gender",
                "Y"
            ],
            [
                "gender",
                "Y"
            ],
            [
                "gender",
                "Y"
            ]
        ],
        [
            [
                "gender",
                "Y"
            ],
            [
                "gender",
                "Y"
            ],
            [
                "gender",
                "Y"
            ],
            [
                "gender",
                "Y"
            ],
            [
                "gender",
                "Y"
            ]
        ],
        [
            [
                "marital",
                "Y"
            ],
            [
                "marital",
                "Y"
            ],
            [
                "marital",
                "Y"
            ],
            [
                "marital",
                "Y"
            ],
            [
                "marital",
                "Y"
            ]
        ]
    ],