{
    "AUC": {
        "means": [
            0.859733284164446,
            0.855913013894176,
            0.8460491006851922,
            0.8318630376855729,
            0.7951959364293872,
            0.7740171535972593
        ],
        "stds": [
            0.0001470472577286038,
            0.0004302384007649772,
            0.004461199632649609,
            0.00853355190192498,
            0.025101130975045675,
            0.027608012036732087
        ],
        "medians": [
            0.8597015845070423,
            0.8558895841263798,
            0.8479823467834031,
            0.8335456556909022,
            0.7989803958888466,
            0.786991482679863
        ],
        "q1": [
            0.8596576417967263,
            0.8556601636848116,
            0.8426506471259992,
            0.8283823991244765,
            0.7885666397030834,
            0.7477513323182337
        ],
        "q3": [
            0.8597220451084888,
            0.8559253901789113,
            0.8501292110772746,
            0.8399242006090598,
            0.8177567329653598,
            0.7986978730491054
        ],
        "budgets": [
            0,
            602,
            1206,
            1808,
            2412,
            3016
        ],
        "values": [
            [
                0.8600096355157976,
                0.8596576417967263,
                0.8597220451084888,
                0.8597015845070423,
                0.8595755138941759
            ],
            [
                0.8554022887323944,
                0.8559253901789113,
                0.8566876427483822,
                0.8558895841263798,
                0.8556601636848116
            ],
            [
                0.8479823467834031,
                0.8426506471259992,
                0.8504055005709936,
                0.8501292110772746,
                0.8390777978682908
            ],
            [
                0.8172300390178912,
                0.8399242006090598,
                0.8335456556909022,
                0.8402328939855348,
                0.8283823991244765
            ],
            [
                0.7885666397030834,
                0.8177567329653598,
                0.8198974352874,
                0.7507784783022459,
                0.7989803958888466
            ],
            [
                0.7986978730491054,
                0.8020774647887324,
                0.7477513323182337,
                0.7345676151503616,
                0.786991482679863
            ]
        ]
    },
    "SPD": {
        "means": [
            0.1982137843394749,
            0.20046479382830182,
            0.1804490115794463,
            0.14865221524477623,
            0.14467665235549934,
            0.11686855373375515
        ],
        "stds": [
            0.01681940604155455,
            0.017512755612955077,
            0.016589693458008835,
            0.01901236773127516,
            0.03327169111230598,
            0.019325306326683125
        ],
        "medians": [
            0.19366150079080746,
            0.20113601380689017,
            0.17936817285797013,
            0.15675932608084325,
            0.1392493905636402,
            0.11726601253452931
        ],
        "q1": [
            0.1899680638036295,
            0.18957582443033472,
            0.1725076747348277,
            0.13380975218932617,
            0.11888397487525679,
            0.10449941728763042
        ],
        "q3": [
            0.21383035548814472,
            0.20459174819748718,
            0.19512689216532442,
            0.16279616966236463,
            0.151437556099568,
            0.13697627172443766
        ],
        "budgets": [
            0,
            602,
            1206,
            1808,
            2412,
            3016
        ],
        "values": [
            [
                0.21383035548814472,
                0.1899680638036295,
                0.19366150079080746,
                0.17358923157891631,
                0.22001977003587664
            ],
            [
                0.17725298081563523,
                0.22976740189116188,
                0.20459174819748718,
                0.20113601380689017,
                0.18957582443033472
            ],
            [
                0.2008636086371375,
                0.17936817285797013,
                0.19512689216532442,
                0.1725076747348277,
                0.15437870950197174
            ],
            [
                0.11951337524427955,
                0.16279616966236463,
                0.15675932608084325,
                0.17038245304706745,
                0.13380975218932617
            ],
            [
                0.11888397487525679,
                0.151437556099568,
                0.2043164946084337,
                0.10949584563059801,
                0.1392493905636402
            ],
            [
                0.1380667750122457,
                0.11726601253452931,
                0.10449941728763042,
                0.08753429210993269,
                0.13697627172443766
            ]
        ]
    },
    "EO": {
        "means": [
            0.24570391243029027,
            0.23718193974698557,
            0.2351490959648725,
            0.1776787035222897,
            0.20875742795108793,
            0.16566374451561164
        ],
        "stds": [
            0.02592436588314444,
            0.019401208821654744,
            0.02581857839362714,
            0.043954628779787064,
            0.04164249500190376,
            0.01899555312771639
        ],
        "medians": [
            0.23785894504387228,
            0.2272920187975787,
            0.21740426846927233,
            0.19315386104940388,
            0.18922218077732228,
            0.1596326166666
        ],
        "q1": [
            0.23581342026480434,
            0.2267225163667687,
            0.21738370469042656,
            0.16388246429471096,
            0.18301706051063293,
            0.15399471396640452
        ],
        "q3": [
            0.2710163247843231,
            0.23795033961651985,
            0.2600147031018747,
            0.2074953831460411,
            0.2108804096304746,
            0.18740399999771515
        ],
        "budgets": [
            0,
            602,
            1206,
            1808,
            2412,
            3016
        ],
        "values": [
            [
                0.2710163247843231,
                0.23581342026480434,
                0.23785894504387228,
                0.2063375281538125,
                0.2774933439046389
            ],
            [
                0.2267225163667687,
                0.2741985695606948,
                0.23795033961651985,
                0.2272920187975787,
                0.21974625439336565
            ],
            [
                0.21738370469042656,
                0.2600147031018747,
                0.27231127163552293,
                0.21740426846927233,
                0.2086315319272659
            ],
            [
                0.16388246429471096,
                0.2074953831460411,
                0.2245616059397333,
                0.0993002031815593,
                0.19315386104940388
            ],
            [
                0.18301706051063293,
                0.2108804096304746,
                0.28817279971850474,
                0.17249468911850507,
                0.18922218077732228
            ],
            [
                0.1876313439971759,
                0.1596326166666,
                0.13965604795016254,
                0.15399471396640452,
                0.18740399999771515
            ]
        ]
    },
    "ACC": {
        "means": [
            0.8106905710491368,
            0.8093227091633468,
            0.8049535192563082,
            0.7987516600265604,
            0.79132802124834,
            0.7893625498007968
        ],