{
    "AUC": {
        "means": [
            0.8531115483441187,
            0.6058575513894175,
            0.37470180100875516,
            0.3625660877426723,
            0.3625660877426723,
            0.35821291872858774
        ],
        "stds": [
            0.0002651718014760146,
            0.01355312077835852,
            0.008434164109276136,
            0.0064395143463488735,
            0.0064395143463488735,
            0.011103103966994845
        ],
        "medians": [
            0.8532241625428245
        ],
        "q1": [
            0.8529061072516179
        ],
        "q3": [
            0.8533434169204417
        ],
        "budgets": [
            0,
            3016,
            6032,
            9048,
            12064,
            15081
        ],
        "values": [
            [
                0.8533434169204417,
                0.8529061072516179,
                0.8532241625428245,
                0.853383541111534,
                0.8527005138941759
            ]
        ]
    },
    "SPD": {
        "means": [
            0.2018975447247465,
            0.0925331355915187,
            0.02464022307857118,
            0.008521515725751863,
            0.008521515725751863,
            0.056432100875124666
        ],
        "stds": [
            0.0022468335407735303,
            0.0016893055771013674,
            0.019795139468618515,
            0.005626558522109435,
            0.005626558522109435,
            0.0935318277588182
        ],
        "medians": [
            0.20225708745395465
        ],
        "q1": [
            0.2002087931466069
        ],
        "q3": [
            0.20344614203771225
        ],
        "budgets": [
            0,
            3016,
            6032,
            9048,
            12064,
            15081
        ],
        "values": [
            [
                0.20225708745395465,
                0.19863841144377728,
                0.2049372895416815,
                0.20344614203771225,
                0.2002087931466069
            ]
        ]
    },
    "EO": {
        "means": [
            0.1601295746553711,
            0.056211089474715425,
            0.09315174754991143,
            0.015412438001634821,
            0.015412438001634821,
            0.02645427329604817
        ],
        "stds": [
            0.004291966030926128,
            0.005745709207679587,
            0.15644817599682775,
            0.005368458667771138,
            0.005368458667771138,
            0.02567945100219211
        ],
        "medians": [
            0.1607750488246944
        ],
        "q1": [
            0.15791154262043094
        ],
        "q3": [
            0.16297937167373738
        ],
        "budgets": [
            0,
            3016,
            6032,
            9048,
            12064,
            15081
        ],
        "values": [
            [
                0.16297937167373738,
                0.15325270427972226,
                0.1607750488246944,
                0.1657292058782704,
                0.15791154262043094
            ]
        ]
    },
    "ACC": {
        "means": [
            0.8145418326693227,
            0.7750464807436919,
            0.7563081009296149,
            0.7520318725099602,
            0.7520318725099602,
            0.6735325365205843
        ],
        "stds": [
            0.00037326611746493245,
            0.0027880223919139295,
            0.000673242595252937,
            0.001856666797324889,
            0.001856666797324889,
            0.1574273917883028
        ],
        "medians": [
            0.8143426294820717
        ],
        "q1": [
            0.8143426294820717
        ],
        "q3": [
            0.8146746347941567
        ],
        "budgets": [
            0,
            3016,
            6032,
            9048,
            12064,
            15081
        ],
        "values": [
            [
                0.8146746347941567,
                0.8143426294820717,
                0.8152058432934927,
                0.8143426294820717,
                0.8141434262948207
            ]
        ]
    },
    "F1": {
        "means": [
            0.5963280834297874,
            0.3514257563810328,
            0.10389284866737514,
            0.052635869560329306,
            0.052635869560329306,
            0.11133396680367777
        ],
        "stds": [
            0.001057950404269566,
            0.009050715675799834,
            0.017042323857827047,
            0.018040600087149927,
            0.018040600087149927,
            0.11386733533367678
        ],
        "medians": [
            0.5959537572254335
        ],
        "q1": [
            0.595928973581637
        ],
        "q3": [
            0.5961510635219216
        ],
        "budgets": [
            0,
            3016,
            6032,
            9048,
            12064,
            15081
        ],
        "values": [
            [
                0.5961510635219216,
                0.5952518818760857,
                0.5983547409438591,
                0.5959537572254335,
                0.595928973581637
            ]
        ]
    },