{
    "AUC": {
        "means": [
            0.8580289350970689,
            0.6393848734297678,
            0.5737898077655119,
            0.47599826798629613,
            0.532465680909783,
            0.5981898386943281
        ],
        "stds": [
            0.001066953152810676,
            0.038609611916141456,
            0.02610276167132477,
            0.01327538761157671,
            0.05098425520478076,
            0.1664619021273026
        ],
        "medians": [
            0.8575028192805483
        ],
        "q1": [
            0.8571985867910163
        ],
        "q3": [
            0.8584973115721355
        ],
        "budgets": [
            0,
            3016,
            6032,
            9048,
            12064,
            15081
        ],
        "values": [
            [
                0.8599068447849259,
                0.8571985867910163,
                0.8584973115721355,
                0.8570391130567188,
                0.8575028192805483
            ]
        ]
    },
    "SPD": {
        "means": [
            0.20441881705106318,
            0.09820542162111927,
            0.05525208901968259,
            0.007483459459802094,
            0.08777771160440606,
            0.09443780938823353
        ],
        "stds": [
            0.02290748296501521,
            0.020676323792170628,
            0.008207498687303777,
            0.002654988803404324,
            0.06022925022863811,
            0.0712214973250147
        ],
        "medians": [
            0.21053790372507247
        ],
        "q1": [
            0.185877914221297
        ],
        "q3": [
            0.22075057012014976
        ],
        "budgets": [
            0,
            3016,
            6032,
            9048,
            12064,
            15081
        ],
        "values": [
            [
                0.22075057012014976,
                0.185877914221297,
                0.23383410216248984,
                0.17109359502630686,
                0.21053790372507247
            ]
        ]
    },
    "EO": {
        "means": [
            0.17649148802359807,
            0.06798293891815102,
            0.05916142052299402,
            0.010167760450255362,
            0.022330321691759265,
            0.15121072104034444
        ],
        "stds": [
            0.03864288208009065,
            0.042565983867220034,
            0.06313318713354225,
            0.003983015908514641,
            0.010305264886020592,
            0.1166290105008654
        ],
        "medians": [
            0.18634096687460838
        ],
        "q1": [
            0.1844782312408355
        ],
        "q3": [
            0.19186462635899443
        ],
        "budgets": [
            0,
            3016,
            6032,
            9048,
            12064,
            15081
        ],
        "values": [
            [
                0.1844782312408355,
                0.21697357154567076,
                0.19186462635899443,
                0.10280004409788124,
                0.18634096687460838
            ]
        ]
    },
    "ACC": {
        "means": [
            0.8071713147410359,
            0.785245683930943,
            0.7700398406374502,
            0.7541965471447544,
            0.6583134130146082,
            0.6115272244355909
        ],
        "stds": [
            0.001901900768789749,
            0.006608743996731158,
            0.0020596749027107513,
            0.00018497195587230113,
            0.13080623962074486,
            0.14311673839370706
        ],
        "medians": [
            0.8077025232403718
        ],
        "q1": [
            0.8064409030544488
        ],
        "q3": [
            0.8080345285524568
        ],
        "budgets": [
            0,
            3016,
            6032,
            9048,
            12064,
            15081
        ],
        "values": [
            [
                0.8096945551128818,
                0.8064409030544488,
                0.8080345285524568,
                0.8077025232403718,
                0.80398406374502
            ]
        ]
    },
    "F1": {
        "means": [
            0.57260388120113,
            0.42327619472321176,
            0.29839920376401113,
            0.020377158141259476,
            0.26464556076807283,
            0.4085287567382183
        ],
        "stds": [
            0.023899310075514695,
            0.023322075338728456,
            0.025869626163420128,
            0.006833335989069615,
            0.11163305431176174,
            0.07951984377571368
        ],
        "medians": [
            0.5721739130434782
        ],
        "q1": [
            0.5584019518145776
        ],
        "q3": [
            0.5945104697226938
        ],
        "budgets": [
            0,
            3016,
            6032,
            9048,
            12064,
            15081
        ],
        "values": [
            [
                0.5945104697226938,
                0.5361972951471758,
                0.6017357762777242,
                0.5584019518145776,
                0.5721739130434782
            ]
        ]
    },