{
    "AUC": {
        "means": [
            0.853953749524172,
            0.8445004948610582,
            0.8133390131328513,
            0.7621635468214694,
            0.7241597068899885,
            0.6301205034259612
        ],
        "stds": [
            1.1102230246251565e-16,
            0.00017149344995036385,
            0.002108372235117713,
            0.010119769101453594,
            0.0010059431188087573,
            0.0
        ],
        "medians": [
            0.8539537495241721,
            0.8445990435858394,
            0.8123471164826799,
            0.7574018366958508,
            0.7238326513132851,
            0.6301205034259612
        ],
        "q1": [
            0.8539537495241721,
            0.8443168538256567,
            0.8122387704606014,
            0.7570531737723639,
            0.7234938856109632,
            0.6301205034259612
        ],
        "q3": [
            0.8539537495241721,
            0.8446195755614769,
            0.8126496003045298,
            0.7574554625047583,
            0.724919775409212,
            0.6301205034259612
        ],
        "budgets": [
            0,
            603,
            1206,
            1809,
            2412,
            3016
        ],
        "values": [
            [
                0.8539537495241721,
                0.8539537495241721,
                0.8539537495241721,
                0.8539537495241721,
                0.8539537495241721
            ],
            [
                0.8442727207841645,
                0.8445990435858394,
                0.8446195755614769,
                0.8443168538256567,
                0.8446942805481537
            ],
            [
                0.8123471164826799,
                0.8175305005709936,
                0.8126496003045298,
                0.8119290778454511,
                0.8122387704606014
            ],
            [
                0.7565152740768937,
                0.7574554625047583,
                0.78239198705748,
                0.7570531737723639,
                0.7574018366958508
            ],
            [
                0.724919775409212,
                0.7234938856109632,
                0.7256733441187666,
                0.722878877997716,
                0.7238326513132851
            ],
            [
                0.6301205034259612,
                0.6301205034259612,
                0.6301205034259612,
                0.6301205034259612,
                0.6301205034259612
            ]
        ]
    },
    "SPD": {
        "means": [
            0.23049840256834347,
            0.19600928432241452,
            0.1632661107046987,
            0.1442277896159912,
            0.1101779778634091,
            0.13558170970591457
        ],
        "stds": [
            0.0,
            0.0004448622898274913,
            0.0017216297266650208,
            0.0093239761984246,
            0.000647971832262724,
            0.0
        ],
        "medians": [
            0.23049840256834347,
            0.19598274186876086,
            0.1622163157417431,
            0.14874054432610823,
            0.11047491955773034,
            0.13558170970591457
        ],
        "q1": [
            0.23049840256834347,
            0.19556278055551038,
            0.1622163157417431,
            0.14874054432610823,
            0.11036349019705465,
            0.13558170970591457
        ],
        "q3": [
            0.23049840256834347,
            0.19617984446065995,
            0.16303048223879177,
            0.14874054432610823,
            0.11047491955773034,
            0.13558170970591457
        ],
        "budgets": [
            0,
            603,
            1206,
            1809,
            2412,
            3016
        ],
        "values": [
            [
                0.23049840256834347,
                0.23049840256834347,
                0.23049840256834347,
                0.23049840256834347,
                0.23049840256834347
            ],
            [
                0.19598274186876086,
                0.19675827417163103,
                0.19556278055551038,
                0.19617984446065995,
                0.19556278055551038
            ],
            [
                0.1622163157417431,
                0.1666511240594725,
                0.1622163157417431,
                0.1622163157417431,
                0.16303048223879177
            ],
            [
                0.14874054432610823,
                0.14933185210180547,
                0.12558546299982562,
                0.14874054432610823,
                0.14874054432610823
            ],
            [
                0.11047491955773034,
                0.11047491955773034,
                0.11036349019705465,
                0.10889809882253768,
                0.1106784611819925
            ],
            [
                0.13558170970591457,
                0.13558170970591457,
                0.13558170970591457,
                0.13558170970591457,
                0.13558170970591457
            ]
        ]
    },
    "EO": {
        "means": [
            0.3168090041932973,
            0.2955582808909371,
            0.25409576209078794,
            0.21628377100861335,
            0.16233606812551446,
            0.1920851157655067
        ],
        "stds": [
            0.0,
            0.0007794716411441423,
            0.00445665367857073,
            0.010032282229375062,
            0.002372575436114897,
            0.0
        ],
        "medians": [
            0.3168090041932973,
            0.29580824504712816,
            0.25144589070008816,
            0.22121999187730734,
            0.16358600314968547,
            0.1920851157655067
        ],
        "q1": [
            0.3168090041932973,
            0.2946492476227415,
            0.25144589070008816,
            0.22121999187730734,
            0.15999533887679496,
            0.1920851157655067
        ],
        "q3": [
            0.3168090041932973,
            0.29612641240315746,
            0.2532412228365334,
            0.22121999187730734,
            0.16358600314968547,
            0.1920851157655067
        ],
        "budgets": [
            0,
            603,
            1206,
            1809,
            2412,
            3016
        ],
        "values": [
            [
                0.3168090041932973,
                0.3168090041932973,
                0.3168090041932973,
                0.3168090041932973,
                0.3168090041932973
            ],
            [
                0.29580824504712816,
                0.29655825175891715,
                0.2946492476227415,
                0.29612641240315746,
                0.2946492476227415
            ],
            [
                0.25144589070008816,
                0.2628999155171419,
                0.25144589070008816,
                0.25144589070008816,
                0.2532412228365334
            ],
            [
                0.22121999187730734,
                0.22153815923333664,
                0.19622072017780817,
                0.22121999187730734,
                0.22121999187730734
            ],
            [
                0.16358600314968547,
                0.16358600314968547,
                0.15999533887679496,
                0.1591316601652757,
                0.1653813352861307
            ],
            [
                0.1920851157655067,
                0.1920851157655067,
                0.1920851157655067,
                0.1920851157655067,
                0.1920851157655067
            ]
        ]
    },
    "ACC": {
        "means": [
            0.803253652058433,
            0.7955511288180611,
            0.7885657370517929,
            0.7853253652058433,
            0.7839442231075696,
            0.7840637450199203
        ],