{
    "AUC": {
        "means": [
            0.853953749524172,
            0.6561719737342976,
            0.6421531594975258,
            0.32213047202131706,
            0.31372442424819186,
            0.31372442424819186
        ],
        "stds": [
            1.1102230246251565e-16,
            0.047397620860296946,
            0.08581886796175461,
            0.0,
            0.0,
            0.0
        ],
        "medians": [
            0.8539537495241721
        ],
        "q1": [
            0.8539537495241721
        ],
        "q3": [
            0.8539537495241721
        ],
        "budgets": [
            0,
            3016,
            6032,
            9048,
            12064,
            15081
        ],
        "values": [
            [
                0.8539537495241721,
                0.8539537495241721,
                0.8539537495241721,
                0.8539537495241721,
                0.8539537495241721
            ]
        ]
    },
    "SPD": {
        "means": [
            0.23049840256834347,
            0.1320557557617655,
            0.07050723186580432,
            0.001546591383880646,
            0.0008592397235901933,
            0.0008592397235901933
        ],
        "stds": [
            0.0,
            0.007051907888298087,
            0.03260064020196986,
            0.0,
            0.0,
            0.0
        ],
        "medians": [
            0.23049840256834347
        ],
        "q1": [
            0.23049840256834347
        ],
        "q3": [
            0.23049840256834347
        ],
        "budgets": [
            0,
            3016,
            6032,
            9048,
            12064,
            15081
        ],
        "values": [
            [
                0.23049840256834347,
                0.23049840256834347,
                0.23049840256834347,
                0.23049840256834347,
                0.23049840256834347
            ]
        ]
    },
    "EO": {
        "means": [
            0.3168090041932973,
            0.1883625005783563,
            0.04361828828247321,
            0.001863306849851856,
            0.008862988682495826,
            0.008862988682495826
        ],
        "stds": [
            0.0,
            0.00744523037430076,
            0.0742422419634896,
            0.0,
            0.0,
            0.0
        ],
        "medians": [
            0.3168090041932973
        ],
        "q1": [
            0.3168090041932973
        ],
        "q3": [
            0.3168090041932973
        ],
        "budgets": [
            0,
            3016,
            6032,
            9048,
            12064,
            15081
        ],
        "values": [
            [
                0.3168090041932973,
                0.3168090041932973,
                0.3168090041932973,
                0.3168090041932973,
                0.3168090041932973
            ]
        ]
    },
    "ACC": {
        "means": [
            0.803253652058433,
            0.7843426294820717,
            0.7731341301460822,
            0.7537184594953519,
            0.754249667994688,
            0.754249667994688
        ],
        "stds": [
            1.1102230246251565e-16,
            0.000557768924302815,
            0.0054709962551932135,
            0.0,
            0.0,
            0.0
        ],
        "medians": [
            0.8032536520584329
        ],
        "q1": [
            0.8032536520584329
        ],
        "q3": [
            0.8032536520584329
        ],
        "budgets": [
            0,
            3016,
            6032,
            9048,
            12064,
            15081
        ],
        "values": [
            [
                0.8032536520584329,
                0.8032536520584329,
                0.8032536520584329,
                0.8032536520584329,
                0.8032536520584329
            ]
        ]
    },
    "F1": {
        "means": [
            0.5547708489857252,
            0.39501675808953507,
            0.285702505727776,
            0.018003706645485833,
            0.006442953020134227,
            0.006442953020134227
        ],
        "stds": [
            0.0,
            0.009080220896262238,
            0.057369274637434874,
            0.0,
            8.673617379884035e-19,
            8.673617379884035e-19
        ],
        "medians": [
            0.5547708489857252
        ],
        "q1": [
            0.5547708489857252
        ],
        "q3": [
            0.5547708489857252
        ],
        "budgets": [
            0,
            3016,
            6032,
            9048,
            12064,
            15081
        ],
        "values": [
            [
                0.5547708489857252,
                0.5547708489857252,
                0.5547708489857252,
                0.5547708489857252,
                0.5547708489857252
            ]
        ]
    },
    "col_list": [
        [
            [
                "workclass",
                "Y"
            ],
            [
                "workclass",
                "Y"
            ],
            [
                "workclass",
                "Y"
            ],
            [
                "workclass",
                "Y"
            ],
            [
                "workclass",
                "Y"
            ]
        ],
        [
            [
                "marital",
                "workclass",
                "Y"
            ],
            [
                "marital",
                "workclass",
                "Y"
            ],
            [
                "marital",
                "workclass",
                "Y"
            ],
            [
                "marital",
                "workclass",
                "Y"
            ],
            [
                "marital",
                "workclass",
                "Y"
            ]
        ],
        [
            [
                "education",
                "hours",
                "workclass",
                "Y"
            ],
            [
                "education",
                "hours",
                "workclass",
                "Y"
            ],
            [
                "education",
                "hours",
                "workclass",
                "Y"
            ],
            [
                "education",
                "hours",
                "workclass",
                "Y"
            ],
            [
                "education",
                "hours",
                "workclass",
                "Y"
            ]
        ],
        [
            [
                "education",
                "marital",
                "Y"
            ],
            [
                "education",
                "marital",
                "Y"
            ],
            [
                "education",
                "marital",
                "Y"
            ],
            [
                "education",
                "marital",
                "Y"
            ],
            [
                "education",
                "marital",
                "Y"
            ]
        ],
        [
            [
                "marital",
                "Y"
            ],
            [
                "marital",
                "Y"
            ],
            [
                "marital",
                "Y"
            ],
            [
                "marital",
                "Y"
            ],
            [
                "marital",
                "Y"
            ]
        ],
        [
            [
                "marital",
                "Y"
            ],
            [
                "marital",
                "Y"
            ],
            [
                "marital",
                "Y"
            ],
            [
                "marital",
                "Y"
            ],
            [
                "marital",
                "Y"
            ]
        ]
    ],