{
    "AUC": {
        "means": [
            0.8538774862009898,
            0.826947795727065,
            0.7875786543585839,
            0.634174463503997,
            0.628888430243624
        ],
        "stds": [
            0.0,
            0.01617344208375631,
            0.0231778095799004,
            0.13425775271510346,
            0.0
        ],
        "medians": [
            0.8538774862009898,
            0.8256808265131328,
            0.7919305588599163,
            0.6314445363056718,
            0.628888430243624
        ],
        "q1": [
            0.8538774862009898,
            0.8099528186857632,
            0.7647460536020176,
            0.5,
            0.628888430243624
        ],
        "q3": [
            0.8538774862009898,
            0.8438280476779596,
            0.8021545310715645,
            0.7628890726113436,
            0.628888430243624
        ],
        "budgets": [
            0,
            1206,
            1809,
            2412,
            3016
        ],
        "values": [
            [
                0.8538774862009898,
                0.8538774862009898,
                0.8538774862009898,
                0.8538774862009898,
                0.8538774862009898,
                0.8538774862009898,
                0.8538774862009898,
                0.8538774862009898,
                0.8538774862009898,
                0.8538774862009898
            ],
            [
                0.8438280476779596,
                0.8440444423296536,
                0.8466044918157595,
                0.8337730181766274,
                0.8438280476779596,
                0.8074075466311381,
                0.8175886348496383,
                0.8074075466311381,
                0.8175886348496383,
                0.8074075466311381
            ],
            [
                0.8013754996193376,
                0.8024142082223069,
                0.828263846593072,
                0.8013754996193376,
                0.8053793300342595,
                0.7565870289303388,
                0.7565870289303388,
                0.7824856181004949,
                0.7824856181004949,
                0.7588328654358585
            ],
            [
                0.7765387086029691,
                0.7628890726113436,
                0.7765387086029691,
                0.7628890726113436,
                0.7628890726113436,
                0.5,
                0.5,
                0.5,
                0.5,
                0.5
            ],
            [
                0.628888430243624,
                0.628888430243624,
                0.628888430243624,
                0.628888430243624,
                0.628888430243624
            ]
        ]
    },
    "SPD": {
        "means": [
            0.21366544805806104,
            0.1716765902318756,
            0.1329810266589781,
            0.07153625142122583,
            0.10183799069613986
        ],
        "stds": [
            2.7755575615628914e-17,
            0.008510143601677806,
            0.020681747930114312,
            0.07207699411244298,
            0.0
        ],
        "medians": [
            0.21366544805806106,
            0.16869287903800295,
            0.13318875666316987,
            0.06390451769531345,
            0.10183799069613986
        ],
        "q1": [
            0.21366544805806106,
            0.16332501782117545,
            0.11283178092141188,
            0.0,
            0.10183799069613986
        ],
        "q3": [
            0.21366544805806106,
            0.1798615561905569,
            0.15380292260257022,
            0.14688836970540786,
            0.10183799069613986
        ],
        "budgets": [
            0,
            1206,
            1809,
            2412,
            3016
        ],
        "values": [
            [
                0.21366544805806106,
                0.21366544805806106,
                0.21366544805806106,
                0.21366544805806106,
                0.21366544805806106,
                0.21366544805806106,
                0.21366544805806106,
                0.21366544805806106,
                0.21366544805806106,
                0.21366544805806106
            ],
            [
                0.18351214151765505,
                0.1707346340165334,
                0.18019521741974492,
                0.1788605725029929,
                0.18351214151765505,
                0.1622163157417431,
                0.1666511240594725,
                0.1622163157417431,
                0.1666511240594725,
                0.1622163157417431
            ],
            [
                0.15405784108552376,
                0.11123005156180535,
                0.1530381671537096,
                0.15405784108552376,
                0.15689454576046788,
                0.10825866880808957,
                0.10825866880808957,
                0.11763696900023152,
                0.11763696900023152,
                0.14874054432610823
            ],
            [
                0.1278090353906269,
                0.15324814781033483,
                0.1278090353906269,
                0.15324814781033483,
                0.15324814781033483,
                0.0,
                0.0,
                0.0,
                0.0,
                0.0
            ],
            [
                0.10183799069613986,
                0.10183799069613986,
                0.10183799069613986,
                0.10183799069613986,
                0.10183799069613986
            ]
        ]
    },
    "EO": {
        "means": [
            0.29908245561222646,
            0.2325642289639683,
            0.1789726221845474,
            0.10568982624178092,
            0.09629560660577124
        ],
        "stds": [
            0.0,
            0.04620009841254362,
            0.0590245531699618,
            0.1067047803827077,
            0.0
        ],
        "medians": [
            0.29908245561222646,
            0.25144589070008816,
            0.19591426275139934,
            0.092974556322191,
            0.09629560660577124
        ],
        "q1": [
            0.29908245561222646,
            0.19465644494533751,
            0.11582876884084836,
            0.0,
            0.09629560660577124
        ],
        "q3": [
            0.29908245561222646,
            0.2628999155171419,
            0.2249928740794139,
            0.2177372874433568,
            0.09629560660577124
        ],
        "budgets": [
            0,
            1206,
            1809,
            2412,
            3016
        ],