{
    "AUC": {
        "means": [
            0.8597392082223069,
            0.7148858393604873,
            0.5501368861819567,
            0.2584657356299962,
            0.3223055386372288,
            0.31516446041111534
        ],
        "stds": [
            0.00012088026561581502,
            0.007011813750937744,
            0.00022894427941554547,
            0.034585392999978586,
            0.0025036809993827323,
            0.001485386600337305
        ],
        "medians": [
            0.8598124286258089
        ],
        "q1": [
            0.8596610677578989
        ],
        "q3": [
            0.8598358631518843
        ],
        "budgets": [
            0,
            3016,
            6032,
            9048,
            12064,
            15081
        ],
        "values": [
            [
                0.8596610677578989,
                0.8595383517320137,
                0.8598124286258089,
                0.8598358631518843,
                0.8598483298439284
            ]
        ]
    },
    "SPD": {
        "means": [
            0.21408351176239707,
            0.10016791832964038,
            0.06070060563612715,
            0.24993657352529458,
            0.002153176315489798,
            0.28411731628111736
        ],
        "stds": [
            0.027439284905029428,
            0.0038940730579277677,
            0.0012659138623045184,
            0.12425818919114252,
            0.00023918149233051345,
            0.14193920633278914
        ],
        "medians": [
            0.19665023483110908
        ],
        "q1": [
            0.19647244933629923
        ],
        "q3": [
            0.23699187584679043
        ],
        "budgets": [
            0,
            3016,
            6032,
            9048,
            12064,
            15081
        ],
        "values": [
            [
                0.19647244933629923,
                0.19665023483110908,
                0.23699187584679043,
                0.18442987413336592,
                0.2558731246644206
            ]
        ]
    },
    "EO": {
        "means": [
            0.27286637942114106,
            0.12722924215049145,
            0.010658777791804307,
            0.12064095013797722,
            0.0061360031211246556,
            0.2780482232038253
        ],
        "stds": [
            0.042523964502747535,
            0.00684988226262766,
            0.004184741585849431,
            0.06059082751367485,
            0.002088886732892651,
            0.14151809446607305
        ],
        "medians": [
            0.24865378650570563
        ],
        "q1": [
            0.24610844765747147
        ],
        "q3": [
            0.3051287778089408
        ],
        "budgets": [
            0,
            3016,
            6032,
            9048,
            12064,
            15081
        ],
        "values": [
            [
                0.24610844765747147,
                0.24865378650570563,
                0.3051287778089408,
                0.2251094021595395,
                0.33933148297404797
            ]
        ]
    },
    "ACC": {
        "means": [
            0.8122177954847277,
            0.7862284196547143,
            0.7715405046480744,
            0.3702788844621514,
            0.754382470119522,
            0.43017264276228423
        ],
        "stds": [
            0.0010355159994485097,
            0.002755636090165837,
            0.000517076290409865,
            0.19248049060004574,
            0.00011878183147409976,
            0.16211247688047867
        ],
        "medians": [
            0.8126162018592298
        ],
        "q1": [
            0.8113545816733068
        ],
        "q3": [
            0.8129482071713148
        ],
        "budgets": [
            0,
            3016,
            6032,
            9048,
            12064,
            15081
        ],
        "values": [
            [
                0.8126162018592298,
                0.8129482071713148,
                0.8134794156706507,
                0.8113545816733068,
                0.8106905710491368
            ]
        ]
    },
    "F1": {
        "means": [
            0.0,
            0.0,
            0.0,
            0.30957563232313967,
            0.005370190090177524,
            0.3184449496995791
        ],
        "stds": [
            0.0,
            0.0,
            0.0,
            0.15502202308169752,
            0.006605904263645663,
            0.15202268055819787
        ],
        "medians": [
            0.0
        ],
        "q1": [
            0.0
        ],
        "q3": [
            0.0
        ],
        "budgets": [
            0,
            3016,
            6032,
            9048,
            12064,
            15081
        ],
        "values": [
            [
                0.0,
                0.0,
                0.0,
                0.0,
                0.0
            ]
        ]
    },
    "col_list": [
        [
            [
                "workclass",
                "Y"
            ],
            [
                "workclass",
                "Y"
            ],
            [
                "workclass",
                "Y"
            ],
            [
                "workclass",
                "Y"
            ],
            [
                "workclass",
                "Y"
            ]
        ],
        [
            [
                "relationship",
                "workclass",
                "Y"
            ],
            [
                "relationship",
                "workclass",
                "Y"
            ],
            [
                "relationship",
                "workclass",
                "Y"
            ],
            [
                "relationship",
                "workclass",
                "Y"
            ],
            [
                "relationship",
                "workclass",
                "Y"
            ]
        ],
        [
            [
                "hours",
                "Y"
            ],
            [
                "hours",
                "Y"
            ],
            [
                "hours",
                "Y"
            ],
            [
                "hours",
                "Y"
            ],
            [
                "hours",
                "Y"
            ]
        ],
        [
            [
                "education",
                "relationship",
                "Y"
            ],
            [
                "education",
                "relationship",
                "Y"
            ],
            [
                "education",
                "relationship",
                "Y"
            ],
            [
                "education",
                "relationship",
                "Y"
            ],
            [
                "education",
                "relationship",
                "Y"
            ]
        ],
        [
            [
                "marital",
                "Y"
            ],
            [
                "marital",
                "Y"
            ],
            [
                "marital",
                "Y"
            ],
            [
                "marital",
                "Y"
            ],
            [
                "marital",
                "Y"
            ]
        ],
        [
            [
                "marital",
                "Y"
            ],
            [
                "marital",
                "Y"
            ],
            [
                "marital",
                "Y"
            ],
            [
                "marital",
                "Y"
            ],
            [
                "marital",
                "Y"
            ]
        ]
    ],