{
    "AUC": {
        "means": [
            0.8391845974495622,
            0.573931859059764,
            0.3554146888085268,
            0.35479237723639134,
            0.35479237723639134,
            0.3521831699657404
        ],
        "stds": [
            0.0005183027560327806,
            0.005097194162225229,
            0.010935717256507068,
            0.055506413467487165,
            0.055506413467487165,
            0.05699000967332586
        ],
        "medians": [
            0.8390836386562619
        ],
        "q1": [
            0.8389964431861439
        ],
        "q3": [
            0.8397359154929578
        ],
        "budgets": [
            0,
            3016,
            6032,
            9048,
            12064,
            15081
        ],
        "values": [
            [
                0.8397460506280929,
                0.8383609392843547,
                0.8397359154929578,
                0.8390836386562619,
                0.8389964431861439
            ]
        ]
    },
    "SPD": {
        "means": [
            0.20292963535759725,
            0.09528091341826345,
            0.01565512510568488,
            0.01184879442959912,
            0.01184879442959912,
            0.0654474562823302
        ],
        "stds": [
            0.00019001771067891638,
            0.00200122152865737,
            0.0003169615782593529,
            0.009761908402263198,
            0.009761908402263198,
            0.10511299261875637
        ],
        "medians": [
            0.20288506361332698
        ],
        "q1": [
            0.20278651231737743
        ],
        "q3": [
            0.20289150264569006
        ],
        "budgets": [
            0,
            3016,
            6032,
            9048,
            12064,
            15081
        ],
        "values": [
            [
                0.20278651231737743,
                0.20289150264569006,
                0.20288506361332698,
                0.20278651231737743,
                0.20329858589421437
            ]
        ]
    },
    "EO": {
        "means": [
            0.17930084294356785,
            0.07369612789756497,
            0.005681086635771493,
            0.014885319803890096,
            0.014885319803890096,
            0.03910351063690022
        ],
        "stds": [
            0.0017975681336235047,
            0.0017164553082082846,
            0.0026678242873668647,
            0.010214241119347522,
            0.010214241119347522,
            0.0464262182933666
        ],
        "medians": [
            0.1799553423269401
        ],
        "q1": [
            0.17847817754652406
        ],
        "q3": [
            0.1799553423269401
        ],
        "budgets": [
            0,
            3016,
            6032,
            9048,
            12064,
            15081
        ],
        "values": [
            [
                0.17636467805404965,
                0.1817506744633854,
                0.17847817754652406,
                0.1799553423269401,
                0.1799553423269401
            ]
        ]
    },
    "ACC": {
        "means": [
            0.8143559096945552,
            0.7748871181938911,
            0.7541965471447544,
            0.7516467463479417,
            0.7516467463479417,
            0.6712350597609562
        ],
        "stds": [
            0.0001217151579005786,
            0.0029323118152545184,
            0.00037420990182219566,
            0.0017764735281603045,
            0.0017764735281603045,
            0.16119132954326384
        ],
        "medians": [
            0.8144090305444888
        ],
        "q1": [
            0.8142098273572377
        ],
        "q3": [
            0.8144754316069057
        ],
        "budgets": [
            0,
            3016,
            6032,
            9048,
            12064,
            15081
        ],
        "values": [
            [
                0.8144754316069057,
                0.8142098273572377,
                0.8144090305444888,
                0.8142098273572377,
                0.8144754316069057
            ]
        ]
    },
    "F1": {
        "means": [
            0.5919135699627561,
            0.34341098365753797,
            0.09083381399576636,
            0.05243298798054471,
            0.05243298798054471,
            0.11236401813917533
        ],
        "stds": [
            0.0002756411116469899,
            0.00888780318227807,
            0.010039465658251865,
            0.029249043407071487,
            0.029249043407071487,
            0.11562461405924941
        ],
        "medians": [
            0.5919976635514019
        ],
        "q1": [
            0.591652072387624
        ],
        "q3": [
            0.5921494236100977
        ],
        "budgets": [
            0,
            3016,
            6032,
            9048,
            12064,
            15081
        ],
        "values": [
            [
                0.5922358435493287,
                0.5915328467153284,
                0.5921494236100977,
                0.591652072387624,
                0.5919976635514019
            ]
        ]
    },