{
    "AUC": {
        "means": [
            0.8580289350970689,
            0.6281654287209746,
            0.38670468928435475,
            0.3071226089645984,
            0.3135339574609821,
            0.3135339574609821
        ],
        "stds": [
            0.001066953152810676,
            0.039734725536936785,
            0.006677273394266776,
            0.02529537834038541,
            0.03372600578886178,
            0.03372600578886178
        ],
        "medians": [
            0.8575028192805483
        ],
        "q1": [
            0.8571985867910163
        ],
        "q3": [
            0.8584973115721355
        ],
        "budgets": [
            0,
            3016,
            6032,
            9048,
            12064,
            15081
        ],
        "values": [
            [
                0.8599068447849259,
                0.8571985867910163,
                0.8584973115721355,
                0.8570391130567188,
                0.8575028192805483
            ]
        ]
    },
    "SPD": {
        "means": [
            0.20441881705106318,
            0.08129939913798408,
            0.06065515930677577,
            0.002738831383025319,
            0.003269327412579554,
            0.003269327412579554
        ],
        "stds": [
            0.02290748296501521,
            0.022757250373072222,
            0.007198388389573848,
            0.0023699369254087605,
            0.002316452914185888,
            0.002316452914185888
        ],
        "medians": [
            0.21053790372507247
        ],
        "q1": [
            0.185877914221297
        ],
        "q3": [
            0.22075057012014976
        ],
        "budgets": [
            0,
            3016,
            6032,
            9048,
            12064,
            15081
        ],
        "values": [
            [
                0.22075057012014976,
                0.185877914221297,
                0.23383410216248984,
                0.17109359502630686,
                0.21053790372507247
            ]
        ]
    },
    "EO": {
        "means": [
            0.17649148802359807,
            0.05562936301981376,
            0.37942376864377875,
            0.004758801154541939,
            0.005281578110085905,
            0.005281578110085905
        ],
        "stds": [
            0.03864288208009065,
            0.02447810587572159,
            0.029238240143414317,
            0.002764658583472475,
            0.0025667601827769567,
            0.0025667601827769567
        ],
        "medians": [
            0.18634096687460838
        ],
        "q1": [
            0.1844782312408355
        ],
        "q3": [
            0.19186462635899443
        ],
        "budgets": [
            0,
            3016,
            6032,
            9048,
            12064,
            15081
        ],
        "values": [
            [
                0.1844782312408355,
                0.21697357154567076,
                0.19186462635899443,
                0.10280004409788124,
                0.18634096687460838
            ]
        ]
    },
    "ACC": {
        "means": [
            0.8071713147410359,
            0.7743691899070385,
            0.7598273572377158,
            0.7541832669322709,
            0.7541832669322709,
            0.7541832669322709
        ],
        "stds": [
            0.001901900768789749,
            0.001180371104557202,
            0.00030573345108156905,
            0.00013280212483398612,
            0.00013280212483398612,
            0.00013280212483398612
        ],
        "medians": [
            0.8077025232403718
        ],
        "q1": [
            0.8064409030544488
        ],
        "q3": [
            0.8080345285524568
        ],
        "budgets": [
            0,
            3016,
            6032,
            9048,
            12064,
            15081
        ],
        "values": [
            [
                0.8096945551128818,
                0.8064409030544488,
                0.8080345285524568,
                0.8077025232403718,
                0.80398406374502
            ]
        ]
    },
    "F1": {
        "means": [
            0.57260388120113,
            0.3244470858140718,
            0.1299293281769464,
            0.01178832899880244,
            0.010955045886828687,
            0.010955045886828687
        ],
        "stds": [
            0.023899310075514695,
            0.0351711539445096,
            0.006864547689069038,
            0.0077903174305445685,
            0.007042440776392842,
            0.007042440776392842
        ],
        "medians": [
            0.5721739130434782
        ],
        "q1": [
            0.5584019518145776
        ],
        "q3": [
            0.5945104697226938
        ],
        "budgets": [
            0,
            3016,
            6032,
            9048,
            12064,
            15081
        ],
        "values": [
            [
                0.5945104697226938,
                0.5361972951471758,
                0.6017357762777242,
                0.5584019518145776,
                0.5721739130434782
            ]
        ]
    },