{
    "AUC": {
        "means": [
            0.853953749524172,
            0.8490954939094024,
            0.8387256043014846,
            0.8141128521126761,
            0.7781726113437382,
            0.7031122049866768
        ],
        "stds": [
            1.1102230246251565e-16,
            0.0013241407373951672,
            0.003139314266440802,
            0.014560259792357316,
            0.011987479738166005,
            0.049359980109445055
        ],
        "medians": [
            0.8539537495241721,
            0.8493308907499049,
            0.8397381518842787,
            0.8202775504377617,
            0.7804748049105443,
            0.6996516463646745
        ],
        "q1": [
            0.8539537495241721,
            0.848805552912067,
            0.8387135039969547,
            0.8172640607156453,
            0.7712506899505139,
            0.6733126903311762
        ],
        "q3": [
            0.8539537495241721,
            0.8497537114579368,
            0.8403540159878188,
            0.8211277598020557,
            0.7841962076513134,
            0.753756138180434
        ],
        "budgets": [
            0,
            602,
            1206,
            1808,
            2412,
            3016
        ],
        "values": [
            [
                0.8539537495241721,
                0.8539537495241721,
                0.8539537495241721,
                0.8539537495241721,
                0.8539537495241721
            ],
            [
                0.8497537114579368,
                0.8507951322801675,
                0.848805552912067,
                0.8493308907499049,
                0.8467921821469357
            ],
            [
                0.8328207556147696,
                0.8387135039969547,
                0.8403540159878188,
                0.8397381518842787,
                0.8420015940236011
            ],
            [
                0.7855818424057861,
                0.8172640607156453,
                0.8202775504377617,
                0.8211277598020557,
                0.8263130472021317
            ],
            [
                0.7951909497525695,
                0.7597504044537495,
                0.7712506899505139,
                0.7804748049105443,
                0.7841962076513134
            ],
            [
                0.6996516463646745,
                0.7598654596497907,
                0.6733126903311762,
                0.6289750904073087,
                0.753756138180434
            ]
        ]
    },
    "SPD": {
        "means": [
            0.23049840256834347,
            0.20075387228060962,
            0.1699841918746593,
            0.1637027051819226,
            0.14235699596152313,
            0.1431629341374648
        ],
        "stds": [
            0.0,
            0.009431455445311508,
            0.01265945285720212,
            0.004966864550042526,
            0.01415465087042714,
            0.006868107251326056
        ],
        "medians": [
            0.23049840256834347,
            0.1984524216990095,
            0.17147512273828738,
            0.16632327500980848,
            0.15244685937801233,
            0.13875466827338911
        ],
        "q1": [
            0.23049840256834347,
            0.19437121856039644,
            0.16188846669207912,
            0.16504854719482753,
            0.13340517635215818,
            0.13872694633343344
        ],
        "q3": [
            0.23049840256834347,
            0.20504498787425898,
            0.17670925367783588,
            0.1666511240594725,
            0.15287969875598897,
            0.1498974037480504
        ],
        "budgets": [
            0,
            602,
            1206,
            1808,
            2412,
            3016
        ],
        "values": [
            [
                0.23049840256834347,
                0.23049840256834347,
                0.23049840256834347,
                0.23049840256834347,
                0.23049840256834347
            ],
            [
                0.20504498787425898,
                0.18933669762410338,
                0.1984524216990095,
                0.2165640356452796,
                0.19437121856039644
            ],
            [
                0.17670925367783588,
                0.17147512273828738,
                0.16188846669207912,
                0.18847549209000983,
                0.15137262417508424
            ],
            [
                0.15383945558603207,
                0.1666511240594725,
                0.1666511240594725,
                0.16504854719482753,
                0.16632327500980848
            ],
            [
                0.15443076336172934,
                0.11862248195972694,
                0.13340517635215818,
                0.15287969875598897,
                0.15244685937801233
            ],
            [
                0.13875466827338911,
                0.15285394262653665,
                0.13872694633343344,
                0.13558170970591457,
                0.1498974037480504
            ]
        ]
    },
    "EO": {
        "means": [
            0.3168090041932973,
            0.27407404445546263,
            0.23201197725874545,
            0.25345497189331284,
            0.2146793392857857,
            0.2098160055887781
        ],
        "stds": [
            0.0,
            0.015699283566524464,
            0.029600448817177074,
            0.010891901135448545,
            0.022525389188750168,
            0.013336617135500118
        ],
        "medians": [
            0.3168090041932973,
            0.2743099566961091,
            0.24081156095646708,
            0.25467326154670467,
            0.22896968042174026,
            0.2074022749251564
        ],
        "q1": [
            0.3168090041932973,
            0.26022034089033164,
            0.21631324575829222,
            0.2541277501912146,
            0.2062432775007697,
            0.19992562766650807
        ],
        "q3": [
            0.3168090041932973,
            0.27594763319473736,
            0.2589459578179774,
            0.2625817481611126,
            0.2294923431340684,
            0.22165183123306703
        ],
        "budgets": [
            0,
            602,
            1206,
            1808,
            2412,
            3016
        ],
        "values": [
            [
                0.3168090041932973,
                0.3168090041932973,
                0.3168090041932973,
                0.3168090041932973,
                0.3168090041932973
            ],
            [
                0.30194481938433193,
                0.2743099566961091,
                0.26022034089033164,
                0.27594763319473736,
                0.25794747211180297
            ],
            [
                0.24081156095646708,
                0.21631324575829222,
                0.2589459578179774,
                0.2615604138117763,
                0.1824287079492143
            ],
            [
                0.2329921840503904,
                0.2628999155171419,
                0.2625817481611126,
                0.2541277501912146,
                0.25467326154670467
            ],
            [
                0.23458302083053678,
                0.17410837454181333,
                0.2062432775007697,
                0.2294923431340684,
                0.22896968042174026
            ],
            [
                0.19992562766650807,
                0.22801517835365248,
                0.2074022749251564,
                0.1920851157655067,
                0.22165183123306703
            ]
        ]
    },
    "ACC": {
        "means": [
            0.803253652058433,
            0.8006108897742363,
            0.7994289508632139,
            0.7894156706507305,
            0.7862284196547143,
            0.7847277556440904
        ],