{
    "AUC": {
        "means": [
            0.8539754234868671,
            0.848243766653978,
            0.8416848496383708,
            0.8078995765131328,
            0.7761994290064713,
            0.6716926532165969
        ],
        "stds": [
            1.0468214693570842e-05,
            0.0033858691698696523,
            0.0028085517091079584,
            0.010143315908264219,
            0.0059353025250461254,
            0.08497483360268092
        ],
        "medians": [
            0.8539806575942139,
            0.8501072516178152,
            0.8421465074229159,
            0.8043134040730872,
            0.7790412304910544,
            0.6292084126379901
        ],
        "q1": [
            0.8539806575942139,
            0.8441546440807005,
            0.8421465074229159,
            0.80138501617815,
            0.7789078797106965,
            0.6292084126379901
        ],
        "q3": [
            0.8539806575942139,
            0.8509173962695089,
            0.8436732013703845,
            0.804575609059764,
            0.7792620146555005,
            0.6292084126379901
        ],
        "budgets": [
            0,
            603,
            1206,
            1809,
            2412,
            3016
        ],
        "values": [
            [
                0.8539806575942139,
                0.85395448705748,
                0.8539806575942139,
                0.8539806575942139,
                0.8539806575942139
            ],
            [
                0.8509173962695089,
                0.8501072516178152,
                0.8518848972211649,
                0.8441546440807005,
                0.8441546440807005
            ],
            [
                0.8421465074229159,
                0.8441546440807005,
                0.8421465074229159,
                0.8363033878949372,
                0.8436732013703845
            ],
            [
                0.8279905310239817,
                0.8043134040730872,
                0.804575609059764,
                0.8012333222306814,
                0.80138501617815
            ],
            [
                0.7789078797106965,
                0.779451370384469,
                0.7792620146555005,
                0.7643346497906357,
                0.7790412304910544
            ],
            [
                0.6291957080319757,
                0.6292084126379901,
                0.8416423201370384,
                0.6292084126379901,
                0.6292084126379901
            ]
        ]
    },
    "SPD": {
        "means": [
            0.2300253563477857,
            0.21370246948525512,
            0.19115486773495363,
            0.1550657482373249,
            0.12575026210973875,
            0.1303251163724714
        ],
        "stds": [
            0.00023652311027890782,
            0.01932570336692912,
            0.0058490503706308756,
            0.0015448636281310951,
            0.012341850098128805,
            0.010852229804714907
        ],
        "medians": [
            0.2299070947926462,
            0.208332765822563,
            0.19349320334057002,
            0.15602046216164817,
            0.12041572238390791,
            0.1356802610018641
        ],
        "q1": [
            0.2299070947926462,
            0.1995359443536015,
            0.18614692937089594,
            0.15398504591902656,
            0.12021861979200882,
            0.1356802610018641
        ],
        "q3": [
            0.2299070947926462,
            0.20970604493349354,
            0.19349320334057002,
            0.15638891121599402,
            0.12041572238390791,
            0.1356802610018641
        ],
        "budgets": [
            0,
            603,
            1206,
            1809,
            2412,
            3016
        ],
        "values": [
            [
                0.2299070947926462,
                0.23049840256834347,
                0.2299070947926462,
                0.2299070947926462,
                0.2299070947926462
            ],
            [
                0.20970604493349354,
                0.208332765822563,
                0.2514016479630161,
                0.1995359443536015,
                0.1995359443536015
            ],
            [
                0.19349320334057002,
                0.1995359443536015,
                0.19349320334057002,
                0.18614692937089594,
                0.1831050582691307
            ],
            [
                0.15254541067396188,
                0.15638891121599402,
                0.15638891121599402,
                0.15398504591902656,
                0.15602046216164817
            ],
            [
                0.12041572238390791,
                0.11737547608470167,
                0.12021861979200882,
                0.1503257699041673,
                0.12041572238390791
            ],
            [
                0.13596303682498656,
                0.1356802610018641,
                0.10862176203177826,
                0.1356802610018641,
                0.1356802610018641
            ]
        ]
    },
    "EO": {
        "means": [
            0.31553633476918014,
            0.2704481932721028,
            0.2564203830460783,
            0.23776480863404528,
            0.1817718094583101,
            0.18932602786049305
        ],
        "stds": [
            0.0006363347120585284,
            0.030061672400416038,
            0.04428872574312163,
            0.006231213522367934,
            0.017458901768088765,
            0.0044506630085501455
        ],
        "medians": [
            0.3152181674131509,
            0.2578806398305545,
            0.28135419338291867,
            0.23946920317070622,
            0.17697188074607675,
            0.19208511576550666
        ],
        "q1": [
            0.3152181674131509,
            0.24642661501350072,
            0.24642661501350072,
            0.2387191964589173,
            0.17633554603401821,
            0.18976712091673326
        ],
        "q3": [
            0.3152181674131509,
            0.2745841404140517,
            0.2901949046383317,
            0.23946920317070622,
            0.17697188074607675,
            0.19208511576550666
        ],
        "budgets": [
            0,
            603,
            1206,
            1809,
            2412,
            3016
        ],
        "values": [
            [
                0.3152181674131509,
                0.3168090041932972,
                0.3152181674131509,
                0.3152181674131509,
                0.3152181674131509
            ],
            [
                0.2745841404140517,
                0.2578806398305545,
                0.32692295608890637,
                0.24642661501350072,
                0.24642661501350072
            ],
            [
                0.2901949046383317,
                0.24642661501350072,
                0.2901949046383317,
                0.28135419338291867,
                0.17393129755730868
            ],
            [
                0.24501456886609613,
                0.23946920317070622,
                0.23946920317070622,
                0.2261518715038006,
                0.2387191964589173
            ],
            [
                0.17697188074607675,
                0.16345005372287225,
                0.17633554603401821,
                0.21512968604250648,
                0.17697188074607675
            ],
            [
                0.18976712091673326,
                0.19208511576550666,
                0.18060767108921197,
                0.19208511576550666,
                0.19208511576550666
            ]
        ]
    },
    "ACC": {
        "means": [
            0.8030411686586986,
            0.8069189907038513,
            0.799601593625498,
            0.7892695883134131,
            0.7853784860557769,
            0.7846215139442231
        ],