{
    "AUC": {
        "means": [
            0.8539232489531786,
            0.6281158878949372,
            0.5515686262847355,
            0.360743445470118,
            0.360743445470118,
            0.360743445470118
        ],
        "stds": [
            0.0,
            0.0,
            0.0,
            0.0,
            0.0,
            0.0
        ],
        "medians": [
            0.8539232489531786
        ],
        "q1": [
            0.8539232489531786
        ],
        "q3": [
            0.8539232489531786
        ],
        "budgets": [
            0,
            3016,
            6032,
            9048,
            12064,
            15081
        ],
        "values": [
            [
                0.8539232489531786,
                0.8539232489531786,
                0.8539232489531786,
                0.8539232489531786,
                0.8539232489531786
            ]
        ]
    },
    "SPD": {
        "means": [
            0.23049840256834347,
            0.17941914351602178,
            0.19070157189216744,
            0.005178486466728624,
            0.005178486466728624,
            0.005178486466728624
        ],
        "stds": [
            0.0,
            0.0,
            0.0,
            0.0,
            0.0,
            0.0
        ],
        "medians": [
            0.23049840256834347
        ],
        "q1": [
            0.23049840256834347
        ],
        "q3": [
            0.23049840256834347
        ],
        "budgets": [
            0,
            3016,
            6032,
            9048,
            12064,
            15081
        ],
        "values": [
            [
                0.23049840256834347,
                0.23049840256834347,
                0.23049840256834347,
                0.23049840256834347,
                0.23049840256834347
            ]
        ]
    },
    "EO": {
        "means": [
            0.3168090041932973,
            0.1978818165356773,
            0.18365453765484951,
            0.02552022076359023,
            0.02552022076359023,
            0.02552022076359023
        ],
        "stds": [
            0.0,
            0.0,
            0.0,
            0.0,
            0.0,
            0.0
        ],
        "medians": [
            0.3168090041932973
        ],
        "q1": [
            0.3168090041932973
        ],
        "q3": [
            0.3168090041932973
        ],
        "budgets": [
            0,
            3016,
            6032,
            9048,
            12064,
            15081
        ],
        "values": [
            [
                0.3168090041932973,
                0.3168090041932973,
                0.3168090041932973,
                0.3168090041932973,
                0.3168090041932973
            ]
        ]
    },
    "ACC": {
        "means": [
            0.803253652058433,
            0.7765604249667994,
            0.7566401062416999,
            0.7367197875166003,
            0.7367197875166003,
            0.7367197875166003
        ],
        "stds": [
            1.1102230246251565e-16,
            0.0,
            0.0,
            0.0,
            0.0,
            0.0
        ],
        "medians": [
            0.8032536520584329
        ],
        "q1": [
            0.8032536520584329
        ],
        "q3": [
            0.8032536520584329
        ],
        "budgets": [
            0,
            3016,
            6032,
            9048,
            12064,
            15081
        ],
        "values": [
            [
                0.8032536520584329,
                0.8032536520584329,
                0.8032536520584329,
                0.8032536520584329,
                0.8032536520584329
            ]
        ]
    },
    "F1": {
        "means": [
            0.5547708489857252,
            0.4444444444444445,
            0.39471511147811716,
            0.06551967947207164,
            0.06551967947207164,
            0.06551967947207164
        ],
        "stds": [
            0.0,
            5.551115123125783e-17,
            0.0,
            0.0,
            0.0,
            0.0
        ],
        "medians": [
            0.5547708489857252
        ],
        "q1": [
            0.5547708489857252
        ],
        "q3": [
            0.5547708489857252
        ],
        "budgets": [
            0,
            3016,
            6032,
            9048,
            12064,
            15081
        ],
        "values": [
            [
                0.5547708489857252,
                0.5547708489857252,
                0.5547708489857252,
                0.5547708489857252,
                0.5547708489857252
            ]
        ]
    },
    "col_list": [
        [
            [
                "Y"
            ],
            [
                "Y"
            ],
            [
                "Y"
            ],
            [
                "Y"
            ],
            [
                "Y"
            ]
        ],
        [
            [
                "workclass",
                "Y"
            ],
            [
                "workclass",
                "Y"
            ],
            [
                "workclass",
                "Y"
            ],
            [
                "workclass",
                "Y"
            ],
            [
                "workclass",
                "Y"
            ]
        ],
        [
            [
                "hours",
                "Y"
            ],
            [
                "hours",
                "Y"
            ],
            [
                "hours",
                "Y"
            ],
            [
                "hours",
                "Y"
            ],
            [
                "hours",
                "Y"
            ]
        ],
        [
            [
                "relationship",
                "Y"
            ],
            [
                "relationship",
                "Y"
            ],
            [
                "relationship",
                "Y"
            ],
            [
                "relationship",
                "Y"
            ],
            [
                "relationship",
                "Y"
            ]
        ],
        [
            [
                "relationship",
                "Y"
            ],
            [
                "relationship",
                "Y"
            ],
            [
                "relationship",
                "Y"
            ],
            [
                "relationship",
                "Y"
            ],
            [
                "relationship",
                "Y"
            ]
        ],
        [
            [
                "relationship",
                "Y"
            ],
            [
                "relationship",
                "Y"
            ],
            [
                "relationship",
                "Y"
            ],
            [
                "relationship",
                "Y"
            ],
            [
                "relationship",
                "Y"
            ]
        ]
    ],