{
    "AUC": {
        "means": [
            0.853953749524172,
            0.8477934811572135,
            0.8413506804339551,
            0.8105003188047203,
            0.7729533260373049,
            0.6324731633041492
        ],
        "stds": [
            1.1102230246251565e-16,
            0.0034180264976314103,
            0.004790086957825905,
            0.015850601379661617,
            0.007568536477492979,
            0.0
        ],
        "medians": [
            0.8539537495241721,
            0.8499571279025504,
            0.8436276884278645,
            0.8042786686334222,
            0.7787566615911686,
            0.6324731633041492
        ],
        "q1": [
            0.8539537495241721,
            0.8436276884278645,
            0.8360450609059764,
            0.801074800152265,
            0.7636872145032355,
            0.6324731633041492
        ],
        "q3": [
            0.8539537495241721,
            0.8508340550057099,
            0.8436276884278645,
            0.804348044347164,
            0.7792944899124477,
            0.6324731633041492
        ],
        "budgets": [
            0,
            603,
            1206,
            1809,
            2412,
            3016
        ],
        "values": [
            [
                0.8539537495241721,
                0.8539537495241721,
                0.8539537495241721,
                0.8539537495241721,
                0.8539537495241721
            ],
            [
                0.8508340550057099,
                0.8499571279025504,
                0.8509208460220784,
                0.8436276884278645,
                0.8436276884278645
            ],
            [
                0.8478877759802055,
                0.8436276884278645,
                0.8355651884278644,
                0.8360450609059764,
                0.8436276884278645
            ],
            [
                0.8420543395508184,
                0.804348044347164,
                0.8042786686334222,
                0.8007457413399315,
                0.801074800152265
            ],
            [
                0.7787566615911686,
                0.7792944899124477,
                0.779341049676437,
                0.7636872145032355,
                0.7636872145032355
            ],
            [
                0.6324731633041492,
                0.6324731633041492,
                0.6324731633041492,
                0.6324731633041492,
                0.6324731633041492
            ]
        ]
    },
    "SPD": {
        "means": [
            0.23049840256834347,
            0.207992255348514,
            0.21033015767344806,
            0.17307047424636796,
            0.13405808219819978,
            0.13558170970591457
        ],
        "stds": [
            0.0,
            0.004085713521743375,
            0.03242654321680026,
            0.03660945582387997,
            0.013656195864526786,
            0.0
        ],
        "medians": [
            0.23049840256834347,
            0.20833276582256302,
            0.2034715571592201,
            0.15638891121599402,
            0.12900452900674755,
            0.13558170970591457
        ],
        "q1": [
            0.23049840256834347,
            0.2034715571592201,
            0.18593694871427066,
            0.15317087942197788,
            0.1204157223839079,
            0.13558170970591457
        ],
        "q3": [
            0.23049840256834347,
            0.21082230435075386,
            0.2034715571592201,
            0.15638891121599402,
            0.15032576990416735,
            0.13558170970591457
        ],
        "budgets": [
            0,
            603,
            1206,
            1809,
            2412,
            3016
        ],
        "values": [
            [
                0.23049840256834347,
                0.23049840256834347,
                0.23049840256834347,
                0.23049840256834347,
                0.23049840256834347
            ],
            [
                0.21082230435075386,
                0.20833276582256302,
                0.21386309225081312,
                0.2034715571592201,
                0.2034715571592201
            ],
            [
                0.27321510373933067,
                0.2034715571592201,
                0.18555562159519867,
                0.18593694871427066,
                0.2034715571592201
            ],
            [
                0.24623278995589587,
                0.15638891121599402,
                0.15638891121599402,
                0.15317087942197788,
                0.15317087942197788
            ],
            [
                0.1204157223839079,
                0.12900452900674755,
                0.12021861979200883,
                0.15032576990416735,
                0.15032576990416735
            ],
            [
                0.13558170970591457,
                0.13558170970591457,
                0.13558170970591457,
                0.13558170970591457,
                0.13558170970591457
            ]
        ]
    },
    "EO": {
        "means": [
            0.3168090041932973,
            0.26767071220934385,
            0.2776106716872752,
            0.24199283580793657,
            0.19493948251250534,
            0.1920851157655067
        ],
        "stds": [
            0.0,
            0.020181594396163273,
            0.027034883117075085,
            0.021262672970937063,
            0.017313216249725694,
            0.0
        ],
        "medians": [
            0.3168090041932973,
            0.2578806398305545,
            0.27987702860250274,
            0.23946920317070625,
            0.19113061369741885,
            0.1920851157655067
        ],
        "q1": [
            0.3168090041932973,
            0.2508809579979105,
            0.2508809579979105,
            0.2243565393673553,
            0.17697188074607678,
            0.1920851157655067
        ],
        "q3": [
            0.3168090041932973,
            0.2745841404140517,
            0.2818768560952468,
            0.23946920317070625,
            0.21512968604250646,
            0.1920851157655067
        ],
        "budgets": [
            0,
            603,
            1206,
            1809,
            2412,
            3016
        ],
        "values": [
            [
                0.3168090041932973,
                0.3168090041932973,
                0.3168090041932973,
                0.3168090041932973,
                0.3168090041932973
            ],
            [
                0.2745841404140517,
                0.2578806398305545,
                0.30412686480629203,
                0.2508809579979105,
                0.2508809579979105
            ],
            [
                0.3245375577428054,
                0.2508809579979105,
                0.2818768560952468,
                0.27987702860250274,
                0.2508809579979105
            ],
            [
                0.28231269396355985,
                0.23946920317070625,
                0.23946920317070625,
                0.2243565393673553,
                0.2243565393673553
            ],
            [
                0.17697188074607678,
                0.19113061369741885,
                0.1763355460340182,
                0.21512968604250646,
                0.21512968604250646
            ],
            [
                0.1920851157655067,
                0.1920851157655067,
                0.1920851157655067,
                0.1920851157655067,
                0.1920851157655067
            ]
        ]
    },
    "ACC": {
        "means": [
            0.803253652058433,
            0.8056706507304117,
            0.7991102257636122,
            0.7890703851261621,
            0.786281540504648,
            0.7840637450199203
        ],