{
    "AUC": {
        "means": [
            0.8538774862009898,
            0.8424156095355919,
            0.8077616768176628,
            0.7683489270079937,
            0.628888430243624
        ],
        "stds": [
            0.0,
            0.00444711545697187,
            0.010355447653203858,
            0.006686928670842149,
            0.0
        ],
        "medians": [
            0.8538774862009898,
            0.8438280476779596,
            0.8024142082223069,
            0.7628890726113436,
            0.628888430243624
        ],
        "q1": [
            0.8538774862009898,
            0.8438280476779596,
            0.8013754996193376,
            0.7628890726113436,
            0.628888430243624
        ],
        "q3": [
            0.8538774862009898,
            0.8440444423296536,
            0.8053793300342595,
            0.7765387086029691,
            0.628888430243624
        ],
        "budgets": [
            0,
            1206,
            1809,
            2412,
            3016
        ],
        "values": [
            [
                0.8538774862009898,
                0.8538774862009898,
                0.8538774862009898,
                0.8538774862009898,
                0.8538774862009898
            ],
            [
                0.8438280476779596,
                0.8440444423296536,
                0.8466044918157595,
                0.8337730181766274,
                0.8438280476779596
            ],
            [
                0.8013754996193376,
                0.8024142082223069,
                0.828263846593072,
                0.8013754996193376,
                0.8053793300342595
            ],
            [
                0.7765387086029691,
                0.7628890726113436,
                0.7765387086029691,
                0.7628890726113436,
                0.7628890726113436
            ],
            [
                0.628888430243624,
                0.628888430243624,
                0.628888430243624,
                0.628888430243624,
                0.628888430243624
            ]
        ]
    },
    "SPD": {
        "means": [
            0.21366544805806104,
            0.1793629413949163,
            0.14585568932940607,
            0.14307250284245165,
            0.10183799069613986
        ],
        "stds": [
            2.7755575615628914e-17,
            0.004686671941111389,
            0.017360470711798533,
            0.012462568987516541,
            0.0
        ],
        "medians": [
            0.21366544805806106,
            0.18019521741974492,
            0.15405784108552376,
            0.15324814781033483,
            0.10183799069613986
        ],
        "q1": [
            0.21366544805806106,
            0.1788605725029929,
            0.1530381671537096,
            0.1278090353906269,
            0.10183799069613986
        ],
        "q3": [
            0.21366544805806106,
            0.18351214151765505,
            0.15405784108552376,
            0.15324814781033483,
            0.10183799069613986
        ],
        "budgets": [
            0,
            1206,
            1809,
            2412,
            3016
        ],
        "values": [
            [
                0.21366544805806106,
                0.21366544805806106,
                0.21366544805806106,
                0.21366544805806106,
                0.21366544805806106
            ],
            [
                0.18351214151765505,
                0.1707346340165334,
                0.18019521741974492,
                0.1788605725029929,
                0.18351214151765505
            ],
            [
                0.15405784108552376,
                0.11123005156180535,
                0.1530381671537096,
                0.15405784108552376,
                0.15689454576046788
            ],
            [
                0.1278090353906269,
                0.15324814781033483,
                0.1278090353906269,
                0.15324814781033483,
                0.15324814781033483
            ],
            [
                0.10183799069613986,
                0.10183799069613986,
                0.10183799069613986,
                0.10183799069613986,
                0.10183799069613986
            ]
        ]
    },
    "EO": {
        "means": [
            0.29908245561222646,
            0.2091009573010269,
            0.20695764032922614,
            0.21137965248356183,
            0.09629560660577124
        ],
        "stds": [
            0.0,
            0.05600322515817398,
            0.05533987879918233,
            0.020763948829836662,
            0.0
        ],
        "medians": [
            0.29908245561222646,
            0.17572662969375397,
            0.2249928740794139,
            0.22833334570968172,
            0.09629560660577124
        ],
        "q1": [
            0.29908245561222646,
            0.17572662969375397,
            0.2249928740794139,
            0.185949112644382,
            0.09629560660577124
        ],
        "q3": [
            0.29908245561222646,
            0.2756728782607156,
            0.24158270266318072,
            0.22833334570968172,
            0.09629560660577124
        ],
        "budgets": [
            0,
            1206,
            1809,
            2412,
            3016
        ],
        "values": [
            [
                0.29908245561222646,
                0.29908245561222646,
                0.29908245561222646,
                0.29908245561222646,
                0.29908245561222646
            ],
            [
                0.17572662969375397,
                0.14202430981389208,
                0.2756728782607156,
                0.27635433904301887,
                0.17572662969375397
            ],
            [
                0.2249928740794139,
                0.09756884724596737,
                0.24565090357815464,
                0.2249928740794139,
                0.24158270266318072
            ],
            [
                0.185949112644382,
                0.22833334570968172,
                0.185949112644382,
                0.22833334570968172,
                0.22833334570968172
            ],
            [
                0.09629560660577124,
                0.09629560660577124,
                0.09629560660577124,
                0.09629560660577124,
                0.09629560660577124
            ]
        ]
    },
    "ACC": {
        "means": [
            0.8060424966799469,
            0.8044090305444886,
            0.79,
            0.7868393094289509,
            0.7906374501992032
        ],
        "stds": [
            0.0,
            0.006997878144939126,
            0.003453774522637039,
            0.0016915467015235853,
            0.0
        ],
        "medians": [
            0.8060424966799469,
            0.8070385126162019,
            0.7876494023904382,
            0.7854581673306773,
            0.7906374501992032
        ],
        "q1": [
            0.8060424966799469,
            0.798937583001328,
            0.7872509960159363,
            0.7854581673306773,
            0.7906374501992032
        ],
        "q3": [
            0.8060424966799469,
            0.8070385126162019,
            0.7918990703851262,
            0.7889110225763613,
            0.7906374501992032
        ],
        "budgets": [
            0,
            1206,
            1809,
            2412,
            3016
        ],