{
    "AUC": {
        "means": [
            0.8531115483441187,
            0.6136805671869052,
            0.46154297202131706,
            0.3512280643319376,
            0.3534920370194138,
            0.34746959697373436
        ],
        "stds": [
            0.0002651718014760146,
            0.007964018891727306,
            0.0008660738870335046,
            0.004531227793418557,
            0.0029486885171422584,
            0.01143345452029517
        ],
        "medians": [
            0.8532241625428245
        ],
        "q1": [
            0.8529061072516179
        ],
        "q3": [
            0.8533434169204417
        ],
        "budgets": [
            0,
            3016,
            6032,
            9048,
            12064,
            15081
        ],
        "values": [
            [
                0.8533434169204417,
                0.8529061072516179,
                0.8532241625428245,
                0.853383541111534,
                0.8527005138941759
            ]
        ]
    },
    "SPD": {
        "means": [
            0.2018975447247465,
            0.1496959523018949,
            0.16618411167360259,
            0.004335266092811811,
            0.004531080878238279,
            0.057819774533169645
        ],
        "stds": [
            0.0022468335407735303,
            0.006189854854443146,
            0.0005076444500657333,
            0.001998893116279635,
            0.002143933067480086,
            0.10755740768456828
        ],
        "medians": [
            0.20225708745395465
        ],
        "q1": [
            0.2002087931466069
        ],
        "q3": [
            0.20344614203771225
        ],
        "budgets": [
            0,
            3016,
            6032,
            9048,
            12064,
            15081
        ],
        "values": [
            [
                0.20225708745395465,
                0.19863841144377728,
                0.2049372895416815,
                0.20344614203771225,
                0.2002087931466069
            ]
        ]
    },
    "EO": {
        "means": [
            0.1601295746553711,
            0.09122012325700554,
            0.11227948917288484,
            0.03456976861750286,
            0.034274335661419665,
            0.05109310764966862
        ],
        "stds": [
            0.004291966030926128,
            0.009086938036806925,
            0.0003244683113962938,
            0.004570107455747258,
            0.004445291529664008,
            0.03457499384792303
        ],
        "medians": [
            0.1607750488246944
        ],
        "q1": [
            0.15791154262043094
        ],
        "q3": [
            0.16297937167373738
        ],
        "budgets": [
            0,
            3016,
            6032,
            9048,
            12064,
            15081
        ],
        "values": [
            [
                0.16297937167373738,
                0.15325270427972226,
                0.1607750488246944,
                0.1657292058782704,
                0.15791154262043094
            ]
        ]
    },
    "ACC": {
        "means": [
            0.8145418326693227,
            0.763227091633466,
            0.7058034528552456,
            0.7408897742363878,
            0.7410092961487384,
            0.6634262948207171
        ],
        "stds": [
            0.00037326611746493245,
            0.00032907069570688017,
            0.00018111795082317639,
            0.0004511364608622376,
            0.00039080847196711353,
            0.15515321407094926
        ],
        "medians": [
            0.8143426294820717
        ],
        "q1": [
            0.8143426294820717
        ],
        "q3": [
            0.8146746347941567
        ],
        "budgets": [
            0,
            3016,
            6032,
            9048,
            12064,
            15081
        ],
        "values": [
            [
                0.8146746347941567,
                0.8143426294820717,
                0.8152058432934927,
                0.8143426294820717,
                0.8141434262948207
            ]
        ]
    },
    "F1": {
        "means": [
            0.5963280834297874,
            0.4173731199765788,
            0.26643261766857457,
            0.056662856162036944,
            0.05650434484862541,
            0.11233402890259873
        ],
        "stds": [
            0.001057950404269566,
            0.008116824140932895,
            0.00024930919792978196,
            0.0013219087340518034,
            0.0014318255894204433,
            0.11103088629061428
        ],
        "medians": [
            0.5959537572254335
        ],
        "q1": [
            0.595928973581637
        ],
        "q3": [
            0.5961510635219216
        ],
        "budgets": [
            0,
            3016,
            6032,
            9048,
            12064,
            15081
        ],
        "values": [
            [
                0.5961510635219216,
                0.5952518818760857,
                0.5983547409438591,
                0.5959537572254335,
                0.595928973581637
            ]
        ]
    },