{
    "AUC": {
        "means": [
            0.8539754234868671,
            0.6658262561857633,
            0.6446605871716786,
            0.3571778216596878,
            0.3152874095926913,
            0.3152776836695851
        ],
        "stds": [
            1.0468214693570842e-05,
            0.07304460400899815,
            0.08392145456768688,
            0.061897569314081365,
            0.0018817862489423148,
            0.0018733374366633096
        ],
        "medians": [
            0.8539806575942139
        ],
        "q1": [
            0.8539806575942139
        ],
        "q3": [
            0.8539806575942139
        ],
        "budgets": [
            0,
            3016,
            6032,
            9048,
            12064,
            15081
        ],
        "values": [
            [
                0.8539806575942139,
                0.85395448705748,
                0.8539806575942139,
                0.8539806575942139,
                0.8539806575942139
            ]
        ]
    },
    "SPD": {
        "means": [
            0.2300253563477857,
            0.13397280212907708,
            0.07039025811713746,
            0.002210802646245702,
            0.0008369538514550578,
            0.11056047243320859
        ],
        "stds": [
            0.00023652311027890782,
            0.003557991603685081,
            0.032693131016137,
            0.0013098397716931305,
            0.00014799470188520318,
            0.13448202502895257
        ],
        "medians": [
            0.2299070947926462
        ],
        "q1": [
            0.2299070947926462
        ],
        "q3": [
            0.2299070947926462
        ],
        "budgets": [
            0,
            3016,
            6032,
            9048,
            12064,
            15081
        ],
        "values": [
            [
                0.2299070947926462,
                0.23049840256834347,
                0.2299070947926462,
                0.2299070947926462,
                0.2299070947926462
            ]
        ]
    },
    "EO": {
        "means": [
            0.31553633476918014,
            0.19338040534635403,
            0.04393645563850247,
            0.0032951170735914803,
            0.008862988682495854,
            0.05357275664881237
        ],
        "stds": [
            0.0006363347120585284,
            0.003855553085191657,
            0.07408961758461753,
            0.002216380677824392,
            0.0,
            0.054758059017854105
        ],
        "medians": [
            0.3152181674131509
        ],
        "q1": [
            0.3152181674131509
        ],
        "q3": [
            0.3152181674131509
        ],
        "budgets": [
            0,
            3016,
            6032,
            9048,
            12064,
            15081
        ],
        "values": [
            [
                0.3152181674131509,
                0.3168090041932972,
                0.3152181674131509,
                0.3152181674131509,
                0.3152181674131509
            ]
        ]
    },
    "ACC": {
        "means": [
            0.8030411686586986,
            0.7842496679946878,
            0.7731208499335989,
            0.7537715803452857,
            0.7543160690571049,
            0.5931474103585657
        ],
        "stds": [
            0.00010624169986717112,
            0.000412328677191484,
            0.0054444660220025415,
            0.0002829651494377317,
            0.0,
            0.19739048817009727
        ],
        "medians": [
            0.802988047808765
        ],
        "q1": [
            0.802988047808765
        ],
        "q3": [
            0.802988047808765
        ],
        "budgets": [
            0,
            3016,
            6032,
            9048,
            12064,
            15081
        ],
        "values": [
            [
                0.802988047808765,
                0.8032536520584329,
                0.802988047808765,
                0.802988047808765,
                0.802988047808765
            ]
        ]
    },
    "F1": {
        "means": [
            0.5539681568628693,
            0.39674619320322996,
            0.28537903527743574,
            0.01581374267664366,
            0.00644468313641246,
            0.13032998546291716
        ],
        "stds": [
            0.00040134606142796516,
            0.006277043612904383,
            0.05742338019285677,
            0.00161926087572151,
            0.0,
            0.15172788866518314
        ],
        "medians": [
            0.5537674838321552
        ],
        "q1": [
            0.5537674838321552
        ],
        "q3": [
            0.5537674838321552
        ],
        "budgets": [
            0,
            3016,
            6032,
            9048,
            12064,
            15081
        ],
        "values": [
            [
                0.5537674838321552,
                0.5547708489857252,
                0.5537674838321552,
                0.5537674838321552,
                0.5537674838321552
            ]
        ]
    },