{
    "AUC": {
        "means": [
            0.8601683431671108,
            0.6296300485344499,
            0.6590149647887323,
            0.2658318233726684,
            0.2658318233726684,
            0.2941171488389798
        ],
        "stds": [
            0.0021790444220574925,
            0.009360805387061319,
            0.05614192792201474,
            0.046034195029190456,
            0.046034195029190456,
            0.05574884306860489
        ],
        "medians": [
            0.8606218119527979
        ],
        "q1": [
            0.8591233346022078
        ],
        "q3": [
            0.8613565854586982
        ],
        "budgets": [
            0,
            3016,
            6032,
            9048,
            12064,
            15081
        ],
        "values": [
            [
                0.8613565854586982,
                0.8566409402360107,
                0.8606218119527979,
                0.8630990435858393,
                0.8591233346022078
            ]
        ]
    },
    "SPD": {
        "means": [
            0.1955667282239498,
            0.14910640573193434,
            0.1165536108318245,
            0.006552319214086613,
            0.006552319214086613,
            0.00792817393796235
        ],
        "stds": [
            0.0068721521482018365,
            0.006499016005660181,
            0.02560730732246099,
            0.0011169189306218053,
            0.0011169189306218053,
            0.003234466960746133
        ],
        "medians": [
            0.1986112311046746
        ],
        "q1": [
            0.1926659581858867
        ],
        "q3": [
            0.20079867671265372
        ],
        "budgets": [
            0,
            3016,
            6032,
            9048,
            12064,
            15081
        ],
        "values": [
            [
                0.1926659581858867,
                0.2022764045510439,
                0.1986112311046746,
                0.18348137056549008,
                0.20079867671265372
            ]
        ]
    },
    "EO": {
        "means": [
            0.15017944753123272,
            0.13250876388269278,
            0.09910450455287775,
            0.006408815920477583,
            0.006408815920477583,
            0.008581493398741383
        ],
        "stds": [
            0.010616301392211534,
            0.017004223682325133,
            0.025571620153716567,
            0.0017220937468058993,
            0.0017220937468058993,
            0.0045673645629357666
        ],
        "medians": [
            0.14484326116398988
        ],
        "q1": [
            0.1422984935318347
        ],
        "q3": [
            0.1575471067619989
        ],
        "budgets": [
            0,
            3016,
            6032,
            9048,
            12064,
            15081
        ],
        "values": [
            [
                0.14484326116398988,
                0.1422984935318347,
                0.1575471067619989,
                0.138934602042326,
                0.16727377415601402
            ]
        ]
    },
    "ACC": {
        "means": [
            0.8101062416998671,
            0.7880212483399734,
            0.7764940239043825,
            0.7541301460823372,
            0.7541301460823372,
            0.7550464807436919
        ],
        "stds": [
            0.0032154573068624652,
            0.000656800160365373,
            0.010908868046795769,
            0.00015372957374223852,
            0.00015372957374223852,
            0.001865385370456146
        ],
        "medians": [
            0.8092297476759628
        ],
        "q1": [
            0.8088977423638778
        ],
        "q3": [
            0.8095617529880478
        ],
        "budgets": [
            0,
            3016,
            6032,
            9048,
            12064,
            15081
        ],
        "values": [
            [
                0.8095617529880478,
                0.8066401062416999,
                0.8092297476759628,
                0.8162018592297476,
                0.8088977423638778
            ]
        ]
    },
    "F1": {
        "means": [
            0.5753596326976307,
            0.4570033871769409,
            0.3782998293744317,
            0.020725220454762446,
            0.020725220454762446,
            0.028268951087376953
        ],
        "stds": [
            0.003562400239222149,
            0.005517388461947054,
            0.057230683617209,
            0.0028227468128523654,
            0.0028227468128523654,
            0.016992982871491712
        ],
        "medians": [
            0.5733768158908983
        ],
        "q1": [
            0.5732957077083024
        ],
        "q3": [
            0.5780933062880323
        ],
        "budgets": [
            0,
            3016,
            6032,
            9048,
            12064,
            15081
        ],
        "values": [
            [
                0.5711722488038278,
                0.5780933062880323,
                0.5732957077083024,
                0.5808600847970927,
                0.5733768158908983
            ]
        ]
    },