{
    "AUC": {
        "means": [
            0.8538774862009898,
            0.6798483512561857,
            0.5112967857822611,
            0.48637161924248196,
            0.5,
            0.3177762894937191
        ],
        "stds": [
            0.0,
            0.062412901906655584,
            0.022593571564522286,
            0.027256761515036157,
            0.0,
            0.0
        ],
        "medians": [
            0.8538774862009898
        ],
        "q1": [
            0.8538774862009898
        ],
        "q3": [
            0.8538774862009898
        ],
        "budgets": [
            0,
            3016,
            6032,
            9048,
            12064,
            15081
        ],
        "values": [
            [
                0.8538774862009898,
                0.8538774862009898,
                0.8538774862009898,
                0.8538774862009898,
                0.8538774862009898
            ]
        ]
    },
    "SPD": {
        "means": [
            0.21366544805806104,
            0.10917915355850516,
            0.010123916068637356,
            0.0009658027003055091,
            0.0,
            0.29215051264225766
        ],
        "stds": [
            2.7755575615628914e-17,
            0.008991051565732315,
            0.020247832137274713,
            0.0019316054006110182,
            0.0,
            0.0
        ],
        "medians": [
            0.21366544805806106
        ],
        "q1": [
            0.21366544805806106
        ],
        "q3": [
            0.21366544805806106
        ],
        "budgets": [
            0,
            3016,
            6032,
            9048,
            12064,
            15081
        ],
        "values": [
            [
                0.21366544805806106,
                0.21366544805806106,
                0.21366544805806106,
                0.21366544805806106,
                0.21366544805806106
            ]
        ]
    },
    "EO": {
        "means": [
            0.29908245561222646,
            0.13291124273198945,
            0.0019400782908757964,
            0.0015272033089405027,
            0.0,
            0.11168416777530188
        ],
        "stds": [
            0.0,
            0.04484481255832632,
            0.0038801565817515927,
            0.0030544066178810054,
            0.0,
            0.0
        ],
        "medians": [
            0.29908245561222646
        ],
        "q1": [
            0.29908245561222646
        ],
        "q3": [
            0.29908245561222646
        ],
        "budgets": [
            0,
            3016,
            6032,
            9048,
            12064,
            15081
        ],
        "values": [
            [
                0.29908245561222646,
                0.29908245561222646,
                0.29908245561222646,
                0.29908245561222646,
                0.29908245561222646
            ]
        ]
    },
    "ACC": {
        "means": [
            0.8060424966799469,
            0.7884329349269588,
            0.7575298804780877,
            0.7543027888446217,
            0.7543160690571049,
            0.3554448871181939
        ],
        "stds": [
            0.0,
            0.0026999687735856943,
            0.006427622841965475,
            2.656042496678168e-05,
            0.0,
            0.0
        ],
        "medians": [
            0.8060424966799469
        ],
        "q1": [
            0.8060424966799469
        ],
        "q3": [
            0.8060424966799469
        ],
        "budgets": [
            0,
            3016,
            6032,
            9048,
            12064,
            15081
        ],
        "values": [
            [
                0.8060424966799469,
                0.8060424966799469,
                0.8060424966799469,
                0.8060424966799469,
                0.8060424966799469
            ]
        ]
    },
    "F1": {
        "means": [
            0.5488803088803089,
            0.3883125811479601,
            0.04984802431610942,
            0.002560682848759669,
            0.0,
            0.3059984271108887
        ],
        "stds": [
            0.0,
            0.011224744116084024,
            0.09969604863221884,
            0.005121365697519338,
            0.0,
            0.0
        ],
        "medians": [
            0.5488803088803089
        ],
        "q1": [
            0.5488803088803089
        ],
        "q3": [
            0.5488803088803089
        ],
        "budgets": [
            0,
            3016,
            6032,
            9048,
            12064,
            15081
        ],
        "values": [
            [
                0.5488803088803089,
                0.5488803088803089,
                0.5488803088803089,
                0.5488803088803089,
                0.5488803088803089
            ]
        ]
    },
    "col_list": [
        [
            [
                "workclass",
                "Y"
            ],
            [
                "workclass",
                "Y"
            ],
            [
                "workclass",
                "Y"
            ],
            [
                "workclass",
                "Y"
            ],
            [
                "workclass",
                "Y"
            ]
        ],
        [
            [
                "marital",
                "workclass",
                "Y"
            ],
            [
                "marital",
                "workclass",
                "Y"
            ],
            [
                "marital",
                "workclass",
                "Y"
            ],
            [
                "marital",
                "workclass",
                "Y"
            ],
            [
                "marital",
                "workclass",
                "Y"
            ]
        ],
        [
            [
                "education",
                "hours",
                "workclass",
                "Y"
            ],
            [
                "education",
                "hours",
                "workclass",
                "Y"
            ],
            [
                "education",
                "hours",
                "workclass",
                "Y"
            ],
            [
                "education",
                "hours",
                "workclass",
                "Y"
            ],
            [
                "education",
                "hours",
                "workclass",
                "Y"
            ]
        ],
        [
            [
                "education",
                "marital",
                "Y"
            ],
            [
                "education",
                "marital",
                "Y"
            ],
            [
                "education",
                "marital",
                "Y"
            ],
            [
                "education",
                "marital",
                "Y"
            ],
            [
                "education",
                "marital",
                "Y"
            ]
        ],
        [
            [
                "marital",
                "Y"
            ],
            [
                "marital",
                "Y"
            ],
            [
                "marital",
                "Y"
            ],
            [
                "marital",
                "Y"
            ],
            [
                "marital",
                "Y"
            ]
        ],
        [
            [
                "marital",
                "Y"
            ],
            [
                "marital",
                "Y"
            ],
            [
                "marital",
                "Y"
            ],
            [
                "marital",
                "Y"
            ],
            [
                "marital",
                "Y"
            ]
        ]
    ],