{
    "AUC": {
        "means": [
            0.8531115483441187,
            0.6110364817282071,
            0.38470991149600303,
            0.3936724043585839,
            0.3618680552912067,
            0.37204635753711457
        ],
        "stds": [
            0.0002651718014760146,
            0.01310613148180138,
            0.00752028608319077,
            0.06827330857510698,
            0.010879017300933326,
            0.022537009210816025
        ],
        "medians": [
            0.8532241625428245
        ],
        "q1": [
            0.8529061072516179
        ],
        "q3": [
            0.8533434169204417
        ],
        "budgets": [
            0,
            3016,
            6032,
            9048,
            12064,
            15081
        ],
        "values": [
            [
                0.8533434169204417,
                0.8529061072516179,
                0.8532241625428245,
                0.853383541111534,
                0.8527005138941759
            ]
        ]
    },
    "SPD": {
        "means": [
            0.2018975447247465,
            0.10000589943743918,
            0.017387337143381663,
            0.0146080140758451,
            0.010581075330841395,
            0.012257735168456218
        ],
        "stds": [
            0.0022468335407735303,
            0.007934675771516743,
            0.00417702568215495,
            0.005992177984371617,
            0.005389634045917337,
            0.004066974631136663
        ],
        "medians": [
            0.20225708745395465
        ],
        "q1": [
            0.2002087931466069
        ],
        "q3": [
            0.20344614203771225
        ],
        "budgets": [
            0,
            3016,
            6032,
            9048,
            12064,
            15081
        ],
        "values": [
            [
                0.20225708745395465,
                0.19863841144377728,
                0.2049372895416815,
                0.20344614203771225,
                0.2002087931466069
            ]
        ]
    },
    "EO": {
        "means": [
            0.1601295746553711,
            0.0685832870172296,
            0.015720323468241242,
            0.014230477690870425,
            0.013748257076938811,
            0.01296637650793905
        ],
        "stds": [
            0.004291966030926128,
            0.002923023727175188,
            0.008005703285501958,
            0.002561242057683693,
            0.005723151160647043,
            0.004549737476673793
        ],
        "medians": [
            0.1607750488246944
        ],
        "q1": [
            0.15791154262043094
        ],
        "q3": [
            0.16297937167373738
        ],
        "budgets": [
            0,
            3016,
            6032,
            9048,
            12064,
            15081
        ],
        "values": [
            [
                0.16297937167373738,
                0.15325270427972226,
                0.1607750488246944,
                0.1657292058782704,
                0.15791154262043094
            ]
        ]
    },
    "ACC": {
        "means": [
            0.8145418326693227,
            0.7759628154050465,
            0.7558300132802125,
            0.7529482071713147,
            0.7524302788844621,
            0.7537848605577688
        ],
        "stds": [
            0.00037326611746493245,
            0.0030347537555810984,
            0.0014163208082756827,
            0.0032715177441315145,
            0.0034046590328449416,
            0.004254852415299024
        ],
        "medians": [
            0.8143426294820717
        ],
        "q1": [
            0.8143426294820717
        ],
        "q3": [
            0.8146746347941567
        ],
        "budgets": [
            0,
            3016,
            6032,
            9048,
            12064,
            15081
        ],
        "values": [
            [
                0.8146746347941567,
                0.8143426294820717,
                0.8152058432934927,
                0.8143426294820717,
                0.8141434262948207
            ]
        ]
    },
    "F1": {
        "means": [
            0.5963280834297874,
            0.36290766171160105,
            0.10925710238086342,
            0.07773712739869602,
            0.06900569709040219,
            0.07791878181193243
        ],
        "stds": [
            0.001057950404269566,
            0.013956030922548393,
            0.00423041756942932,
            0.01601976060655668,
            0.02307473812517439,
            0.024220133794291075
        ],
        "medians": [
            0.5959537572254335
        ],
        "q1": [
            0.595928973581637
        ],
        "q3": [
            0.5961510635219216
        ],
        "budgets": [
            0,
            3016,
            6032,
            9048,
            12064,
            15081
        ],
        "values": [
            [
                0.5961510635219216,
                0.5952518818760857,
                0.5983547409438591,
                0.5959537572254335,
                0.595928973581637
            ]
        ]
    },