{
    "AUC": {
        "means": [
            0.8597392082223069,
            0.7017699847735058,
            0.7710792586600685,
            0.5864491268557289,
            0.6304309407118385,
            0.3720732346783403
        ],
        "stds": [
            0.00012088026561581502,
            0.009204071091131295,
            0.02421417683570629,
            0.008087154087743766,
            0.08754807653532044,
            0.020111589415146885
        ],
        "medians": [
            0.8598124286258089
        ],
        "q1": [
            0.8596610677578989
        ],
        "q3": [
            0.8598358631518843
        ],
        "budgets": [
            0,
            3016,
            6032,
            9048,
            12064,
            15081
        ],
        "values": [
            [
                0.8596610677578989,
                0.8595383517320137,
                0.8598124286258089,
                0.8598358631518843,
                0.8598483298439284
            ]
        ]
    },
    "SPD": {
        "means": [
            0.21408351176239707,
            0.15790301056055467,
            0.11961134080893625,
            0.7801770236429434,
            0.6362026470601274,
            0.25058760984542894
        ],
        "stds": [
            0.027439284905029428,
            0.0010451483878208521,
            0.026611051224129052,
            0.015051867057917282,
            0.2872797953892396,
            0.0321320142450717
        ],
        "medians": [
            0.19665023483110908
        ],
        "q1": [
            0.19647244933629923
        ],
        "q3": [
            0.23699187584679043
        ],
        "budgets": [
            0,
            3016,
            6032,
            9048,
            12064,
            15081
        ],
        "values": [
            [
                0.19647244933629923,
                0.19665023483110908,
                0.23699187584679043,
                0.18442987413336592,
                0.2558731246644206
            ]
        ]
    },
    "EO": {
        "means": [
            0.27286637942114106,
            0.14725824850298547,
            0.2035432533383295,
            0.5235762010817689,
            0.49994716251268817,
            0.12913162018015012
        ],
        "stds": [
            0.042523964502747535,
            0.00622733077803214,
            0.031390710442529786,
            0.022494769587148983,
            0.051117886331118245,
            0.049261973676344904
        ],
        "medians": [
            0.24865378650570563
        ],
        "q1": [
            0.24610844765747147
        ],
        "q3": [
            0.3051287778089408
        ],
        "budgets": [
            0,
            3016,
            6032,
            9048,
            12064,
            15081
        ],
        "values": [
            [
                0.24610844765747147,
                0.24865378650570563,
                0.3051287778089408,
                0.2251094021595395,
                0.33933148297404797
            ]
        ]
    },
    "ACC": {
        "means": [
            0.8122177954847277,
            0.78867197875166,
            0.7269986719787517,
            0.5532536520584329,
            0.5984196547144754,
            0.37970783532536523
        ],
        "stds": [
            0.0010355159994485097,
            0.0006349552769127333,
            0.029094475484356414,
            0.001545876059339014,
            0.09027881608798063,
            0.015888518587914593
        ],
        "medians": [
            0.8126162018592298
        ],
        "q1": [
            0.8113545816733068
        ],
        "q3": [
            0.8129482071713148
        ],
        "budgets": [
            0,
            3016,
            6032,
            9048,
            12064,
            15081
        ],
        "values": [
            [
                0.8126162018592298,
                0.8129482071713148,
                0.8134794156706507,
                0.8113545816733068,
                0.8106905710491368
            ]
        ]
    },
    "F1": {
        "means": [
            0.0,
            0.0,
            0.37389521590229896,
            0.17041365075037468,
            0.13765999418006486,
            0.3975692945263584
        ],
        "stds": [
            0.0,
            0.0,
            0.20350894320204083,
            0.023364776746263256,
            0.07261157664717735,
            0.0024781344273392767
        ],
        "medians": [
            0.0
        ],
        "q1": [
            0.0
        ],
        "q3": [
            0.0
        ],
        "budgets": [
            0,
            3016,
            6032,
            9048,
            12064,
            15081
        ],
        "values": [
            [
                0.0,
                0.0,
                0.0,
                0.0,
                0.0
            ]
        ]
    },
    "col_list": [
        [
            [
                "workclass",
                "Y"
            ],
            [
                "workclass",
                "Y"
            ],
            [
                "workclass",
                "Y"
            ],
            [
                "workclass",
                "Y"
            ],
            [
                "workclass",
                "Y"
            ]
        ],
        [
            [
                "workclass",
                "Y"
            ],
            [
                "workclass",
                "Y"
            ],
            [
                "workclass",
                "Y"
            ],
            [
                "workclass",
                "Y"
            ],
            [
                "workclass",
                "Y"
            ]
        ],
        [
            [
                "race",
                "Y"
            ],
            [
                "race",
                "Y"
            ],
            [
                "race",
                "Y"
            ],
            [
                "race",
                "Y"
            ],
            [
                "race",
                "Y"
            ]
        ],
        [
            [
                "gender",
                "Y"
            ],
            [
                "gender",
                "Y"
            ],
            [
                "gender",
                "Y"
            ],
            [
                "gender",
                "Y"
            ],
            [
                "gender",
                "Y"
            ]
        ],
        [
            [
                "gender",
                "Y"
            ],
            [
                "gender",
                "Y"
            ],
            [
                "gender",
                "Y"
            ],
            [
                "gender",
                "Y"
            ],
            [
                "gender",
                "Y"
            ]
        ],
        [
            [
                "marital",
                "Y"
            ],
            [
                "marital",
                "Y"
            ],
            [
                "marital",
                "Y"
            ],
            [
                "marital",
                "Y"
            ],
            [
                "marital",
                "Y"
            ]
        ]
    ],