{
    "AUC": {
        "means": [
            0.8645198896079178,
            0.571880360201751,
            0.4824675509135896,
            0.4761939189189189,
            0.5474024624095927,
            0.5140919585078036
        ],
        "stds": [
            0.0,
            0.01674452830723944,
            0.033140253454800137,
            0.0021585775715438193,
            0.14234568133007455,
            0.1722014738984406
        ],
        "medians": [
            0.8645198896079178
        ],
        "q1": [
            0.8645198896079178
        ],
        "q3": [
            0.8645198896079178
        ],
        "budgets": [
            0,
            3016,
            6032,
            9048,
            12064,
            15081
        ],
        "values": [
            [
                0.8645198896079178,
                0.8645198896079178,
                0.8645198896079178,
                0.8645198896079178,
                0.8645198896079178
            ]
        ]
    },
    "SPD": {
        "means": [
            0.15607570544865101,
            0.05803288845102576,
            0.04917658316097555,
            0.039790175003471775,
            0.04890825805098194,
            0.10763376974393372
        ],
        "stds": [
            0.0,
            0.00642493353482637,
            0.0057558421138040545,
            0.011313510238752954,
            0.024267972714286597,
            0.10349972043901667
        ],
        "medians": [
            0.15607570544865101
        ],
        "q1": [
            0.15607570544865101
        ],
        "q3": [
            0.15607570544865101
        ],
        "budgets": [
            0,
            3016,
            6032,
            9048,
            12064,
            15081
        ],
        "values": [
            [
                0.15607570544865101,
                0.15607570544865101,
                0.15607570544865101,
                0.15607570544865101,
                0.15607570544865101
            ]
        ]
    },
    "EO": {
        "means": [
            0.10243617945552823,
            0.019853300286579095,
            0.019700899836689323,
            0.022969512484213014,
            0.01779795059095159,
            0.051988089002319715
        ],
        "stds": [
            1.3877787807814457e-17,
            0.008505302843546456,
            0.00966472612763126,
            0.008059680517942296,
            0.01125652443064341,
            0.06369056594764248
        ],
        "medians": [
            0.10243617945552824
        ],
        "q1": [
            0.10243617945552824
        ],
        "q3": [
            0.10243617945552824
        ],
        "budgets": [
            0,
            3016,
            6032,
            9048,
            12064,
            15081
        ],
        "values": [
            [
                0.10243617945552824,
                0.10243617945552824,
                0.10243617945552824,
                0.10243617945552824,
                0.10243617945552824
            ]
        ]
    },
    "ACC": {
        "means": [
            0.8205179282868527,
            0.7827755644090305,
            0.7776228419654714,
            0.771460823373174,
            0.7749269588313412,
            0.6939575033200531
        ],
        "stds": [
            1.1102230246251565e-16,
            0.002716964005852735,
            0.00414525617644573,
            0.007278283423524096,
            0.011256780011754687,
            0.1710826330486343
        ],
        "medians": [
            0.8205179282868525
        ],
        "q1": [
            0.8205179282868525
        ],
        "q3": [
            0.8205179282868525
        ],
        "budgets": [
            0,
            3016,
            6032,
            9048,
            12064,
            15081
        ],
        "values": [
            [
                0.8205179282868525,
                0.8205179282868525,
                0.8205179282868525,
                0.8205179282868525,
                0.8205179282868525
            ]
        ]
    },
    "F1": {
        "means": [
            0.569791500875378,
            0.3128270313139073,
            0.2640086265754073,
            0.20860181598735697,
            0.24801376539515335,
            0.29275410026191534
        ],
        "stds": [
            0.0,
            0.024646352234397362,
            0.03246103032563848,
            0.05499439399688753,
            0.10777150202940053,
            0.07926169223750894
        ],
        "medians": [
            0.569791500875378
        ],
        "q1": [
            0.569791500875378
        ],
        "q3": [
            0.569791500875378
        ],
        "budgets": [
            0,
            3016,
            6032,
            9048,
            12064,
            15081
        ],
        "values": [
            [
                0.569791500875378,
                0.569791500875378,
                0.569791500875378,
                0.569791500875378,
                0.569791500875378
            ]
        ]
    },