{
    "AUC": {
        "means": [
            0.8540446802436239,
            0.7994292205938331,
            0.7396027788351732,
            0.571565640464408,
            0.571565640464408,
            0.39766160068519224
        ],
        "stds": [
            1.1102230246251565e-16,
            0.0,
            0.0,
            0.0,
            0.0,
            0.16271813856109632
        ],
        "medians": [
            0.854044680243624
        ],
        "q1": [
            0.854044680243624
        ],
        "q3": [
            0.854044680243624
        ],
        "budgets": [
            0,
            3016,
            6032,
            9048,
            12064,
            15081
        ],
        "values": [
            [
                0.854044680243624,
                0.854044680243624,
                0.854044680243624,
                0.854044680243624,
                0.854044680243624
            ]
        ]
    },
    "SPD": {
        "means": [
            0.21492533199781252,
            0.1496076472917119,
            0.127210827218877,
            0.7821030846555632,
            0.7821030846555632,
            0.2164276806097928
        ],
        "stds": [
            0.0,
            0.0,
            0.0,
            0.0,
            0.0,
            0.10133903990737743
        ],
        "medians": [
            0.21492533199781252
        ],
        "q1": [
            0.21492533199781252
        ],
        "q3": [
            0.21492533199781252
        ],
        "budgets": [
            0,
            3016,
            6032,
            9048,
            12064,
            15081
        ],
        "values": [
            [
                0.21492533199781252,
                0.21492533199781252,
                0.21492533199781252,
                0.21492533199781252,
                0.21492533199781252
            ]
        ]
    },
    "EO": {
        "means": [
            0.3016049458172988,
            0.18663171585884333,
            0.259085905757344,
            0.5456570155902005,
            0.5456570155902005,
            0.06988006175988247
        ],
        "stds": [
            0.0,
            0.0,
            0.0,
            0.0,
            0.0,
            0.022474382386894937
        ],
        "medians": [
            0.3016049458172988
        ],
        "q1": [
            0.3016049458172988
        ],
        "q3": [
            0.3016049458172988
        ],
        "budgets": [
            0,
            3016,
            6032,
            9048,
            12064,
            15081
        ],
        "values": [
            [
                0.3016049458172988,
                0.3016049458172988,
                0.3016049458172988,
                0.3016049458172988,
                0.3016049458172988
            ]
        ]
    },
    "ACC": {
        "means": [
            0.8060424966799469,
            0.7833997343957503,
            0.7076361221779548,
            0.5448871181938911,
            0.5448871181938911,
            0.4334130146082337
        ],
        "stds": [
            0.0,
            0.0,
            0.0,
            0.0,
            0.0,
            0.16377158034528552
        ],
        "medians": [
            0.8060424966799469
        ],
        "q1": [
            0.8060424966799469
        ],
        "q3": [
            0.8060424966799469
        ],
        "budgets": [
            0,
            3016,
            6032,
            9048,
            12064,
            15081
        ],
        "values": [
            [
                0.8060424966799469,
                0.8060424966799469,
                0.8060424966799469,
                0.8060424966799469,
                0.8060424966799469
            ]
        ]
    },
    "F1": {
        "means": [
            0.5472019841884979,
            0.4261083743842365,
            0.465460725992473,
            0.36677753141167774,
            0.36677753141167774,
            0.27080649435427184
        ],
        "stds": [
            0.0,
            5.551115123125783e-17,
            0.0,
            0.0,
            0.0,
            0.09040830278886494
        ],
        "medians": [
            0.5472019841884979
        ],
        "q1": [
            0.5472019841884979
        ],
        "q3": [
            0.5472019841884979
        ],
        "budgets": [
            0,
            3016,
            6032,
            9048,
            12064,
            15081
        ],
        "values": [
            [
                0.5472019841884979,
                0.5472019841884979,
                0.5472019841884979,
                0.5472019841884979,
                0.5472019841884979
            ]
        ]
    },
    "col_list": [
        [
            [
                "workclass",
                "Y"
            ],
            [
                "workclass",
                "Y"
            ],
            [
                "workclass",
                "Y"
            ],
            [
                "workclass",
                "Y"
            ],
            [
                "workclass",
                "Y"
            ]
        ],
        [
            [
                "workclass",
                "Y"
            ],
            [
                "workclass",
                "Y"
            ],
            [
                "workclass",
                "Y"
            ],
            [
                "workclass",
                "Y"
            ],
            [
                "workclass",
                "Y"
            ]
        ],
        [
            [
                "race",
                "Y"
            ],
            [
                "race",
                "Y"
            ],
            [
                "race",
                "Y"
            ],
            [
                "race",
                "Y"
            ],
            [
                "race",
                "Y"
            ]
        ],
        [
            [
                "gender",
                "Y"
            ],
            [
                "gender",
                "Y"
            ],
            [
                "gender",
                "Y"
            ],
            [
                "gender",
                "Y"
            ],
            [
                "gender",
                "Y"
            ]
        ],
        [
            [
                "gender",
                "Y"
            ],
            [
                "gender",
                "Y"
            ],
            [
                "gender",
                "Y"
            ],
            [
                "gender",
                "Y"
            ],
            [
                "gender",
                "Y"
            ]
        ],
        [
            [
                "marital",
                "Y"
            ],
            [
                "marital",
                "Y"
            ],
            [
                "marital",
                "Y"
            ],
            [
                "marital",
                "Y"
            ],
            [
                "marital",
                "Y"
            ]
        ]
    ],