{
    "AUC": {
        "means": [
            0.8597392082223069,
            0.8472883184240579,
            0.8409645603349828,
            0.7032904120669966,
            0.7032904120669966,
            0.7049413256566426
        ],
        "stds": [
            0.00012088026561581502,
            0.004365290841751233,
            0.008739345642055486,
            0.012009841677819955,
            0.012009841677819955,
            0.01299242270213801
        ],
        "medians": [
            0.8598124286258089
        ],
        "q1": [
            0.8596610677578989
        ],
        "q3": [
            0.8598358631518843
        ],
        "budgets": [
            0,
            3016,
            6032,
            9048,
            12064,
            15081
        ],
        "values": [
            [
                0.8596610677578989,
                0.8595383517320137,
                0.8598124286258089,
                0.8598358631518843,
                0.8598483298439284
            ]
        ]
    },
    "SPD": {
        "means": [
            0.21408351176239707,
            0.20725420583652748,
            0.20231503874522233,
            0.014096931427976184,
            0.014096931427976184,
            0.013232255636565448
        ],
        "stds": [
            0.027439284905029428,
            0.0209205348021447,
            0.02863391732743483,
            0.003045709181982337,
            0.003045709181982337,
            0.0027178496296789865
        ],
        "medians": [
            0.19665023483110908
        ],
        "q1": [
            0.19647244933629923
        ],
        "q3": [
            0.23699187584679043
        ],
        "budgets": [
            0,
            3016,
            6032,
            9048,
            12064,
            15081
        ],
        "values": [
            [
                0.19647244933629923,
                0.19665023483110908,
                0.23699187584679043,
                0.18442987413336592,
                0.2558731246644206
            ]
        ]
    },
    "EO": {
        "means": [
            0.27286637942114106,
            0.23163748799732214,
            0.19774015494807362,
            0.006680486287672413,
            0.006680486287672413,
            0.006512320274000928
        ],
        "stds": [
            0.042523964502747535,
            0.07384847800497511,
            0.08471251745344581,
            0.005184199818791668,
            0.005184199818791668,
            0.005167069053671562
        ],
        "medians": [
            0.24865378650570563
        ],
        "q1": [
            0.24610844765747147
        ],
        "q3": [
            0.3051287778089408
        ],
        "budgets": [
            0,
            3016,
            6032,
            9048,
            12064,
            15081
        ],
        "values": [
            [
                0.24610844765747147,
                0.24865378650570563,
                0.3051287778089408,
                0.2251094021595395,
                0.33933148297404797
            ]
        ]
    },
    "ACC": {
        "means": [
            0.8122177954847277,
            0.812722443559097,
            0.8034528552456839,
            0.7313678618857903,
            0.7313678618857903,
            0.7319256308100931
        ],
        "stds": [
            0.0010355159994485097,
            0.006372924771676456,
            0.017408985919108454,
            0.0009339681791509863,
            0.0009339681791509863,
            0.0010946311306770193
        ],
        "medians": [
            0.8126162018592298
        ],
        "q1": [
            0.8113545816733068
        ],
        "q3": [
            0.8129482071713148
        ],
        "budgets": [
            0,
            3016,
            6032,
            9048,
            12064,
            15081
        ],
        "values": [
            [
                0.8126162018592298,
                0.8129482071713148,
                0.8134794156706507,
                0.8113545816733068,
                0.8106905710491368
            ]
        ]
    },
    "F1": {
        "means": [
            0.0,
            0.0,
            0.0,
            0.0,
            0.0,
            0.0
        ],
        "stds": [
            0.0,
            0.0,
            0.0,
            0.0,
            0.0,
            0.0
        ],
        "medians": [
            0.0
        ],
        "q1": [
            0.0
        ],
        "q3": [
            0.0
        ],
        "budgets": [
            0,
            3016,
            6032,
            9048,
            12064,
            15081
        ],
        "values": [
            [
                0.0,
                0.0,
                0.0,
                0.0,
                0.0
            ]
        ]
    },