{
    "AUC": {
        "means": [
            0.8597392082223069,
            0.7564197944423297,
            0.7423360915492957,
            0.6978063285116103,
            0.6978063285116103,
            0.6978063285116103
        ],
        "stds": [
            0.00012088026561581502,
            0.059685058692493284,
            0.056043907942758,
            0.00579100509059656,
            0.00579100509059656,
            0.00579100509059656
        ],
        "medians": [
            0.8598124286258089
        ],
        "q1": [
            0.8596610677578989
        ],
        "q3": [
            0.8598358631518843
        ],
        "budgets": [
            0,
            3016,
            6032,
            9048,
            12064,
            15081
        ],
        "values": [
            [
                0.8596610677578989,
                0.8595383517320137,
                0.8598124286258089,
                0.8598358631518843,
                0.8598483298439284
            ]
        ]
    },
    "SPD": {
        "means": [
            0.21408351176239707,
            0.17655996441160854,
            0.16407024755632202,
            0.01648870498441885,
            0.01648870498441885,
            0.01648870498441885
        ],
        "stds": [
            0.027439284905029428,
            0.02428590534274556,
            0.007398741938713842,
            0.0018478645335083166,
            0.0018478645335083166,
            0.0018478645335083166
        ],
        "medians": [
            0.19665023483110908
        ],
        "q1": [
            0.19647244933629923
        ],
        "q3": [
            0.23699187584679043
        ],
        "budgets": [
            0,
            3016,
            6032,
            9048,
            12064,
            15081
        ],
        "values": [
            [
                0.19647244933629923,
                0.19665023483110908,
                0.23699187584679043,
                0.18442987413336592,
                0.2558731246644206
            ]
        ]
    },
    "EO": {
        "means": [
            0.27286637942114106,
            0.17386218041174395,
            0.16533449556764884,
            0.006403218002902919,
            0.006403218002902919,
            0.006403218002902919
        ],
        "stds": [
            0.042523964502747535,
            0.03131981885461719,
            0.02334843345307974,
            0.0050521749104366,
            0.0050521749104366,
            0.0050521749104366
        ],
        "medians": [
            0.24865378650570563
        ],
        "q1": [
            0.24610844765747147
        ],
        "q3": [
            0.3051287778089408
        ],
        "budgets": [
            0,
            3016,
            6032,
            9048,
            12064,
            15081
        ],
        "values": [
            [
                0.24610844765747147,
                0.24865378650570563,
                0.3051287778089408,
                0.2251094021595395,
                0.33933148297404797
            ]
        ]
    },
    "ACC": {
        "means": [
            0.8122177954847277,
            0.7910889774236388,
            0.7888313413014607,
            0.7296414342629483,
            0.7296414342629483,
            0.7296414342629483
        ],
        "stds": [
            0.0010355159994485097,
            0.003017678085459366,
            0.0022421152287283265,
            0.00039080847196709694,
            0.00039080847196709694,
            0.00039080847196709694
        ],
        "medians": [
            0.8126162018592298
        ],
        "q1": [
            0.8113545816733068
        ],
        "q3": [
            0.8129482071713148
        ],
        "budgets": [
            0,
            3016,
            6032,
            9048,
            12064,
            15081
        ],
        "values": [
            [
                0.8126162018592298,
                0.8129482071713148,
                0.8134794156706507,
                0.8113545816733068,
                0.8106905710491368
            ]
        ]
    },
    "F1": {
        "means": [
            0.0,
            0.05021259364243774,
            0.0016137708445400755,
            0.0,
            0.0,
            0.0
        ],
        "stds": [
            0.0,
            0.10042518728487548,
            0.003227541689080151,
            0.0,
            0.0,
            0.0
        ],
        "medians": [
            0.0
        ],
        "q1": [
            0.0
        ],
        "q3": [
            0.0
        ],
        "budgets": [
            0,
            3016,
            6032,
            9048,
            12064,
            15081
        ],
        "values": [
            [
                0.0,
                0.0,
                0.0,
                0.0,
                0.0
            ]
        ]
    },