{
    "AUC": {
        "means": [
            0.859733284164446,
            0.8514343642938712,
            0.825349471830986,
            0.7967935239817281,
            0.7557669537495242,
            0.7147725923106205
        ],
        "stds": [
            0.0001470472577286038,
            0.0017898204586775477,
            0.005196729821824504,
            0.0106914711584405,
            0.004242650368654418,
            0.007207243910686672
        ],
        "medians": [
            0.8597015845070423,
            0.8520427293490673,
            0.8276597354396651,
            0.791235296916635,
            0.7561258802816901,
            0.7165384944803959
        ],
        "q1": [
            0.8596576417967263,
            0.8511102493338408,
            0.8239075466311382,
            0.7908096212409593,
            0.7555334269128283,
            0.7113840645222687
        ],
        "q3": [
            0.8597220451084888,
            0.8522960839360487,
            0.8294264607917776,
            0.7994558193757137,
            0.7592817615150362,
            0.7194045964979064
        ],
        "budgets": [
            0,
            603,
            1206,
            1809,
            2412,
            3016
        ],
        "values": [
            [
                0.8600096355157976,
                0.8596576417967263,
                0.8597220451084888,
                0.8597015845070423,
                0.8595755138941759
            ],
            [
                0.8511102493338408,
                0.848202155500571,
                0.8535206033498287,
                0.8520427293490673,
                0.8522960839360487
            ],
            [
                0.8276597354396651,
                0.815849590787971,
                0.8294264607917776,
                0.8299040255043777,
                0.8239075466311382
            ],
            [
                0.7860953559192996,
                0.8163715264560335,
                0.7994558193757137,
                0.791235296916635,
                0.7908096212409593
            ],
            [
                0.7598982204035021,
                0.7561258802816901,
                0.7592817615150362,
                0.7479954796345641,
                0.7555334269128283
            ],
            [
                0.7237354158736202,
                0.7194045964979064,
                0.7165384944803959,
                0.7028003901789113,
                0.7113840645222687
            ]
        ]
    },
    "SPD": {
        "means": [
            0.1982137843394749,
            0.19201908216267477,
            0.1752257648111134,
            0.1226694158058506,
            0.10770625198549369,
            0.09683134013855473
        ],
        "stds": [
            0.01681940604155455,
            0.025787352620576066,
            0.02609908492479912,
            0.011304925549213982,
            0.008827668658198975,
            0.006064130241041445
        ],
        "medians": [
            0.19366150079080746,
            0.1840000837675986,
            0.16980029230799815,
            0.11983085364057373,
            0.10388682660434058,
            0.10086589740222354
        ],
        "q1": [
            0.1899680638036295,
            0.17778294727991104,
            0.16799864704095072,
            0.11698967574376992,
            0.10282404525648821,
            0.09322200373419746
        ],
        "q3": [
            0.21383035548814472,
            0.1990031294700249,
            0.18578491934891314,
            0.13326351764017044,
            0.104491012444764,
            0.10086589740222354
        ],
        "budgets": [
            0,
            603,
            1206,
            1809,
            2412,
            3016
        ],
        "values": [
            [
                0.21383035548814472,
                0.1899680638036295,
                0.19366150079080746,
                0.17358923157891631,
                0.22001977003587664
            ],
            [
                0.23768478393064654,
                0.17778294727991104,
                0.1616244663651929,
                0.1990031294700249,
                0.1840000837675986
            ],
            [
                0.16980029230799815,
                0.16799864704095072,
                0.13620717845393054,
                0.21633778690377445,
                0.18578491934891314
            ],
            [
                0.13326351764017044,
                0.10607034059131298,
                0.11698967574376992,
                0.11983085364057373,
                0.13719269141342597
            ],
            [
                0.10388682660434058,
                0.104491012444764,
                0.10282404525648821,
                0.12528086266825758,
                0.10204851295361805
            ],
            [
                0.1026120987893596,
                0.09322200373419746,
                0.08659080336476951,
                0.10086589740222354,
                0.10086589740222354
            ]
        ]
    },
    "EO": {
        "means": [
            0.24570391243029027,
            0.2824776611671887,
            0.25550095364524394,
            0.17589959392248938,
            0.1473237098656443,
            0.12562469618444796
        ],
        "stds": [
            0.02592436588314444,
            0.0432588304176082,
            0.04091965842916339,
            0.00980436835174941,
            0.01163303723659386,
            0.019026427286636737
        ],
        "medians": [
            0.23785894504387228,
            0.27385469748110847,
            0.24590109622077727,
            0.17774530731710664,
            0.1508141828382699,
            0.12979285991325515
        ],
        "q1": [
            0.23581342026480434,
            0.27351425269799634,
            0.24024262974173607,
            0.16744913749228146,
            0.13445169825396383,
            0.12979285991325515
        ],
        "q3": [
            0.2710163247843231,
            0.27440135126875664,
            0.26917301049723785,
            0.18610791071435712,
            0.15240501961841627,
            0.1328374416145765
        ],
        "budgets": [
            0,
            603,
            1206,
            1809,
            2412,
            3016
        ],
        "values": [
            [
                0.2710163247843231,
                0.23581342026480434,
                0.23785894504387228,
                0.2063375281538125,
                0.2774933439046389
            ],
            [
                0.36166945896126645,
                0.27385469748110847,
                0.22894854542681553,
                0.27440135126875664,
                0.27351425269799634
            ],
            [
                0.24024262974173607,
                0.24590109622077727,
                0.19865352945847004,
                0.3235345023079986,
                0.26917301049723785
            ],
            [
                0.17774530731710664,
                0.16744913749228146,
                0.1619506115153734,
                0.18610791071435712,
                0.18624500257332843
            ],
            [
                0.1508141828382699,
                0.15240501961841627,
                0.13424720289766492,
                0.1647004457199065,
                0.13445169825396383
            ],
            [
                0.14615534449756118,
                0.1328374416145765,
                0.08954497498359182,
                0.12979285991325515,
                0.12979285991325515
            ]
        ]
    },
    "ACC": {
        "means": [
            0.8106905710491368,
            0.8030677290836653,
            0.7931872509960158,
            0.7894820717131473,
            0.7882337317397079,
            0.7866666666666666
        ],