{
    "AUC": {
        "means": [
            0.8539754234868671,
            0.6273699562238295,
            0.5503384326227636,
            0.2682460506280929,
            0.31363639607917776,
            0.3096483346022078
        ],
        "stds": [
            1.0468214693570842e-05,
            0.0,
            0.0,
            0.027798147599434338,
            0.0,
            0.0004294506547387121
        ],
        "medians": [
            0.8539806575942139
        ],
        "q1": [
            0.8539806575942139
        ],
        "q3": [
            0.8539806575942139
        ],
        "budgets": [
            0,
            3016,
            6032,
            9048,
            12064,
            15081
        ],
        "values": [
            [
                0.8539806575942139,
                0.85395448705748,
                0.8539806575942139,
                0.8539806575942139,
                0.8539806575942139
            ]
        ]
    },
    "SPD": {
        "means": [
            0.2300253563477857,
            0.1356802610018641,
            0.0525906062621776,
            0.28180657022413713,
            0.0009577910195397443,
            0.4072275149441215
        ],
        "stds": [
            0.00023652311027890782,
            0.0,
            0.0,
            0.14061794790437165,
            0.0,
            0.0005149552364433208
        ],
        "medians": [
            0.2299070947926462
        ],
        "q1": [
            0.2299070947926462
        ],
        "q3": [
            0.2299070947926462
        ],
        "budgets": [
            0,
            3016,
            6032,
            9048,
            12064,
            15081
        ],
        "values": [
            [
                0.2299070947926462,
                0.23049840256834347,
                0.2299070947926462,
                0.2299070947926462,
                0.2299070947926462
            ]
        ]
    },
    "EO": {
        "means": [
            0.31553633476918014,
            0.19208511576550666,
            0.007155052606144796,
            0.12502697567933302,
            0.008862988682495854,
            0.454777337116307
        ],
        "stds": [
            0.0006363347120585284,
            0.0,
            0.0,
            0.06498813199754794,
            0.0,
            0.0027042623704706943
        ],
        "medians": [
            0.3152181674131509
        ],
        "q1": [
            0.3152181674131509
        ],
        "q3": [
            0.3152181674131509
        ],
        "budgets": [
            0,
            3016,
            6032,
            9048,
            12064,
            15081
        ],
        "values": [
            [
                0.3152181674131509,
                0.3168090041932972,
                0.3152181674131509,
                0.3152181674131509,
                0.3152181674131509
            ]
        ]
    },
    "ACC": {
        "means": [
            0.8030411686586986,
            0.7839973439575033,
            0.7701195219123506,
            0.37180610889774235,
            0.7543160690571049,
            0.33689243027888444
        ],
        "stds": [
            0.00010624169986717112,
            0.0,
            0.0,
            0.1910243628664353,
            0.0,
            0.0005238534640986913
        ],
        "medians": [
            0.802988047808765
        ],
        "q1": [
            0.802988047808765
        ],
        "q3": [
            0.802988047808765
        ],
        "budgets": [
            0,
            3016,
            6032,
            9048,
            12064,
            15081
        ],
        "values": [
            [
                0.802988047808765,
                0.8032536520584329,
                0.802988047808765,
                0.802988047808765,
                0.802988047808765
            ]
        ]
    },
    "F1": {
        "means": [
            0.5539681568628693,
            0.3994831087317704,
            0.251621271076524,
            0.1462574941452331,
            0.00644468313641246,
            0.27085135391896353
        ],
        "stds": [
            0.00040134606142796516,
            0.0,
            0.0,
            0.06323511083573274,
            0.0,
            0.0008283287572552377
        ],
        "medians": [
            0.5537674838321552
        ],
        "q1": [
            0.5537674838321552
        ],
        "q3": [
            0.5537674838321552
        ],
        "budgets": [
            0,
            3016,
            6032,
            9048,
            12064,
            15081
        ],
        "values": [
            [
                0.5537674838321552,
                0.5547708489857252,
                0.5537674838321552,
                0.5537674838321552,
                0.5537674838321552
            ]
        ]
    },
    "col_list": [
        [
            [
                "workclass",
                "Y"
            ],
            [
                "workclass",
                "Y"
            ],
            [
                "workclass",
                "Y"
            ],
            [
                "workclass",
                "Y"
            ],
            [
                "workclass",
                "Y"
            ]
        ],
        [
            [
                "relationship",
                "workclass",
                "Y"
            ],
            [
                "relationship",
                "workclass",
                "Y"
            ],
            [
                "relationship",
                "workclass",
                "Y"
            ],
            [
                "relationship",
                "workclass",
                "Y"
            ],
            [
                "relationship",
                "workclass",
                "Y"
            ]
        ],
        [
            [
                "hours",
                "Y"
            ],
            [
                "hours",
                "Y"
            ],
            [
                "hours",
                "Y"
            ],
            [
                "hours",
                "Y"
            ],
            [
                "hours",
                "Y"
            ]
        ],
        [
            [
                "education",
                "relationship",
                "Y"
            ],
            [
                "education",
                "relationship",
                "Y"
            ],
            [
                "education",
                "relationship",
                "Y"
            ],
            [
                "education",
                "relationship",
                "Y"
            ],
            [
                "education",
                "relationship",
                "Y"
            ]
        ],
        [
            [
                "marital",
                "Y"
            ],
            [
                "marital",
                "Y"
            ],
            [
                "marital",
                "Y"
            ],
            [
                "marital",
                "Y"
            ],
            [
                "marital",
                "Y"
            ]
        ],
        [
            [
                "marital",
                "Y"
            ],
            [
                "marital",
                "Y"
            ],
            [
                "marital",
                "Y"
            ],
            [
                "marital",
                "Y"
            ],
            [
                "marital",
                "Y"
            ]
        ]
    ],