{
    "AUC": {
        "means": [
            0.8532511491244765,
            0.6042571421773887,
            0.4280572992006091,
            0.3846136181956604,
            0.3846136181956604,
            0.3846136181956604
        ],
        "stds": [
            0.00019015010726557293,
            0.009547468010056135,
            0.02343027335404764,
            0.03724410106444205,
            0.03724410106444205,
            0.03724410106444205
        ],
        "medians": [
            0.8533481989912447
        ],
        "q1": [
            0.8530774647887324
        ],
        "q3": [
            0.853397066520746
        ],
        "budgets": [
            0,
            3016,
            6032,
            9048,
            12064,
            15081
        ],
        "values": [
            [
                0.8534589003616293,
                0.8529741149600304,
                0.853397066520746,
                0.8533481989912447,
                0.8530774647887324
            ]
        ]
    },
    "SPD": {
        "means": [
            0.20202907750671278,
            0.09370376772255898,
            0.05090000521742154,
            0.014515901812258624,
            0.014515901812258624,
            0.014515901812258624
        ],
        "stds": [
            0.0020104352408570935,
            0.0021478453275711185,
            0.010470391216956247,
            0.014492314321974663,
            0.014492314321974663,
            0.014492314321974663
        ],
        "medians": [
            0.20246062907821682
        ],
        "q1": [
            0.20099076448184014
        ],
        "q3": [
            0.20343970300534917
        ],
        "budgets": [
            0,
            3016,
            6032,
            9048,
            12064,
            15081
        ],
        "values": [
            [
                0.20246062907821682,
                0.19874340177208988,
                0.20451088919606794,
                0.20343970300534917,
                0.20099076448184014
            ]
        ]
    },
    "EO": {
        "means": [
            0.16226580854779166,
            0.0573564919564208,
            0.3085968591112677,
            0.015908139315031943,
            0.015908139315031943,
            0.015908139315031943
        ],
        "stds": [
            0.003815677631803677,
            0.0065266401237529465,
            0.14830405860965895,
            0.007715298266147025,
            0.007715298266147025,
            0.007715298266147025
        ],
        "medians": [
            0.16172955089278218
        ],
        "q1": [
            0.15886604468851873
        ],
        "q3": [
            0.16657003594662784
        ],
        "budgets": [
            0,
            3016,
            6032,
            9048,
            12064,
            15081
        ],
        "values": [
            [
                0.16657003594662784,
                0.15747970326467126,
                0.16172955089278218,
                0.16668370794635823,
                0.15886604468851873
            ]
        ]
    },
    "ACC": {
        "means": [
            0.8144355909694555,
            0.7749800796812749,
            0.75871181938911,
            0.7566932270916336,
            0.7566932270916336,
            0.7566932270916336
        ],
        "stds": [
            0.0003452855245683788,
            0.0026901528144803915,
            0.0030864425235600486,
            0.008699441373283268,
            0.008699441373283268,
            0.008699441373283268
        ],
        "medians": [
            0.8144754316069057
        ],
        "q1": [
            0.8144754316069057
        ],
        "q3": [
            0.8145418326693227
        ],
        "budgets": [
            0,
            3016,
            6032,
            9048,
            12064,
            15081
        ],
        "values": [
            [
                0.8144754316069057,
                0.8144754316069057,
                0.8148738379814077,
                0.8145418326693227,
                0.8138114209827357
            ]
        ]
    },
    "F1": {
        "means": [
            0.5963529519925463,
            0.3522280724215753,
            0.15871380282065978,
            0.08774372405536822,
            0.08774372405536822,
            0.08774372405536822
        ],
        "stds": [
            0.0010316065865486766,
            0.009682576311068856,
            0.023539392591799626,
            0.06961397524925807,
            0.06961397524925807,
            0.06961397524925807
        ],
        "medians": [
            0.5958489478235802
        ],
        "q1": [
            0.5956584659913169
        ],
        "q3": [
            0.596562184024267
        ],
        "budgets": [
            0,
            3016,
            6032,
            9048,
            12064,
            15081
        ],
        "values": [
            [
                0.5956584659913169,
                0.5954242687518101,
                0.5982708933717579,
                0.596562184024267,
                0.5958489478235802
            ]
        ]
    },