{
    "AUC": {
        "means": [
            0.8509984178720973,
            0.612109231062048,
            0.4732883445945946,
            0.38097579225352113,
            0.4183326180053292,
            0.4118034925770841
        ],
        "stds": [
            1.1102230246251565e-16,
            0.009387667108145236,
            0.007492291903976184,
            0.007384818948063981,
            0.05035985607729868,
            0.04832695388315265
        ],
        "medians": [
            0.8509984178720974
        ],
        "q1": [
            0.8509984178720974
        ],
        "q3": [
            0.8509984178720974
        ],
        "budgets": [
            0,
            3016,
            6032,
            9048,
            12064,
            15081
        ],
        "values": [
            [
                0.8509984178720974,
                0.8509984178720974,
                0.8509984178720974,
                0.8509984178720974,
                0.8509984178720974
            ]
        ]
    },
    "SPD": {
        "means": [
            0.2023878339117196,
            0.098337861083032,
            0.05223396009456832,
            0.010809085278083254,
            0.021505100345499222,
            0.06851519584557644
        ],
        "stds": [
            0.0,
            0.00013730291996945612,
            0.004608195785832988,
            0.005280684150332644,
            0.014757967655767562,
            0.0783018266027304
        ],
        "medians": [
            0.2023878339117196
        ],
        "q1": [
            0.2023878339117196
        ],
        "q3": [
            0.2023878339117196
        ],
        "budgets": [
            0,
            3016,
            6032,
            9048,
            12064,
            15081
        ],
        "values": [
            [
                0.2023878339117196,
                0.2023878339117196,
                0.2023878339117196,
                0.2023878339117196,
                0.2023878339117196
            ]
        ]
    },
    "EO": {
        "means": [
            0.16929702150799897,
            0.06433789487453523,
            0.2398165025467669,
            0.015070965029580424,
            0.013209029098318281,
            0.019596938510302735
        ],
        "stds": [
            0.0,
            0.009440880615528282,
            0.17429513345146402,
            0.00857093711472827,
            0.008595259807793073,
            0.020669049338550505
        ],
        "medians": [
            0.16929702150799897
        ],
        "q1": [
            0.16929702150799897
        ],
        "q3": [
            0.16929702150799897
        ],
        "budgets": [
            0,
            3016,
            6032,
            9048,
            12064,
            15081
        ],
        "values": [
            [
                0.16929702150799897,
                0.16929702150799897,
                0.16929702150799897,
                0.16929702150799897,
                0.16929702150799897
            ]
        ]
    },
    "ACC": {
        "means": [
            0.8129482071713149,
            0.7733466135458168,
            0.7636918990703851,
            0.7518193891102257,
            0.7603187250996016,
            0.6848605577689243
        ],
        "stds": [
            1.1102230246251565e-16,
            0.0004554164196409297,
            0.009598332715306556,
            0.0015295899458527993,
            0.01093265615186261,
            0.1537212675319118
        ],
        "medians": [
            0.8129482071713148
        ],
        "q1": [
            0.8129482071713148
        ],
        "q3": [
            0.8129482071713148
        ],
        "budgets": [
            0,
            3016,
            6032,
            9048,
            12064,
            15081
        ],
        "values": [
            [
                0.8129482071713148,
                0.8129482071713148,
                0.8129482071713148,
                0.8129482071713148,
                0.8129482071713148
            ]
        ]
    },
    "F1": {
        "means": [
            0.5915615484993476,
            0.3520510091157994,
            0.17782417223232055,
            0.06381463005262743,
            0.12828605392124753,
            0.19691730340966412
        ],
        "stds": [
            0.0,
            0.00753793907546381,
            0.04909141452072745,
            0.019392495260341293,
            0.0834392748156839,
            0.11051055392319065
        ],
        "medians": [
            0.5915615484993476
        ],
        "q1": [
            0.5915615484993476
        ],
        "q3": [
            0.5915615484993476
        ],
        "budgets": [
            0,
            3016,
            6032,
            9048,
            12064,
            15081
        ],
        "values": [
            [
                0.5915615484993476,
                0.5915615484993476,
                0.5915615484993476,
                0.5915615484993476,
                0.5915615484993476
            ]
        ]
    },