{
    "AUC": {
        "means": [
            0.8603605348306053,
            0.5,
            0.5,
            0.42729793252759796,
            0.39408399552721735,
            0.3229148244194899
        ],
        "stds": [
            0.0,
            0.0,
            0.0,
            0.08431358417200713,
            0.08648343690900522,
            0.0010260326967403218
        ],
        "medians": [
            0.8603605348306053
        ],
        "q1": [
            0.8603605348306053
        ],
        "q3": [
            0.8603605348306053
        ],
        "budgets": [
            0,
            3016,
            6032,
            9048,
            12064,
            15081
        ],
        "values": [
            [
                0.8603605348306053,
                0.8603605348306053,
                0.8603605348306053,
                0.8603605348306053,
                0.8603605348306053
            ]
        ]
    },
    "SPD": {
        "means": [
            0.2191549738887208,
            0.0,
            0.0,
            0.008237708855079667,
            0.000704390021939047,
            0.0012791047522445892
        ],
        "stds": [
            2.7755575615628914e-17,
            0.0,
            0.0,
            0.015439877732798646,
            0.0005928714579029534,
            0.0001931203108531129
        ],
        "medians": [
            0.21915497388872082
        ],
        "q1": [
            0.21915497388872082
        ],
        "q3": [
            0.21915497388872082
        ],
        "budgets": [
            0,
            3016,
            6032,
            9048,
            12064,
            15081
        ],
        "values": [
            [
                0.21915497388872082,
                0.21915497388872082,
                0.21915497388872082,
                0.21915497388872082,
                0.21915497388872082
            ]
        ]
    },
    "EO": {
        "means": [
            0.18904567500889669,
            0.0,
            0.0,
            0.007254558447114812,
            0.006981060188467031,
            0.011635100314111718
        ],
        "stds": [
            0.0,
            0.0,
            0.0,
            0.005944332020225749,
            0.005700011775133997,
            0.0
        ],
        "medians": [
            0.18904567500889669
        ],
        "q1": [
            0.18904567500889669
        ],
        "q3": [
            0.18904567500889669
        ],
        "budgets": [
            0,
            3016,
            6032,
            9048,
            12064,
            15081
        ],
        "values": [
            [
                0.18904567500889669,
                0.18904567500889669,
                0.18904567500889669,
                0.18904567500889669,
                0.18904567500889669
            ]
        ]
    },
    "ACC": {
        "means": [
            0.8099601593625498,
            0.7543160690571049,
            0.7543160690571049,
            0.751527224435591,
            0.7472377158034529,
            0.7425896414342629
        ],
        "stds": [
            0.0,
            0.0,
            0.0,
            0.008249032606544016,
            0.005780264925126713,
            0.0001301189770402967
        ],
        "medians": [
            0.8099601593625498
        ],
        "q1": [
            0.8099601593625498
        ],
        "q3": [
            0.8099601593625498
        ],
        "budgets": [
            0,
            3016,
            6032,
            9048,
            12064,
            15081
        ],
        "values": [
            [
                0.8099601593625498,
                0.8099601593625498,
                0.8099601593625498,
                0.8099601593625498,
                0.8099601593625498
            ]
        ]
    },
    "F1": {
        "means": [
            0.5864161849710982,
            0.0,
            0.0,
            0.06429541321799985,
            0.024631115736139676,
            0.04106269207862916
        ],
        "stds": [
            0.0,
            0.0,
            0.0,
            0.0894554095487074,
            0.020111227253047387,
            1.99006070253066e-05
        ],
        "medians": [
            0.5864161849710982
        ],
        "q1": [
            0.5864161849710982
        ],
        "q3": [
            0.5864161849710982
        ],
        "budgets": [
            0,
            3016,
            6032,
            9048,
            12064,
            15081
        ],
        "values": [
            [
                0.5864161849710982,
                0.5864161849710982,
                0.5864161849710982,
                0.5864161849710982,
                0.5864161849710982
            ]
        ]
    },