{
    "AUC": {
        "means": [
            0.859733284164446,
            0.8520160354015989,
            0.849826194328131,
            0.8301967310620479,
            0.8126143937952037,
            0.7803581104872478
        ],
        "stds": [
            0.0001470472577286038,
            0.0042261275224614115,
            0.00317484423056249,
            0.006156715389932572,
            0.008379447059006576,
            0.011044906606129005
        ],
        "medians": [
            0.8597015845070423,
            0.8521723686714884,
            0.8513387419109251,
            0.8262395079939094,
            0.8125067329653597,
            0.7851791849067378
        ],
        "q1": [
            0.8596576417967263,
            0.8475775123715265,
            0.8470171060144653,
            0.8262308717167873,
            0.8053416682527599,
            0.7844805624286258
        ],
        "q3": [
            0.8597220451084888,
            0.8557856870955463,
            0.852145841263799,
            0.8311900218880852,
            0.8130456318995052,
            0.7857984392843548
        ],
        "budgets": [
            0,
            603,
            1206,
            1809,
            2412,
            3016
        ],
        "values": [
            [
                0.8600096355157976,
                0.8596576417967263,
                0.8597220451084888,
                0.8597015845070423,
                0.8595755138941759
            ],
            [
                0.8557856870955463,
                0.8521723686714884,
                0.8575275028549677,
                0.8475775123715265,
                0.8470171060144653
            ],
            [
                0.852145841263799,
                0.8513387419109251,
                0.853456818614389,
                0.8451724638370766,
                0.8470171060144653
            ],
            [
                0.8418206842405785,
                0.8311900218880852,
                0.8255025694708793,
                0.8262395079939094,
                0.8262308717167873
            ],
            [
                0.8053416682527599,
                0.8277902550437761,
                0.8130456318995052,
                0.8043876808146173,
                0.8125067329653597
            ],
            [
                0.7851791849067378,
                0.7844805624286258,
                0.7857984392843548,
                0.7879423058622003,
                0.7583900599543205
            ]
        ]
    },
    "SPD": {
        "means": [
            0.1982137843394749,
            0.20275533215567912,
            0.2071792683377674,
            0.1578829191748386,
            0.12860495595671775,
            0.11482025942640739
        ],
        "stds": [
            0.01681940604155455,
            0.01579466292305156,
            0.04343944647454127,
            0.014209246801420926,
            0.009290719001103401,
            0.011026161404430362
        ],
        "medians": [
            0.19366150079080746,
            0.19517589701287272,
            0.18791529627442202,
            0.14830967075863496,
            0.13398753768413602,
            0.10864304493937088
        ],
        "q1": [
            0.1899680638036295,
            0.1885472040548011,
            0.16579385014638567,
            0.14760693362226202,
            0.1183693938870635,
            0.1053819057293166
        ],
        "q3": [
            0.21383035548814472,
            0.2141041848675478,
            0.24830487458219255,
            0.16387630229680286,
            0.13461300643215202,
            0.12656399532610502
        ],
        "budgets": [
            0,
            603,
            1206,
            1809,
            2412,
            3016
        ],
        "values": [
            [
                0.21383035548814472,
                0.1899680638036295,
                0.19366150079080746,
                0.17358923157891631,
                0.22001977003587664
            ],
            [
                0.19517589701287272,
                0.2141041848675478,
                0.22803407856875196,
                0.1885472040548011,
                0.18791529627442202
            ],
            [
                0.24830487458219255,
                0.16464790297866627,
                0.2692344177071705,
                0.16579385014638567,
                0.18791529627442202
            ],
            [
                0.14636690838045277,
                0.18325478081604044,
                0.16387630229680286,
                0.14760693362226202,
                0.14830967075863496
            ],
            [
                0.11660190959233485,
                0.13398753768413602,
                0.13461300643215202,
                0.13945293218790233,
                0.1183693938870635
            ],
            [
                0.1053819057293166,
                0.10864304493937088,
                0.12656399532610502,
                0.1297027929212608,
                0.10380955821598363
            ]
        ]
    },
    "EO": {
        "means": [
            0.24570391243029027,
            0.23577320665283943,
            0.25850315111350003,
            0.2334245946222291,
            0.17542285698291665,
            0.14920118287425652
        ],
        "stds": [
            0.02592436588314444,
            0.0206459942445833,
            0.028475467624068898,
            0.02951215983081879,
            0.014992968297237593,
            0.014252675024404585
        ],
        "medians": [
            0.23785894504387228,
            0.22999615571578808,
            0.2594960389020998,
            0.222584627090151,
            0.17135968276943833,
            0.15306420297363668
        ],
        "q1": [
            0.23581342026480434,
            0.2201101190357187,
            0.24240182652053432,
            0.2066305620023637,
            0.16035977473522708,
            0.13742887645795768
        ],
        "q3": [
            0.2710163247843231,
            0.2538587074179834,
            0.26417315615733805,
            0.24887770320869207,
            0.18858584606526374,
            0.15606480103687145
        ],
        "budgets": [
            0,
            603,
            1206,
            1809,
            2412,
            3016
        ],
        "values": [
            [
                0.2710163247843231,
                0.23581342026480434,
                0.23785894504387228,
                0.2063375281538125,
                0.2774933439046389
            ],
            [
                0.22999615571578808,
                0.2538587074179834,
                0.2650174135221698,
                0.2098836375725373,
                0.2201101190357187
            ],
            [
                0.2594960389020998,
                0.26417315615733805,
                0.30633461495180936,
                0.24240182652053432,
                0.2201101190357187
            ],
            [
                0.24887770320869207,
                0.2834676928753932,
                0.222584627090151,
                0.20556238793454548,
                0.2066305620023637
            ],
            [
                0.16035977473522708,
                0.19697186932175517,
                0.17135968276943833,
                0.18858584606526374,
                0.1598371120228989
            ],
            [
                0.1295432384867115,
                0.15306420297363668,
                0.15606480103687145,
                0.16990479541610523,
                0.13742887645795768
            ]
        ]
    },
    "ACC": {
        "means": [
            0.8106905710491368,
            0.8111819389110225,
            0.8041567065073041,
            0.7944090305444887,
            0.792124833997344,
            0.7884860557768925
        ],