{
    "AUC": {
        "means": [
            0.8388310073277502,
            0.5743259706889988,
            0.35843600827940614,
            0.35721534069280547,
            0.35721534069280547,
            0.3524605562428626
        ],
        "stds": [
            0.0005025093858107924,
            0.005276147538560015,
            0.014592154273496092,
            0.054447351193776646,
            0.054447351193776646,
            0.05664597842914569
        ],
        "medians": [
            0.8387447896840502
        ],
        "q1": [
            0.8386575704225352
        ],
        "q3": [
            0.8393602017510468
        ],
        "budgets": [
            0,
            3016,
            6032,
            9048,
            12064,
            15081
        ],
        "values": [
            [
                0.8393702893033879,
                0.8380221854777312,
                0.8393602017510468,
                0.8387447896840502,
                0.8386575704225352
            ]
        ]
    },
    "SPD": {
        "means": [
            0.2037373628222828,
            0.09472684371010145,
            0.017998964980710686,
            0.014240174823941108,
            0.014240174823941108,
            0.06579837752833069
        ],
        "stds": [
            0.0001900177106789175,
            0.0013884964879091481,
            0.0031543975835543843,
            0.009119316492839343,
            0.009119316492839343,
            0.10466912813427773
        ],
        "medians": [
            0.20369279107801255
        ],
        "q1": [
            0.203594239782063
        ],
        "q3": [
            0.2036992301103756
        ],
        "budgets": [
            0,
            3016,
            6032,
            9048,
            12064,
            15081
        ],
        "values": [
            [
                0.203594239782063,
                0.2036992301103756,
                0.20369279107801255,
                0.203594239782063,
                0.20410631335889995
            ]
        ]
    },
    "EO": {
        "means": [
            0.18077800772398386,
            0.06805559760340582,
            0.005958926136620035,
            0.013522055509636133,
            0.013522055509636133,
            0.03779451187015574
        ],
        "stds": [
            0.001797568133623503,
            0.0027362804851641465,
            0.0024250221767877314,
            0.010746166012127443,
            0.010746166012127443,
            0.04628456835762523
        ],
        "medians": [
            0.1814325071073561
        ],
        "q1": [
            0.1799553423269401
        ],
        "q3": [
            0.1814325071073561
        ],
        "budgets": [
            0,
            3016,
            6032,
            9048,
            12064,
            15081
        ],
        "values": [
            [
                0.17784184283446558,
                0.18322783924380132,
                0.1799553423269401,
                0.1814325071073561,
                0.1814325071073561
            ]
        ]
    },
    "ACC": {
        "means": [
            0.8141567065073041,
            0.7748605577689243,
            0.7549933598937584,
            0.7522310756972111,
            0.7522310756972111,
            0.6715139442231075
        ],
        "stds": [
            0.00012171515790056892,
            0.002743448910560363,
            0.0013975175916150248,
            0.0021284000620227835,
            0.0021284000620227835,
            0.16033565779641168
        ],
        "medians": [
            0.8142098273572377
        ],
        "q1": [
            0.8140106241699867
        ],
        "q3": [
            0.8142762284196547
        ],
        "budgets": [
            0,
            3016,
            6032,
            9048,
            12064,
            15081
        ],
        "values": [
            [
                0.8142762284196547,
                0.8140106241699867,
                0.8142098273572377,
                0.8140106241699867,
                0.8142762284196547
            ]
        ]
    },
    "F1": {
        "means": [
            0.5914160390603052,
            0.34394304267055,
            0.09691314055806365,
            0.059720817431631566,
            0.059720817431631566,
            0.11178795063013891
        ],
        "stds": [
            0.0002757161983942534,
            0.008305459875049033,
            0.020217119489208398,
            0.02970265076530952,
            0.02970265076530952,
            0.11624774581771005
        ],
        "medians": [
            0.5914999269753176
        ],
        "q1": [
            0.5911545759743103
        ],
        "q3": [
            0.591652072387624
        ],
        "budgets": [
            0,
            3016,
            6032,
            9048,
            12064,
            15081
        ],
        "values": [
            [
                0.591738432345643,
                0.5910351876186305,
                0.591652072387624,
                0.5911545759743103,
                0.5914999269753176
            ]
        ]
    },