{
    "AUC": {
        "means": [
            0.8580289350970689,
            0.6181823467834031,
            0.4218782855919299,
            0.31299276265702314,
            0.31299276265702314,
            0.31299276265702314
        ],
        "stds": [
            0.001066953152810676,
            0.02001955108032852,
            0.041732706257165755,
            0.06054982265496185,
            0.06054982265496185,
            0.06054982265496185
        ],
        "medians": [
            0.8575028192805483
        ],
        "q1": [
            0.8571985867910163
        ],
        "q3": [
            0.8584973115721355
        ],
        "budgets": [
            0,
            3016,
            6032,
            9048,
            12064,
            15081
        ],
        "values": [
            [
                0.8599068447849259,
                0.8571985867910163,
                0.8584973115721355,
                0.8570391130567188,
                0.8575028192805483
            ]
        ]
    },
    "SPD": {
        "means": [
            0.20441881705106318,
            0.1571380936344027,
            0.06002796947160478,
            0.007611453782862309,
            0.007611453782862309,
            0.007611453782862309
        ],
        "stds": [
            0.02290748296501521,
            0.021552685429755466,
            0.014932157421080878,
            0.006574584264150786,
            0.006574584264150786,
            0.006574584264150786
        ],
        "medians": [
            0.21053790372507247
        ],
        "q1": [
            0.185877914221297
        ],
        "q3": [
            0.22075057012014976
        ],
        "budgets": [
            0,
            3016,
            6032,
            9048,
            12064,
            15081
        ],
        "values": [
            [
                0.22075057012014976,
                0.185877914221297,
                0.23383410216248984,
                0.17109359502630686,
                0.21053790372507247
            ]
        ]
    },
    "EO": {
        "means": [
            0.17649148802359807,
            0.04016037462635326,
            0.36295686576022296,
            0.01403055206320392,
            0.01403055206320392,
            0.01403055206320392
        ],
        "stds": [
            0.03864288208009065,
            0.024915848712210836,
            0.06428936624412177,
            0.0069448201186271255,
            0.0069448201186271255,
            0.0069448201186271255
        ],
        "medians": [
            0.18634096687460838
        ],
        "q1": [
            0.1844782312408355
        ],
        "q3": [
            0.19186462635899443
        ],
        "budgets": [
            0,
            3016,
            6032,
            9048,
            12064,
            15081
        ],
        "values": [
            [
                0.1844782312408355,
                0.21697357154567076,
                0.19186462635899443,
                0.10280004409788124,
                0.18634096687460838
            ]
        ]
    },
    "ACC": {
        "means": [
            0.8071713147410359,
            0.7673970783532537,
            0.7603054448871182,
            0.7414209827357239,
            0.7414209827357239,
            0.7414209827357239
        ],
        "stds": [
            0.001901900768789749,
            0.004440836335176822,
            0.0009375491418179452,
            0.003430153175153207,
            0.003430153175153207,
            0.003430153175153207
        ],
        "medians": [
            0.8077025232403718
        ],
        "q1": [
            0.8064409030544488
        ],
        "q3": [
            0.8080345285524568
        ],
        "budgets": [
            0,
            3016,
            6032,
            9048,
            12064,
            15081
        ],
        "values": [
            [
                0.8096945551128818,
                0.8064409030544488,
                0.8080345285524568,
                0.8077025232403718,
                0.80398406374502
            ]
        ]
    },
    "F1": {
        "means": [
            0.57260388120113,
            0.4387238506118717,
            0.11501637252146282,
            0.05239153688187768,
            0.05239153688187768,
            0.05239153688187768
        ],
        "stds": [
            0.023899310075514695,
            0.014260831585193805,
            0.01920347011903365,
            0.013379243231802831,
            0.013379243231802831,
            0.013379243231802831
        ],
        "medians": [
            0.5721739130434782
        ],
        "q1": [
            0.5584019518145776
        ],
        "q3": [
            0.5945104697226938
        ],
        "budgets": [
            0,
            3016,
            6032,
            9048,
            12064,
            15081
        ],
        "values": [
            [
                0.5945104697226938,
                0.5361972951471758,
                0.6017357762777242,
                0.5584019518145776,
                0.5721739130434782
            ]
        ]
    },