{
    "AUC": {
        "means": [
            0.8388310073277502,
            0.5840791991815759,
            0.5179768224210125,
            0.32983095974495624,
            0.32983095974495624,
            0.3258995931671108
        ],
        "stds": [
            0.0005025093858107924,
            0.004181942126835366,
            0.07762451777676353,
            0.0052907570844499255,
            0.0052907570844499255,
            0.00390281075797386
        ],
        "medians": [
            0.8387447896840502
        ],
        "q1": [
            0.8386575704225352
        ],
        "q3": [
            0.8393602017510468
        ],
        "budgets": [
            0,
            3016,
            6032,
            9048,
            12064,
            15081
        ],
        "values": [
            [
                0.8393702893033879,
                0.8380221854777312,
                0.8393602017510468,
                0.8387447896840502,
                0.8386575704225352
            ]
        ]
    },
    "SPD": {
        "means": [
            0.2037373628222828,
            0.15079103713173322,
            0.14608279259670148,
            0.003096380218722896,
            0.003096380218722896,
            0.056318866178272434
        ],
        "stds": [
            0.0001900177106789175,
            0.0002824663357398839,
            0.021414787319956906,
            0.001799976586162336,
            0.001799976586162336,
            0.10793036677815365
        ],
        "medians": [
            0.20369279107801255
        ],
        "q1": [
            0.203594239782063
        ],
        "q3": [
            0.2036992301103756
        ],
        "budgets": [
            0,
            3016,
            6032,
            9048,
            12064,
            15081
        ],
        "values": [
            [
                0.203594239782063,
                0.2036992301103756,
                0.20369279107801255,
                0.203594239782063,
                0.20410631335889995
            ]
        ]
    },
    "EO": {
        "means": [
            0.18077800772398386,
            0.10437808563785703,
            0.0890545288581219,
            0.022197799561420296,
            0.022197799561420296,
            0.0367623244153175
        ],
        "stds": [
            0.001797568133623503,
            0.0046379016890970475,
            0.031780250397776065,
            0.0064321720835803725,
            0.0064321720835803725,
            0.022874827004405473
        ],
        "medians": [
            0.1814325071073561
        ],
        "q1": [
            0.1799553423269401
        ],
        "q3": [
            0.1814325071073561
        ],
        "budgets": [
            0,
            3016,
            6032,
            9048,
            12064,
            15081
        ],
        "values": [
            [
                0.17784184283446558,
                0.18322783924380132,
                0.1799553423269401,
                0.1814325071073561,
                0.1814325071073561
            ]
        ]
    },
    "ACC": {
        "means": [
            0.8141567065073041,
            0.7618459495351926,
            0.7319389110225764,
            0.7418459495351926,
            0.7418459495351926,
            0.6634794156706507
        ],
        "stds": [
            0.00012171515790056892,
            0.0004799285790064253,
            0.032131336196557475,
            0.001863682772024777,
            0.001863682772024777,
            0.1550134188738818
        ],
        "medians": [
            0.8142098273572377
        ],
        "q1": [
            0.8140106241699867
        ],
        "q3": [
            0.8142762284196547
        ],
        "budgets": [
            0,
            3016,
            6032,
            9048,
            12064,
            15081
        ],
        "values": [
            [
                0.8142762284196547,
                0.8140106241699867,
                0.8142098273572377,
                0.8140106241699867,
                0.8142762284196547
            ]
        ]
    },
    "F1": {
        "means": [
            0.5914160390603052,
            0.40737387836190847,
            0.31844957283848596,
            0.05992181837739311,
            0.05992181837739311,
            0.10797611307548607
        ],
        "stds": [
            0.0002757161983942534,
            0.0024545492485227973,
            0.06622543580975458,
            0.014941320095646776,
            0.014941320095646776,
            0.11101687178270293
        ],
        "medians": [
            0.5914999269753176
        ],
        "q1": [
            0.5911545759743103
        ],
        "q3": [
            0.591652072387624
        ],
        "budgets": [
            0,
            3016,
            6032,
            9048,
            12064,
            15081
        ],
        "values": [
            [
                0.591738432345643,
                0.5910351876186305,
                0.591652072387624,
                0.5911545759743103,
                0.5914999269753176
            ]
        ]
    },