{
    "AUC": {
        "means": [
            0.8575447135515798,
            0.6976679862961553,
            0.7514329510848877,
            0.33765331652074615,
            0.33765331652074615,
            0.33765331652074615
        ],
        "stds": [
            0.0005729131125989615,
            0.0397707350165759,
            0.04899814257853006,
            0.12358660055496397,
            0.12358660055496397,
            0.12358660055496397
        ],
        "medians": [
            0.8573214217738866
        ],
        "q1": [
            0.857136610201751
        ],
        "q3": [
            0.857913613437381
        ],
        "budgets": [
            0,
            3016,
            6032,
            9048,
            12064,
            15081
        ],
        "values": [
            [
                0.8568840645222688,
                0.857136610201751,
                0.8584678578226115,
                0.8573214217738866,
                0.857913613437381
            ]
        ]
    },
    "SPD": {
        "means": [
            0.20087275968562354,
            0.15454453965943454,
            0.16140227361229778,
            0.0052857114000420145,
            0.0052857114000420145,
            0.0052857114000420145
        ],
        "stds": [
            0.025296965067235038,
            0.005460250969045174,
            0.008562384587068532,
            0.002429803509194924,
            0.002429803509194924,
            0.002429803509194924
        ],
        "medians": [
            0.18669045591578676
        ],
        "q1": [
            0.18472302060985824
        ],
        "q3": [
            0.21213153414599806
        ],
        "budgets": [
            0,
            3016,
            6032,
            9048,
            12064,
            15081
        ],
        "values": [
            [
                0.18669045591578676,
                0.18472302060985824,
                0.24525961346027358,
                0.21213153414599806,
                0.17555917429620121
            ]
        ]
    },
    "EO": {
        "means": [
            0.1713689364699189,
            0.1357134003293632,
            0.13066876264886604,
            0.0070179607471734795,
            0.0070179607471734795,
            0.0070179607471734795
        ],
        "stds": [
            0.029743409661878693,
            0.025196661103470856,
            0.0037059072303066544,
            0.004942043336419236,
            0.004942043336419236,
            0.004942043336419236
        ],
        "medians": [
            0.1607293515383706
        ],
        "q1": [
            0.15472815541190105
        ],
        "q3": [
            0.20420175123425516
        ],
        "budgets": [
            0,
            3016,
            6032,
            9048,
            12064,
            15081
        ],
        "values": [
            [
                0.13025326007296714,
                0.20420175123425516,
                0.20693216409210058,
                0.1607293515383706,
                0.15472815541190105
            ]
        ]
    },
    "ACC": {
        "means": [
            0.8074900398406374,
            0.7876361221779548,
            0.7835989375830014,
            0.7546613545816733,
            0.7546613545816733,
            0.7546613545816733
        ],
        "stds": [
            0.001838913856619664,
            0.000619205483499326,
            0.011890574537683876,
            0.0011648798013061629,
            0.0011648798013061629,
            0.0011648798013061629
        ],
        "medians": [
            0.8073041168658699
        ],
        "q1": [
            0.8067065073041169
        ],
        "q3": [
            0.8077025232403718
        ],
        "budgets": [
            0,
            3016,
            6032,
            9048,
            12064,
            15081
        ],
        "values": [
            [
                0.8077025232403718,
                0.8067065073041169,
                0.8073041168658699,
                0.8050464807436919,
                0.8106905710491368
            ]
        ]
    },
    "F1": {
        "means": [
            0.5696857967231759,
            0.4654027643446102,
            0.4746159670989109,
            0.020138782498870765,
            0.020138782498870765,
            0.020138782498870765
        ],
        "stds": [
            0.02321589027781043,
            0.005419425133653019,
            0.02699255425867234,
            0.004539907727417078,
            0.004539907727417078,
            0.004539907727417078
        ],
        "medians": [
            0.5680190930787589
        ],
        "q1": [
            0.5546008436181846
        ],
        "q3": [
            0.5806912310768352
        ],
        "budgets": [
            0,
            3016,
            6032,
            9048,
            12064,
            15081
        ],
        "values": [
            [
                0.5680190930787589,
                0.5384493420009513,
                0.6066684738411493,
                0.5806912310768352,
                0.5546008436181846
            ]
        ]
    },