{
    "AUC": {
        "means": [
            0.8539754234868671,
            0.7653200038066235,
            0.7571305433955082,
            0.5888481395127522,
            0.5888481395127522,
            0.4610909783022459
        ],
        "stds": [
            1.0468214693570842e-05,
            0.009655374216892155,
            0.0,
            0.0,
            0.0,
            0.0
        ],
        "medians": [
            0.8539806575942139
        ],
        "q1": [
            0.8539806575942139
        ],
        "q3": [
            0.8539806575942139
        ],
        "budgets": [
            0,
            3016,
            6032,
            9048,
            12064,
            15081
        ],
        "values": [
            [
                0.8539806575942139,
                0.85395448705748,
                0.8539806575942139,
                0.8539806575942139,
                0.8539806575942139
            ]
        ]
    },
    "SPD": {
        "means": [
            0.2300253563477857,
            0.17225966968646583,
            0.11234693281708208,
            0.7277826855061654,
            0.7277826855061654,
            0.01270623684072909
        ],
        "stds": [
            0.00023652311027890782,
            0.0010192460504118712,
            0.0,
            0.0,
            0.0,
            0.0
        ],
        "medians": [
            0.2299070947926462
        ],
        "q1": [
            0.2299070947926462
        ],
        "q3": [
            0.2299070947926462
        ],
        "budgets": [
            0,
            3016,
            6032,
            9048,
            12064,
            15081
        ],
        "values": [
            [
                0.2299070947926462,
                0.23049840256834347,
                0.2299070947926462,
                0.2299070947926462,
                0.2299070947926462
            ]
        ]
    },
    "EO": {
        "means": [
            0.31553633476918014,
            0.22144870679535783,
            0.2100430068585915,
            0.5647470569519567,
            0.5647470569519567,
            0.12093615460762883
        ],
        "stds": [
            0.0006363347120585284,
            0.003069887198056913,
            2.7755575615628914e-17,
            0.0,
            0.0,
            0.0
        ],
        "medians": [
            0.3152181674131509
        ],
        "q1": [
            0.3152181674131509
        ],
        "q3": [
            0.3152181674131509
        ],
        "budgets": [
            0,
            3016,
            6032,
            9048,
            12064,
            15081
        ],
        "values": [
            [
                0.3152181674131509,
                0.3168090041932972,
                0.3152181674131509,
                0.3152181674131509,
                0.3152181674131509
            ]
        ]
    },
    "ACC": {
        "means": [
            0.8030411686586986,
            0.7875564409030545,
            0.7079017264276228,
            0.5632138114209827,
            0.5632138114209827,
            0.5195219123505976
        ],
        "stds": [
            0.00010624169986717112,
            0.0005255341019232187,
            0.0,
            0.0,
            0.0,
            0.0
        ],
        "medians": [
            0.802988047808765
        ],
        "q1": [
            0.802988047808765
        ],
        "q3": [
            0.802988047808765
        ],
        "budgets": [
            0,
            3016,
            6032,
            9048,
            12064,
            15081
        ],
        "values": [
            [
                0.802988047808765,
                0.8032536520584329,
                0.802988047808765,
                0.802988047808765,
                0.802988047808765
            ]
        ]
    },
    "F1": {
        "means": [
            0.5539681568628693,
            0.46388559945867086,
            0.45224754077947954,
            0.3691983122362869,
            0.3691983122362869,
            0.3538131809251651
        ],
        "stds": [
            0.00040134606142796516,
            0.0022540238087956715,
            5.551115123125783e-17,
            0.0,
            0.0,
            0.0
        ],
        "medians": [
            0.5537674838321552
        ],
        "q1": [
            0.5537674838321552
        ],
        "q3": [
            0.5537674838321552
        ],
        "budgets": [
            0,
            3016,
            6032,
            9048,
            12064,
            15081
        ],
        "values": [
            [
                0.5537674838321552,
                0.5547708489857252,
                0.5537674838321552,
                0.5537674838321552,
                0.5537674838321552
            ]
        ]
    },
    "col_list": [
        [
            [
                "workclass",
                "Y"
            ],
            [
                "workclass",
                "Y"
            ],
            [
                "workclass",
                "Y"
            ],
            [
                "workclass",
                "Y"
            ],
            [
                "workclass",
                "Y"
            ]
        ],
        [
            [
                "workclass",
                "Y"
            ],
            [
                "workclass",
                "Y"
            ],
            [
                "workclass",
                "Y"
            ],
            [
                "workclass",
                "Y"
            ],
            [
                "workclass",
                "Y"
            ]
        ],
        [
            [
                "race",
                "Y"
            ],
            [
                "race",
                "Y"
            ],
            [
                "race",
                "Y"
            ],
            [
                "race",
                "Y"
            ],
            [
                "race",
                "Y"
            ]
        ],
        [
            [
                "gender",
                "Y"
            ],
            [
                "gender",
                "Y"
            ],
            [
                "gender",
                "Y"
            ],
            [
                "gender",
                "Y"
            ],
            [
                "gender",
                "Y"
            ]
        ],
        [
            [
                "gender",
                "Y"
            ],
            [
                "gender",
                "Y"
            ],
            [
                "gender",
                "Y"
            ],
            [
                "gender",
                "Y"
            ],
            [
                "gender",
                "Y"
            ]
        ],
        [
            [
                "marital",
                "Y"
            ],
            [
                "marital",
                "Y"
            ],
            [
                "marital",
                "Y"
            ],
            [
                "marital",
                "Y"
            ],
            [
                "marital",
                "Y"
            ]
        ]
    ],