{
    "AUC": {
        "means": [
            0.8580289350970689,
            0.676423453559193,
            0.5644986629234868,
            0.26209593405024745,
            0.26209593405024745,
            0.26209593405024745
        ],
        "stds": [
            0.001066953152810676,
            0.0523085194273317,
            0.08481472205582713,
            0.012124868239811511,
            0.012124868239811511,
            0.012124868239811511
        ],
        "medians": [
            0.8575028192805483
        ],
        "q1": [
            0.8571985867910163
        ],
        "q3": [
            0.8584973115721355
        ],
        "budgets": [
            0,
            3016,
            6032,
            9048,
            12064,
            15081
        ],
        "values": [
            [
                0.8599068447849259,
                0.8571985867910163,
                0.8584973115721355,
                0.8570391130567188,
                0.8575028192805483
            ]
        ]
    },
    "SPD": {
        "means": [
            0.20441881705106318,
            0.16885357802886616,
            0.12639217546439413,
            0.0052308372039908116,
            0.0052308372039908116,
            0.0052308372039908116
        ],
        "stds": [
            0.02290748296501521,
            0.028086516183963992,
            0.04611834236527763,
            0.0025440624820631083,
            0.0025440624820631083,
            0.0025440624820631083
        ],
        "medians": [
            0.21053790372507247
        ],
        "q1": [
            0.185877914221297
        ],
        "q3": [
            0.22075057012014976
        ],
        "budgets": [
            0,
            3016,
            6032,
            9048,
            12064,
            15081
        ],
        "values": [
            [
                0.22075057012014976,
                0.185877914221297,
                0.23383410216248984,
                0.17109359502630686,
                0.21053790372507247
            ]
        ]
    },
    "EO": {
        "means": [
            0.17649148802359807,
            0.14230431993584106,
            0.09643646849086426,
            0.0058588490795709715,
            0.0058588490795709715,
            0.0058588490795709715
        ],
        "stds": [
            0.03864288208009065,
            0.03851275251213244,
            0.041727528586605986,
            0.004015963466873582,
            0.004015963466873582,
            0.004015963466873582
        ],
        "medians": [
            0.18634096687460838
        ],
        "q1": [
            0.1844782312408355
        ],
        "q3": [
            0.19186462635899443
        ],
        "budgets": [
            0,
            3016,
            6032,
            9048,
            12064,
            15081
        ],
        "values": [
            [
                0.1844782312408355,
                0.21697357154567076,
                0.19186462635899443,
                0.10280004409788124,
                0.18634096687460838
            ]
        ]
    },
    "ACC": {
        "means": [
            0.8071713147410359,
            0.7843160690571049,
            0.7643957503320054,
            0.7539973439575032,
            0.7539973439575032,
            0.7539973439575032
        ],
        "stds": [
            0.001901900768789749,
            0.006639760947197418,
            0.003793215540067421,
            0.00032366686871059425,
            0.00032366686871059425,
            0.00032366686871059425
        ],
        "medians": [
            0.8077025232403718
        ],
        "q1": [
            0.8064409030544488
        ],
        "q3": [
            0.8080345285524568
        ],
        "budgets": [
            0,
            3016,
            6032,
            9048,
            12064,
            15081
        ],
        "values": [
            [
                0.8096945551128818,
                0.8064409030544488,
                0.8080345285524568,
                0.8077025232403718,
                0.80398406374502
            ]
        ]
    },
    "F1": {
        "means": [
            0.57260388120113,
            0.47352719627269124,
            0.360547249003205,
            0.019236680742594724,
            0.019236680742594724,
            0.019236680742594724
        ],
        "stds": [
            0.023899310075514695,
            0.009916211579753033,
            0.06888814473894715,
            0.005385858262127387,
            0.005385858262127387,
            0.005385858262127387
        ],
        "medians": [
            0.5721739130434782
        ],
        "q1": [
            0.5584019518145776
        ],
        "q3": [
            0.5945104697226938
        ],
        "budgets": [
            0,
            3016,
            6032,
            9048,
            12064,
            15081
        ],
        "values": [
            [
                0.5945104697226938,
                0.5361972951471758,
                0.6017357762777242,
                0.5584019518145776,
                0.5721739130434782
            ]
        ]
    },