{
    "AUC": {
        "means": [
            0.8538731918538257,
            0.7680956437952038,
            0.816479744004568,
            0.7918912542824514,
            0.6356956414160639
        ],
        "stds": [
            0.0,
            0.13406734847515683,
            0.005927395688792804,
            0.015710821821994535,
            0.11306543634791492
        ],
        "medians": [
            0.8538731918538257,
            0.8339633969356681,
            0.816671988009136,
            0.7861586172440045,
            0.7011822421012561
        ],
        "q1": [
            0.8538731918538257,
            0.8325227445755614,
            0.8139397244956224,
            0.779460327845451,
            0.5
        ],
        "q3": [
            0.8538731918538257,
            0.8346450442519985,
            0.8209224638370765,
            0.8103746193376475,
            0.7103152598020556
        ],
        "budgets": [
            0,
            1206,
            1808,
            2412,
            3016
        ],
        "values": [
            [
                0.8538731918538257,
                0.8538731918538257,
                0.8538731918538257,
                0.8538731918538257,
                0.8538731918538257
            ],
            [
                0.8325227445755614,
                0.5,
                0.8393470332127904,
                0.8346450442519985,
                0.8339633969356681
            ],
            [
                0.8068517914921964,
                0.8209224638370765,
                0.816671988009136,
                0.8139397244956224,
                0.8240127521888085
            ],
            [
                0.8103746193376475,
                0.8105073039588885,
                0.779460327845451,
                0.7729554030262656,
                0.7861586172440045
            ],
            [
                0.766980705177008,
                0.7011822421012561,
                0.7103152598020556,
                0.5,
                0.5
            ]
        ]
    },
    "SPD": {
        "means": [
            0.21366544805806104,
            0.13417483930652546,
            0.1339742664573092,
            0.14586284648438158,
            0.07165880365867824
        ],
        "stds": [
            2.7755575615628914e-17,
            0.06730384684418922,
            0.020436813376448596,
            0.02279439312656567,
            0.05912684808506713
        ],
        "medians": [
            0.21366544805806106,
            0.16968438972546274,
            0.1315906530203846,
            0.15206553225894032,
            0.10400808501753311
        ],
        "q1": [
            0.21366544805806106,
            0.1573931996717257,
            0.11395729268657713,
            0.14872766626138206,
            0.0
        ],
        "q3": [
            0.21366544805806106,
            0.1718222888850406,
            0.14137298744884153,
            0.16320182870123853,
            0.1253413213708816
        ],
        "budgets": [
            0,
            1206,
            1808,
            2412,
            3016
        ],
        "values": [
            [
                0.21366544805806106,
                0.21366544805806106,
                0.21366544805806106,
                0.21366544805806106,
                0.21366544805806106
            ],
            [
                0.1573931996717257,
                0.0,
                0.1718222888850406,
                0.16968438972546274,
                0.17197431825039816
            ],
            [
                0.11395532687607376,
                0.11395729268657713,
                0.14137298744884153,
                0.1315906530203846,
                0.1689950722546689
            ],
            [
                0.16349748258908717,
                0.16320182870123853,
                0.10182172261125991,
                0.14872766626138206,
                0.15206553225894032
            ],
            [
                0.1289446119049765,
                0.1253413213708816,
                0.10400808501753311,
                0.0,
                0.0
            ]
        ]
    },
    "EO": {
        "means": [
            0.29908245561222646,
            0.1809498295205612,
            0.18575866920362766,
            0.22112905427752305,
            0.09912472560207604
        ],
        "stds": [
            0.0,
            0.09081148014576443,
            0.06964051974780118,
            0.036950001568067596,
            0.09079285949525526
        ],
        "medians": [
            0.29908245561222646,
            0.22306273494831352,
            0.21424258747174624,
            0.2310831799142148,
            0.09031897277070075
        ],
        "q1": [
            0.29908245561222646,
            0.21440367040603756,
            0.10813634470833991,
            0.21562950011167276,
            0.0
        ],
        "q3": [
            0.29908245561222646,
            0.22888057071340892,
            0.23735513246215262,
            0.25271856012420524,
            0.19756193553141088
        ],
        "budgets": [
            0,
            1206,
            1808,
            2412,
            3016
        ],
        "values": [
            [
                0.29908245561222646,
                0.29908245561222646,
                0.29908245561222646,
                0.29908245561222646,
                0.29908245561222646
            ],
            [
                0.21440367040603756,
                0.0,
                0.22888057071340892,
                0.23840217153504611,
                0.22306273494831352
            ],
            [
                0.10813634470833991,
                0.09865986995694748,
                0.23735513246215262,
                0.21424258747174624,
                0.27039941141895213
            ],
            [
                0.2533548948362638,
                0.25271856012420524,
                0.1528591364012587,
                0.21562950011167276,
                0.2310831799142148
            ],
            [
                0.19756193553141088,
                0.20774271970826852,
                0.09031897277070075,
                0.0,
                0.0
            ]
        ]
    },
    "ACC": {
        "means": [
            0.8060424966799469,
            0.7899867197875166,
            0.7906905710491368,
            0.7866533864541834,
            0.7751792828685259
        ],
        "stds": [
            0.0,
            0.017936617021016097,
            0.0019011587807506913,
            0.0013896712839612598,
            0.017092949054269165
        ],
        "medians": [
            0.8060424966799469,
            0.798804780876494,
            0.7904382470119522,
            0.7865205843293492,
            0.7872509960159363
        ],
        "q1": [
            0.8060424966799469,
            0.795484727755644,
            0.7904382470119522,
            0.7862549800796813,
            0.7543160690571049
        ],
        "q3": [
            0.8060424966799469,
            0.800332005312085,
            0.7920982735723772,
            0.7880478087649403,
            0.7884462151394422
        ],
        "budgets": [
            0,
            1206,
            1808,
            2412,
            3016
        ],