{
    "AUC": {
        "means": [
            0.8539774552721736,
            0.8480179981918539,
            0.838225176056338,
            0.8084101565473926,
            0.782579422820708,
            0.7379004520365435
        ],
        "stds": [
            1.0710886943243736e-05,
            0.0008233913486507276,
            0.002832501884889199,
            0.014365511481305448,
            0.007567824639155179,
            0.0434371549229819
        ],
        "medians": [
            0.8539828107156453,
            0.8477039398553483,
            0.8387146221926152,
            0.8149686310430149,
            0.7818601303768556,
            0.7540045322611344
        ],
        "q1": [
            0.8539828107156453,
            0.8474845236962314,
            0.8365601565473924,
            0.7984887704606014,
            0.7789342881614008,
            0.6996481609250096
        ],
        "q3": [
            0.8539828107156453,
            0.8478275123715266,
            0.8400313808526836,
            0.8164121264750667,
            0.784592596117244,
            0.7783715145603349
        ],
        "budgets": [
            0,
            602,
            1206,
            1808,
            2412,
            3016
        ],
        "values": [
            [
                0.8539828107156453,
                0.8539828107156453,
                0.8539560334982872,
                0.8539828107156453,
                0.8539828107156453
            ],
            [
                0.8474343714312904,
                0.8474845236962314,
                0.8477039398553483,
                0.8496396436048725,
                0.8478275123715266
            ],
            [
                0.8338085030452989,
                0.8387146221926152,
                0.8420112176437,
                0.8365601565473924,
                0.8400313808526836
            ],
            [
                0.7858965669014084,
                0.8149686310430149,
                0.826284687856871,
                0.8164121264750667,
                0.7984887704606014
            ],
            [
                0.7952819399505139,
                0.7789342881614008,
                0.7722281594975258,
                0.7818601303768556,
                0.784592596117244
            ],
            [
                0.6996481609250096,
                0.7830786186714884,
                0.6743994337647506,
                0.7783715145603349,
                0.7540045322611344
            ]
        ]
    },
    "SPD": {
        "means": [
            0.2300253563477857,
            0.19804880870780234,
            0.1680505123433743,
            0.14486406229805937,
            0.1411692291842382,
            0.14634916393176625
        ],
        "stds": [
            0.00023652311027890782,
            0.00960280869637355,
            0.007453412543851288,
            0.012730744433308391,
            0.013891731304752488,
            0.006821570197480537
        ],
        "medians": [
            0.2299070947926462,
            0.1965799470759682,
            0.1672037976409913,
            0.13564610002954536,
            0.14915603241749897,
            0.15030448699657473
        ],
        "q1": [
            0.2299070947926462,
            0.19456188211993247,
            0.16414369264384282,
            0.1352132606515687,
            0.13330662505620866,
            0.13872694633343347
        ],
        "q3": [
            0.2299070947926462,
            0.19934189077391173,
            0.17556330651011648,
            0.15383945558603213,
            0.1521512054901637,
            0.15175700030636557
        ],
        "budgets": [
            0,
            602,
            1206,
            1808,
            2412,
            3016
        ],
        "values": [
            [
                0.2299070947926462,
                0.2299070947926462,
                0.23049840256834347,
                0.2299070947926462,
                0.2299070947926462
            ],
            [
                0.19456188211993247,
                0.19934189077391173,
                0.1965799470759682,
                0.21468512198987522,
                0.1850752015793241
            ],
            [
                0.17670925367783585,
                0.16414369264384282,
                0.1672037976409913,
                0.17556330651011648,
                0.156632511244085
            ],
            [
                0.15383945558603213,
                0.16566561109997713,
                0.13564610002954536,
                0.13395588412317355,
                0.1352132606515687
            ],
            [
                0.15374090429008258,
                0.11749137866723702,
                0.13330662505620866,
                0.14915603241749897,
                0.1521512054901637
            ],
            [
                0.13747350142604509,
                0.15348388459641243,
                0.13872694633343347,
                0.15175700030636557,
                0.15030448699657473
            ]
        ]
    },
    "EO": {
        "means": [
            0.31553633476918014,
            0.2667290053814267,
            0.23598432811565528,
            0.22633785945913837,
            0.21192493535262025,
            0.21776105003224516
        ],
        "stds": [
            0.0006363347120585284,
            0.014035948714259165,
            0.02743255946912921,
            0.0189501324220736,
            0.02035427016690909,
            0.012632075577034666
        ],
        "medians": [
            0.3152181674131509,
            0.2567884746874163,
            0.24081156095646705,
            0.2212422693043902,
            0.21565234875483463,
            0.22344716336951226
        ],
        "q1": [
            0.3152181674131509,
            0.2564023326179804,
            0.2087000778567516,
            0.2094477997042243,
            0.20592511014474046,
            0.20740227492515642
        ],
        "q3": [
            0.3152181674131509,
            0.27256146427814565,
            0.2606053405276095,
            0.2329921840503904,
            0.228651513065711,
            0.22737884364159391
        ],
        "budgets": [
            0,
            602,
            1206,
            1808,
            2412,
            3016
        ],
        "values": [
            [
                0.3152181674131509,
                0.3152181674131509,
                0.3168090041932972,
                0.3152181674131509,
                0.3152181674131509
            ],
            [
                0.2567884746874163,
                0.2918542873479637,
                0.2564023326179804,
                0.27256146427814565,
                0.25603846797562735
            ],
            [
                0.24081156095646705,
                0.2087000778567516,
                0.2694454805669434,
                0.2606053405276095,
                0.20035918067050484
            ],
            [
                0.2329921840503904,
                0.2597182419568492,
                0.20828880227983762,
                0.2212422693043902,
                0.2094477997042243
            ],
            [
                0.23331035140641967,
                0.17608535339139553,
                0.20592511014474046,
                0.21565234875483463,
                0.228651513065711
            ],
            [
                0.19865295824239096,
                0.23192400998257218,
                0.20740227492515642,
                0.22737884364159391,
                0.22344716336951226
            ]
        ]
    },
    "ACC": {
        "means": [
            0.8030411686586986,
            0.8003585657370518,
            0.7993359893758301,
            0.7886454183266933,
            0.7860690571049136,
            0.785245683930943
        ],