{
    "AUC": {
        "means": [
            0.8532885444423297,
            0.5922714360487247,
            0.37639334078797104,
            0.363911962314427,
            0.363911962314427,
            0.35688950799390934
        ],
        "stds": [
            0.00028956958511208974,
            0.011623724968851057,
            0.015724585052356965,
            0.005402288727980169,
            0.005402288727980169,
            0.01284678987402987
        ],
        "medians": [
            0.8534034069280548
        ],
        "q1": [
            0.8530095760373049
        ],
        "q3": [
            0.853561691092501
        ],
        "budgets": [
            0,
            3016,
            6032,
            9048,
            12064,
            15081
        ],
        "values": [
            [
                0.853561691092501,
                0.8530095760373049,
                0.8534034069280548,
                0.8535859345260755,
                0.852882113627712
            ]
        ]
    },
    "SPD": {
        "means": [
            0.2020500755723753,
            0.09402349677128664,
            0.04437969260781632,
            0.008542513791414385,
            0.008542513791414385,
            0.06192565059952907
        ],
        "stds": [
            0.002090753497622598,
            0.0027387957915949355,
            0.022211752439489096,
            0.004087034273337293,
            0.004087034273337293,
            0.1040772969083028
        ],
        "medians": [
            0.20214565809327895
        ],
        "q1": [
            0.20011024185065734
        ],
        "q3": [
            0.20393245948509686
        ],
        "budgets": [
            0,
            3016,
            6032,
            9048,
            12064,
            15081
        ],
        "values": [
            [
                0.20214565809327895,
                0.19933470954778718,
                0.20472730888505628,
                0.20393245948509686,
                0.20011024185065734
            ]
        ]
    },
    "EO": {
        "means": [
            0.1599432439703859,
            0.06667862412325472,
            0.2453648385657678,
            0.012221282254429925,
            0.012221282254429925,
            0.03607583693151861
        ],
        "stds": [
            0.003472064515758368,
            0.0024926248137155512,
            0.19499435951043562,
            0.0066417610651380455,
            0.0066417610651380455,
            0.052737958796048874
        ],
        "medians": [
            0.15961605140030766
        ],
        "q1": [
            0.15822970997646024
        ],
        "q3": [
            0.1618203742493507
        ],
        "budgets": [
            0,
            3016,
            6032,
            9048,
            12064,
            15081
        ],
        "values": [
            [
                0.1618203742493507,
                0.15484354105986864,
                0.15961605140030766,
                0.16520654316594224,
                0.15822970997646024
            ]
        ]
    },
    "ACC": {
        "means": [
            0.8147277556440903,
            0.7763346613545817,
            0.7569057104913678,
            0.7523505976095617,
            0.7523505976095617,
            0.6726294820717131
        ],
        "stds": [
            0.0003422071374960167,
            0.003438677604470982,
            0.001217875858497802,
            0.00135014767884609,
            0.00135014767884609,
            0.1598259718302346
        ],
        "medians": [
            0.8147410358565738
        ],
        "q1": [
            0.8144754316069057
        ],
        "q3": [
            0.8147410358565738
        ],
        "budgets": [
            0,
            3016,
            6032,
            9048,
            12064,
            15081
        ],
        "values": [
            [
                0.8147410358565738,
                0.8147410358565738,
                0.8153386454183267,
                0.8144754316069057,
                0.8143426294820717
            ]
        ]
    },
    "F1": {
        "means": [
            0.5969659050513177,
            0.35400305085045736,
            0.11908258503513178,
            0.053777632437617726,
            0.053777632437617726,
            0.11334606692676483
        ],
        "stds": [
            0.000966039408799722,
            0.01064216325819938,
            0.026411636997225235,
            0.016283909953954463,
            0.016283909953954463,
            0.11476974488107977
        ],
        "medians": [
            0.5965876229034124
        ],
        "q1": [
            0.5963541666666666
        ],
        "q3": [
            0.5967090069284064
        ],
        "budgets": [
            0,
            3016,
            6032,
            9048,
            12064,
            15081
        ],
        "values": [
            [
                0.5965876229034124,
                0.5963541666666666,
                0.5988749459108611,
                0.5967090069284064,
                0.5963037828472423
            ]
        ]
    },