{
    "AUC": {
        "means": [
            0.6469172319736446,
            0.5,
            0.5466695406636723,
            0.42199322687844765,
            0.38469221230767287,
            0.3841746328544657
        ],
        "stds": [
            0.07345861598682228,
            0.0,
            0.056630418787899,
            0.03083388579646756,
            0.0008213857351663235,
            0.0003751687308692686
        ],
        "medians": [
            0.6836465399670557
        ],
        "q1": [
            0.6836465399670557
        ],
        "q3": [
            0.6836465399670557
        ],
        "budgets": [
            0,
            2400,
            4800,
            7200,
            9600,
            12000
        ],
        "values": [
            [
                0.6836465399670557,
                0.6836465399670557,
                0.6836465399670557,
                0.6836465399670557,
                0.5
            ]
        ]
    },
    "SPD": {
        "means": [
            0.002757713395975836,
            0.0,
            0.039444516144252616,
            0.022235590767100043,
            0.05264260051041009,
            0.07524219501330141
        ],
        "stds": [
            0.001378856697987918,
            0.0,
            0.06763406508549509,
            0.023906320887025878,
            0.0011436038569277605,
            0.04790000513463142
        ],
        "medians": [
            0.003447141744969795
        ],
        "q1": [
            0.003447141744969795
        ],
        "q3": [
            0.003447141744969795
        ],
        "budgets": [
            0,
            2400,
            4800,
            7200,
            9600,
            12000
        ],
        "values": [
            [
                0.003447141744969795,
                0.003447141744969795,
                0.003447141744969795,
                0.003447141744969795,
                0.0
            ]
        ]
    },
    "EO": {
        "means": [
            0.0037867577309808388,
            0.0,
            0.06082811610700058,
            0.017715329159552283,
            0.014481123126541462,
            0.039725384177575415
        ],
        "stds": [
            0.0018933788654904194,
            0.0,
            0.099523891599961,
            0.00637943806001315,
            0.004850412725794545,
            0.055446784291405794
        ],
        "medians": [
            0.004733447163726048
        ],
        "q1": [
            0.004733447163726048
        ],
        "q3": [
            0.004733447163726048
        ],
        "budgets": [
            0,
            2400,
            4800,
            7200,
            9600,
            12000
        ],
        "values": [
            [
                0.004733447163726048,
                0.004733447163726048,
                0.004733447163726048,
                0.004733447163726048,
                0.0
            ]
        ]
    },
    "ACC": {
        "means": [
            0.7937,
            0.7811666666666667,
            0.7557,
            0.4623333333333333,
            0.43620000000000003,
            0.4160666666666667
        ],
        "stds": [
            0.006266666666666643,
            0.0,
            0.03398976970272739,
            0.02046107415449042,
            0.011758401251870942,
            0.01286666666666667
        ],
        "medians": [
            0.7968333333333333
        ],
        "q1": [
            0.7968333333333333
        ],
        "q3": [
            0.7968333333333333
        ],
        "budgets": [
            0,
            2400,
            4800,
            7200,
            9600,
            12000
        ],
        "values": [
            [
                0.7968333333333333,
                0.7968333333333333,
                0.7968333333333333,
                0.7968333333333333,
                0.7811666666666667
            ]
        ]
    },
    "F1": {
        "means": [
            0.16880258899676376,
            0.0,
            0.11472611653771767,
            0.23914761282780836,
            0.2133986145025582,
            0.2231245755886302
        ],
        "stds": [
            0.08440129449838187,
            0.0,
            0.12369857057504145,
            0.021081636849206643,
            0.004638226584537078,
            0.00881961340950389
        ],
        "medians": [
            0.21100323624595468
        ],
        "q1": [
            0.21100323624595468
        ],
        "q3": [
            0.21100323624595468
        ],
        "budgets": [
            0,
            2400,
            4800,
            7200,
            9600,
            12000
        ],
        "values": [
            [
                0.21100323624595468,
                0.21100323624595468,
                0.21100323624595468,
                0.21100323624595468,
                0.0
            ]
        ]
    },
    "col_list": [
        [
            [
                "BILL_AMT",
                "SEX",
                "Y"
            ],
            [
                "BILL_AMT",
                "SEX",
                "Y"
            ],
            [
                "BILL_AMT",
                "SEX",
                "Y"
            ],
            [
                "BILL_AMT",
                "SEX",
                "Y"
            ],
            [
                "BILL_AMT",
                "SEX",
                "Y"
            ]
        ],
        [
            [
                "BILL_AMT",
                "SEX",
                "Y"
            ],
            [
                "BILL_AMT",
                "SEX",
                "Y"
            ],
            [
                "BILL_AMT",
                "SEX",
                "Y"
            ],
            [
                "BILL_AMT",
                "SEX",
                "Y"
            ],
            [
                "BILL_AMT",
                "SEX",
                "Y"
            ]
        ],
        [
            [
                "BILL_AMT",
                "PAY",
                "SEX",
                "Y"
            ],
            [
                "BILL_AMT",
                "PAY",
                "SEX",
                "Y"
            ],
            [
                "BILL_AMT",
                "PAY",
                "SEX",
                "Y"
            ],
            [
                "BILL_AMT",
                "PAY",
                "SEX",
                "Y"
            ],
            [
                "BILL_AMT",
                "PAY",
                "SEX",
                "Y"
            ]
        ],
        [
            [
                "LIMIT_BAL",
                "Y"
            ],
            [
                "LIMIT_BAL",
                "Y"
            ],
            [
                "LIMIT_BAL",
                "Y"
            ],
            [
                "LIMIT_BAL",
                "Y"
            ],
            [
                "LIMIT_BAL",
                "Y"
            ]
        ],
        [
            [
                "LIMIT_BAL",
                "Y"
            ],
            [
                "LIMIT_BAL",
                "Y"
            ],
            [
                "LIMIT_BAL",
                "Y"
            ],
            [
                "LIMIT_BAL",
                "Y"
            ],
            [
                "LIMIT_BAL",
                "Y"
            ]
        ],
        [
            [
                "LIMIT_BAL",
                "Y"
            ],
            [
                "LIMIT_BAL",
                "Y"
            ],
            [
                "LIMIT_BAL",
                "Y"
            ],
            [
                "LIMIT_BAL",
                "Y"
            ],
            [
                "LIMIT_BAL",
                "Y"
            ]
        ]
    ],