{
    "AUC": {
        "means": [
            0.6360548070037346,
            0.5599655250355419,
            0.4235717044649271,
            0.40581833273183054,
            0.396062775764373,
            0.3795003632578386
        ],
        "stds": [
            0.0,
            0.0030283113711320067,
            0.0027218692453884435,
            0.00382058777777615,
            0.00622402233849884,
            0.010615853327065604
        ],
        "medians": [
            0.6360548070037346
        ],
        "q1": [
            0.6360548070037346
        ],
        "q3": [
            0.6360548070037346
        ],
        "budgets": [
            0,
            2400,
            4800,
            7200,
            9600,
            12000
        ],
        "values": [
            [
                0.6360548070037346,
                0.6360548070037346,
                0.6360548070037346,
                0.6360548070037346,
                0.6360548070037346
            ]
        ]
    },
    "SPD": {
        "means": [
            0.0,
            0.0004995857601405501,
            0.011923446808687793,
            0.02344347811606211,
            0.028000532891477505,
            0.03192047704889138
        ],
        "stds": [
            0.0,
            0.0005678025524712754,
            0.0026739688237249837,
            0.0031337371799928623,
            0.0030810024907244665,
            0.01740475467143158
        ],
        "medians": [
            0.0
        ],
        "q1": [
            0.0
        ],
        "q3": [
            0.0
        ],
        "budgets": [
            0,
            2400,
            4800,
            7200,
            9600,
            12000
        ],
        "values": [
            [
                0.0,
                0.0,
                0.0,
                0.0,
                0.0
            ]
        ]
    },
    "EO": {
        "means": [
            0.0,
            0.008314361601214192,
            0.01383608423449061,
            0.00547334471637261,
            0.0073050654524758115,
            0.013837507114399555
        ],
        "stds": [
            0.0,
            0.0068575759169247266,
            0.004779816415659771,
            0.0016309001267502542,
            0.002852270188458432,
            0.012218343413772726
        ],
        "medians": [
            0.0
        ],
        "q1": [
            0.0
        ],
        "q3": [
            0.0
        ],
        "budgets": [
            0,
            2400,
            4800,
            7200,
            9600,
            12000
        ],
        "values": [
            [
                0.0,
                0.0,
                0.0,
                0.0,
                0.0
            ]
        ]
    },
    "ACC": {
        "means": [
            0.7811666666666667,
            0.7533666666666666,
            0.6518333333333333,
            0.5908,
            0.5327333333333334,
            0.3923
        ],
        "stds": [
            0.0,
            0.022700807621462888,
            0.0076912648865810965,
            0.015784450858008607,
            0.04149331940873802,
            0.09619444428401834
        ],
        "medians": [
            0.7811666666666667
        ],
        "q1": [
            0.7811666666666667
        ],
        "q3": [
            0.7811666666666667
        ],
        "budgets": [
            0,
            2400,
            4800,
            7200,
            9600,
            12000
        ],
        "values": [
            [
                0.7811666666666667,
                0.7811666666666667,
                0.7811666666666667,
                0.7811666666666667,
                0.7811666666666667
            ]
        ]
    },
    "F1": {
        "means": [
            0.0,
            0.08297436518099924,
            0.09050563323015286,
            0.14092337660319765,
            0.17003748143013767,
            0.24803259127629249
        ],
        "stds": [
            0.0,
            0.0677506181522039,
            0.0031388604638737014,
            0.010138304350392393,
            0.020222038662008904,
            0.05652733455178522
        ],
        "medians": [
            0.0
        ],
        "q1": [
            0.0
        ],
        "q3": [
            0.0
        ],
        "budgets": [
            0,
            2400,
            4800,
            7200,
            9600,
            12000
        ],
        "values": [
            [
                0.0,
                0.0,
                0.0,
                0.0,
                0.0
            ]
        ]
    },
    "col_list": [
        [
            [
                "BILL_AMT",
                "EDUCATION",
                "MARRIAGE",
                "Y"
            ],
            [
                "BILL_AMT",
                "EDUCATION",
                "MARRIAGE",
                "Y"
            ],
            [
                "BILL_AMT",
                "EDUCATION",
                "MARRIAGE",
                "Y"
            ],
            [
                "BILL_AMT",
                "EDUCATION",
                "MARRIAGE",
                "Y"
            ],
            [
                "BILL_AMT",
                "EDUCATION",
                "MARRIAGE",
                "Y"
            ]
        ],
        [
            [
                "BILL_AMT",
                "EDUCATION",
                "MARRIAGE",
                "Y"
            ],
            [
                "BILL_AMT",
                "EDUCATION",
                "MARRIAGE",
                "Y"
            ],
            [
                "BILL_AMT",
                "EDUCATION",
                "MARRIAGE",
                "Y"
            ],
            [
                "BILL_AMT",
                "EDUCATION",
                "MARRIAGE",
                "Y"
            ],
            [
                "BILL_AMT",
                "EDUCATION",
                "MARRIAGE",
                "Y"
            ]
        ],
        [
            [
                "PAY_AMT",
                "Y"
            ],
            [
                "PAY_AMT",
                "Y"
            ],
            [
                "PAY_AMT",
                "Y"
            ],
            [
                "PAY_AMT",
                "Y"
            ],
            [
                "PAY_AMT",
                "Y"
            ]
        ],
        [
            [
                "PAY_AMT",
                "Y"
            ],
            [
                "PAY_AMT",
                "Y"
            ],
            [
                "PAY_AMT",
                "Y"
            ],
            [
                "PAY_AMT",
                "Y"
            ],
            [
                "PAY_AMT",
                "Y"
            ]
        ],
        [
            [
                "PAY_AMT",
                "Y"
            ],
            [
                "PAY_AMT",
                "Y"
            ],
            [
                "PAY_AMT",
                "Y"
            ],
            [
                "PAY_AMT",
                "Y"
            ],
            [
                "PAY_AMT",
                "Y"
            ]
        ],
        [
            [
                "PAY_AMT",
                "MARRIAGE",
                "Y"
            ],
            [
                "PAY_AMT",
                "MARRIAGE",
                "Y"
            ],
            [
                "PAY_AMT",
                "MARRIAGE",
                "Y"
            ],
            [
                "PAY_AMT",
                "MARRIAGE",
                "Y"
            ],
            [
                "PAY_AMT",
                "MARRIAGE",
                "Y"
            ]
        ]
    ],