{
    "AUC": {
        "means": [
            0.6360548070037346,
            0.5575412278553682,
            0.5608281791235695,
            0.389122999217911,
            0.3780419045662916,
            0.36945465500580027
        ],
        "stds": [
            0.0,
            0.0002864474909641873,
            0.03353206143335061,
            0.0,
            0.0055881009506977,
            0.01008523681446407
        ],
        "medians": [
            0.6360548070037346
        ],
        "q1": [
            0.6360548070037346
        ],
        "q3": [
            0.6360548070037346
        ],
        "budgets": [
            0,
            2400,
            4800,
            7200,
            9600,
            12000
        ],
        "values": [
            [
                0.6360548070037346,
                0.6360548070037346,
                0.6360548070037346,
                0.6360548070037346,
                0.6360548070037346
            ]
        ]
    },
    "SPD": {
        "means": [
            0.0,
            0.0008129370508064837,
            0.010997825414205164,
            0.03955886577379586,
            0.003507230810008899,
            0.000760619319813971
        ],
        "stds": [
            0.0,
            0.000621870504829734,
            0.009003080967771165,
            0.0,
            0.0022831475046182336,
            0.0011808230531764248
        ],
        "medians": [
            0.0
        ],
        "q1": [
            0.0
        ],
        "q3": [
            0.0
        ],
        "budgets": [
            0,
            2400,
            4800,
            7200,
            9600,
            12000
        ],
        "values": [
            [
                0.0,
                0.0,
                0.0,
                0.0,
                0.0
            ]
        ]
    },
    "EO": {
        "means": [
            0.0,
            0.013237526086131667,
            0.01039081768165434,
            0.01761525327262381,
            0.009845380383228974,
            0.008086226522481477
        ],
        "stds": [
            0.0,
            0.0005312084993359889,
            0.00886820125635974,
            0.0,
            0.0033987947443260428,
            0.01501483759500015
        ],
        "medians": [
            0.0
        ],
        "q1": [
            0.0
        ],
        "q3": [
            0.0
        ],
        "budgets": [
            0,
            2400,
            4800,
            7200,
            9600,
            12000
        ],
        "values": [
            [
                0.0,
                0.0,
                0.0,
                0.0,
                0.0
            ]
        ]
    },
    "ACC": {
        "means": [
            0.7811666666666667,
            0.7349666666666667,
            0.7198333333333333,
            0.5138333333333334,
            0.2268666666666667,
            0.2424
        ],
        "stds": [
            0.0,
            0.0003399346342395164,
            0.050099567529736905,
            0.0,
            0.00878470893718802,
            0.04532225354797208
        ],
        "medians": [
            0.7811666666666667
        ],
        "q1": [
            0.7811666666666667
        ],
        "q3": [
            0.7811666666666667
        ],
        "budgets": [
            0,
            2400,
            4800,
            7200,
            9600,
            12000
        ],
        "values": [
            [
                0.7811666666666667,
                0.7811666666666667,
                0.7811666666666667,
                0.7811666666666667,
                0.7811666666666667
            ]
        ]
    },
    "F1": {
        "means": [
            0.0,
            0.1379158480929199,
            0.11765912953128048,
            0.17248226950354612,
            0.3519720462938171,
            0.3412443427980292
        ],
        "stds": [
            0.0,
            0.000290674332548306,
            0.09610449763209607,
            0.0,
            0.007974848630934506,
            0.02857966158315461
        ],
        "medians": [
            0.0
        ],
        "q1": [
            0.0
        ],
        "q3": [
            0.0
        ],
        "budgets": [
            0,
            2400,
            4800,
            7200,
            9600,
            12000
        ],
        "values": [
            [
                0.0,
                0.0,
                0.0,
                0.0,
                0.0
            ]
        ]
    },
    "col_list": [
        [
            [
                "BILL_AMT",
                "SEX",
                "Y"
            ],
            [
                "BILL_AMT",
                "SEX",
                "Y"
            ],
            [
                "BILL_AMT",
                "SEX",
                "Y"
            ],
            [
                "BILL_AMT",
                "SEX",
                "Y"
            ],
            [
                "BILL_AMT",
                "SEX",
                "Y"
            ]
        ],
        [
            [
                "BILL_AMT",
                "SEX",
                "Y"
            ],
            [
                "BILL_AMT",
                "SEX",
                "Y"
            ],
            [
                "BILL_AMT",
                "SEX",
                "Y"
            ],
            [
                "BILL_AMT",
                "SEX",
                "Y"
            ],
            [
                "BILL_AMT",
                "SEX",
                "Y"
            ]
        ],
        [
            [
                "BILL_AMT",
                "PAY",
                "SEX",
                "Y"
            ],
            [
                "BILL_AMT",
                "PAY",
                "SEX",
                "Y"
            ],
            [
                "BILL_AMT",
                "PAY",
                "SEX",
                "Y"
            ],
            [
                "BILL_AMT",
                "PAY",
                "SEX",
                "Y"
            ],
            [
                "BILL_AMT",
                "PAY",
                "SEX",
                "Y"
            ]
        ],
        [
            [
                "LIMIT_BAL",
                "Y"
            ],
            [
                "LIMIT_BAL",
                "Y"
            ],
            [
                "LIMIT_BAL",
                "Y"
            ],
            [
                "LIMIT_BAL",
                "Y"
            ],
            [
                "LIMIT_BAL",
                "Y"
            ]
        ],
        [
            [
                "LIMIT_BAL",
                "Y"
            ],
            [
                "LIMIT_BAL",
                "Y"
            ],
            [
                "LIMIT_BAL",
                "Y"
            ],
            [
                "LIMIT_BAL",
                "Y"
            ],
            [
                "LIMIT_BAL",
                "Y"
            ]
        ],
        [
            [
                "LIMIT_BAL",
                "Y"
            ],
            [
                "LIMIT_BAL",
                "Y"
            ],
            [
                "LIMIT_BAL",
                "Y"
            ],
            [
                "LIMIT_BAL",
                "Y"
            ],
            [
                "LIMIT_BAL",
                "Y"
            ]
        ]
    ],