{
    "AUC": {
        "means": [
            0.6839258690767076,
            0.5985846350140258,
            0.5599732923022326,
            0.4522422457735426,
            0.4349901064846765,
            0.3886949545753019
        ],
        "stds": [
            0.0,
            0.011411834664822281,
            0.047798456920747925,
            0.008085991358828605,
            0.004699739435441842,
            0.01651764717470441
        ],
        "medians": [
            0.6839258690767076
        ],
        "q1": [
            0.6839258690767076
        ],
        "q3": [
            0.6839258690767076
        ],
        "budgets": [
            0,
            2400,
            4800,
            7200,
            9600,
            12000
        ],
        "values": [
            [
                0.6839258690767076,
                0.6839258690767076,
                0.6839258690767076,
                0.6839258690767076,
                0.6839258690767076
            ]
        ]
    },
    "SPD": {
        "means": [
            0.004278396940314767,
            0.023855358820533527,
            0.04617796077419141,
            0.01224012867108799,
            0.024692026194946703,
            0.2923173424257942
        ],
        "stds": [
            0.0,
            0.018130498882791116,
            0.08292207453082867,
            0.00972296102182506,
            0.013964485908722265,
            0.10175441041898624
        ],
        "medians": [
            0.004278396940314767
        ],
        "q1": [
            0.004278396940314767
        ],
        "q3": [
            0.004278396940314767
        ],
        "budgets": [
            0,
            2400,
            4800,
            7200,
            9600,
            12000
        ],
        "values": [
            [
                0.004278396940314767,
                0.004278396940314767,
                0.004278396940314767,
                0.004278396940314767,
                0.004278396940314767
            ]
        ]
    },
    "EO": {
        "means": [
            0.0011620185922974757,
            0.02776038702333524,
            0.06203187250996016,
            0.03831009296148739,
            0.01844526655283627,
            0.3206488332384747
        ],
        "stds": [
            0.0,
            0.039924973693635055,
            0.11216715148874092,
            0.007766562843494158,
            0.01196563196320273,
            0.1294109508578578
        ],
        "medians": [
            0.0011620185922974757
        ],
        "q1": [
            0.0011620185922974757
        ],
        "q3": [
            0.0011620185922974757
        ],
        "budgets": [
            0,
            2400,
            4800,
            7200,
            9600,
            12000
        ],
        "values": [
            [
                0.0011620185922974757,
                0.0011620185922974757,
                0.0011620185922974757,
                0.0011620185922974757,
                0.0011620185922974757
            ]
        ]
    },
    "ACC": {
        "means": [
            0.7971666666666667,
            0.7445333333333334,
            0.7352000000000001,
            0.4966333333333333,
            0.46629999999999994,
            0.3882333333333333
        ],
        "stds": [
            0.0,
            0.025840837619722973,
            0.03822425059217423,
            0.03868482332330799,
            0.05185636144411042,
            0.08161927876835635
        ],
        "medians": [
            0.7971666666666667
        ],
        "q1": [
            0.7971666666666667
        ],
        "q3": [
            0.7971666666666667
        ],
        "budgets": [
            0,
            2400,
            4800,
            7200,
            9600,
            12000
        ],
        "values": [
            [
                0.7971666666666667,
                0.7971666666666667,
                0.7971666666666667,
                0.7971666666666667,
                0.7971666666666667
            ]
        ]
    },
    "F1": {
        "means": [
            0.2133160956690368,
            0.23929376650405887,
            0.16325487503425648,
            0.25021191846521346,
            0.2521757271646011,
            0.254555968124347
        ],
        "stds": [
            0.0,
            0.015414489170917613,
            0.13258379520257427,
            0.009590283774257595,
            0.02306509435106539,
            0.050246281899110366
        ],
        "medians": [
            0.2133160956690368
        ],
        "q1": [
            0.2133160956690368
        ],
        "q3": [
            0.2133160956690368
        ],
        "budgets": [
            0,
            2400,
            4800,
            7200,
            9600,
            12000
        ],
        "values": [
            [
                0.2133160956690368,
                0.2133160956690368,
                0.2133160956690368,
                0.2133160956690368,
                0.2133160956690368
            ]
        ]
    },