{
    "AUC": {
        "means": [
            0.6388307436215385,
            0.5627804604819182,
            0.5332301380997267,
            0.39119568945947786,
            0.38640630832051387,
            0.3743183939112429
        ],
        "stds": [
            8.971181135492577e-05,
            0.002372861259861381,
            0.015868678334628312,
            5.804325652567498e-05,
            0.0001941987754148456,
            0.0
        ],
        "medians": [
            0.6387577508140599
        ],
        "q1": [
            0.6387577508140599
        ],
        "q3": [
            0.6389283706890655
        ],
        "budgets": [
            0,
            2400,
            4800,
            7200,
            9600,
            12000
        ],
        "values": [
            [
                0.6389283706890655,
                0.6387577508140599,
                0.6387577508140599,
                0.6389520949764472,
                0.6387577508140599
            ]
        ]
    },
    "SPD": {
        "means": [
            0.0,
            0.0031056193683848153,
            0.007965339850152043,
            0.04249823410311172,
            0.05755977335459348,
            0.0
        ],
        "stds": [
            0.0,
            0.0025665603110448126,
            0.009288095365379993,
            0.0005886785540322792,
            0.0025268650546561655,
            0.0
        ],
        "medians": [
            0.0
        ],
        "q1": [
            0.0
        ],
        "q3": [
            0.0
        ],
        "budgets": [
            0,
            2400,
            4800,
            7200,
            9600,
            12000
        ],
        "values": [
            [
                0.0,
                0.0,
                0.0,
                0.0,
                0.0
            ]
        ]
    },
    "EO": {
        "means": [
            0.0,
            0.011217985202048952,
            0.012172263327641809,
            0.026983494593056358,
            0.02515651678998292,
            0.0
        ],
        "stds": [
            0.0,
            0.009282240645210308,
            0.013935312935805038,
            0.005456270157465371,
            0.0014146667404847314,
            0.0
        ],
        "medians": [
            0.0
        ],
        "q1": [
            0.0
        ],
        "q3": [
            0.0
        ],
        "budgets": [
            0,
            2400,
            4800,
            7200,
            9600,
            12000
        ],
        "values": [
            [
                0.0,
                0.0,
                0.0,
                0.0,
                0.0
            ]
        ]
    },
    "ACC": {
        "means": [
            0.7811666666666667,
            0.7490666666666668,
            0.7411666666666668,
            0.5197333333333333,
            0.4525666666666667,
            0.21883333333333335
        ],
        "stds": [
            0.0,
            0.026342951829874946,
            0.0497058011369565,
            0.012466666666666671,
            0.0016485684025170852,
            2.7755575615628914e-17
        ],
        "medians": [
            0.7811666666666667
        ],
        "q1": [
            0.7811666666666667
        ],
        "q3": [
            0.7811666666666667
        ],
        "budgets": [
            0,
            2400,
            4800,
            7200,
            9600,
            12000
        ],
        "values": [
            [
                0.7811666666666667,
                0.7811666666666667,
                0.7811666666666667,
                0.7811666666666667,
                0.7811666666666667
            ]
        ]
    },
    "F1": {
        "means": [
            0.0,
            0.08560921900320415,
            0.08354265968119637,
            0.1720692224424669,
            0.2080911405277533,
            0.35908655818405577
        ],
        "stds": [
            0.0,
            0.06991607874318816,
            0.10049307465052058,
            0.005310240441614067,
            0.0029257630419573283,
            0.0
        ],
        "medians": [
            0.0
        ],
        "q1": [
            0.0
        ],
        "q3": [
            0.0
        ],
        "budgets": [
            0,
            2400,
            4800,
            7200,
            9600,
            12000
        ],
        "values": [
            [
                0.0,
                0.0,
                0.0,
                0.0,
                0.0
            ]
        ]
    },
    "col_list": [
        [
            [
                "BILL_AMT",
                "SEX",
                "Y"
            ],
            [
                "BILL_AMT",
                "SEX",
                "Y"
            ],
            [
                "BILL_AMT",
                "SEX",
                "Y"
            ],
            [
                "BILL_AMT",
                "SEX",
                "Y"
            ],
            [
                "BILL_AMT",
                "SEX",
                "Y"
            ]
        ],
        [
            [
                "BILL_AMT",
                "SEX",
                "Y"
            ],
            [
                "BILL_AMT",
                "SEX",
                "Y"
            ],
            [
                "BILL_AMT",
                "SEX",
                "Y"
            ],
            [
                "BILL_AMT",
                "SEX",
                "Y"
            ],
            [
                "BILL_AMT",
                "SEX",
                "Y"
            ]
        ],
        [
            [
                "BILL_AMT",
                "PAY",
                "SEX",
                "Y"
            ],
            [
                "BILL_AMT",
                "PAY",
                "SEX",
                "Y"
            ],
            [
                "BILL_AMT",
                "PAY",
                "SEX",
                "Y"
            ],
            [
                "BILL_AMT",
                "PAY",
                "SEX",
                "Y"
            ],
            [
                "BILL_AMT",
                "PAY",
                "SEX",
                "Y"
            ]
        ],
        [
            [
                "LIMIT_BAL",
                "Y"
            ],
            [
                "LIMIT_BAL",
                "Y"
            ],
            [
                "LIMIT_BAL",
                "Y"
            ],
            [
                "LIMIT_BAL",
                "Y"
            ],
            [
                "LIMIT_BAL",
                "Y"
            ]
        ],
        [
            [
                "LIMIT_BAL",
                "Y"
            ],
            [
                "LIMIT_BAL",
                "Y"
            ],
            [
                "LIMIT_BAL",
                "Y"
            ],
            [
                "LIMIT_BAL",
                "Y"
            ],
            [
                "LIMIT_BAL",
                "Y"
            ]
        ],
        [
            [
                "LIMIT_BAL",
                "Y"
            ],
            [
                "LIMIT_BAL",
                "Y"
            ],
            [
                "LIMIT_BAL",
                "Y"
            ],
            [
                "LIMIT_BAL",
                "Y"
            ],
            [
                "LIMIT_BAL",
                "Y"
            ]
        ]
    ],