{
    "AUC": {
        "means": [
            0.6839258690767076,
            0.6093683310987547,
            0.5765423996076717,
            0.5859721213624046,
            0.5652311793684498,
            0.5508888401764632
        ],
        "stds": [
            0.0,
            0.01825002939606361,
            0.060786579663985464,
            0.0399459851589837,
            0.06534834749391036,
            0.08291405386305445
        ],
        "medians": [
            0.6839258690767076
        ],
        "q1": [
            0.6839258690767076
        ],
        "q3": [
            0.6839258690767076
        ],
        "budgets": [
            0,
            2400,
            4800,
            7200,
            9600,
            12000
        ],
        "values": [
            [
                0.6839258690767076,
                0.6839258690767076,
                0.6839258690767076,
                0.6839258690767076,
                0.6839258690767076
            ]
        ]
    },
    "SPD": {
        "means": [
            0.004278396940314767,
            0.020284014504639902,
            0.031766576880003665,
            0.01825694528286962,
            0.008374583852000498,
            0.007885267354707251
        ],
        "stds": [
            0.0,
            0.008666115374619799,
            0.02096817790178182,
            0.021523034656514322,
            0.009419663176819316,
            0.008820375306272115
        ],
        "medians": [
            0.004278396940314767
        ],
        "q1": [
            0.004278396940314767
        ],
        "q3": [
            0.004278396940314767
        ],
        "budgets": [
            0,
            2400,
            4800,
            7200,
            9600,
            12000
        ],
        "values": [
            [
                0.004278396940314767,
                0.004278396940314767,
                0.004278396940314767,
                0.004278396940314767,
                0.004278396940314767
            ]
        ]
    },
    "EO": {
        "means": [
            0.0011620185922974757,
            0.052747581104154805,
            0.08693321950294063,
            0.017146651489280972,
            0.00944602542212104,
            0.0010396509201290429
        ],
        "stds": [
            0.0,
            0.03840179108011282,
            0.06586828640540796,
            0.019989527847812258,
            0.010558225565553749,
            0.00026256150724202645
        ],
        "medians": [
            0.0011620185922974757
        ],
        "q1": [
            0.0011620185922974757
        ],
        "q3": [
            0.0011620185922974757
        ],
        "budgets": [
            0,
            2400,
            4800,
            7200,
            9600,
            12000
        ],
        "values": [
            [
                0.0011620185922974757,
                0.0011620185922974757,
                0.0011620185922974757,
                0.0011620185922974757,
                0.0011620185922974757
            ]
        ]
    },
    "ACC": {
        "means": [
            0.7971666666666667,
            0.7858333333333333,
            0.7670666666666667,
            0.7332666666666666,
            0.6779333333333334,
            0.6336
        ],
        "stds": [
            0.0,
            0.002994439290863439,
            0.038457133422956924,
            0.05968590006581678,
            0.12745511628281803,
            0.18175213891451183
        ],
        "medians": [
            0.7971666666666667
        ],
        "q1": [
            0.7971666666666667
        ],
        "q3": [
            0.7971666666666667
        ],
        "budgets": [
            0,
            2400,
            4800,
            7200,
            9600,
            12000
        ],
        "values": [
            [
                0.7971666666666667,
                0.7971666666666667,
                0.7971666666666667,
                0.7971666666666667,
                0.7971666666666667
            ]
        ]
    },
    "F1": {
        "means": [
            0.2133160956690368,
            0.0892172736343256,
            0.12600587135750554,
            0.11889028901089951,
            0.12335030937791491,
            0.12889345730126212
        ],
        "stds": [
            0.0,
            0.041732524647639886,
            0.09689681326361742,
            0.12716531884195956,
            0.13262770591276368,
            0.13941664790324815
        ],
        "medians": [
            0.2133160956690368
        ],
        "q1": [
            0.2133160956690368
        ],
        "q3": [
            0.2133160956690368
        ],
        "budgets": [
            0,
            2400,
            4800,
            7200,
            9600,
            12000
        ],
        "values": [
            [
                0.2133160956690368,
                0.2133160956690368,
                0.2133160956690368,
                0.2133160956690368,
                0.2133160956690368
            ]
        ]
    },