{
    "AUC": {
        "means": [
            0.6101879239802335,
            0.5,
            0.5773600425477221,
            0.5867700373950017,
            0.5383650813588685,
            0.5124882861331053
        ],
        "stds": [
            0.08996806318938479,
            0.0,
            0.06942804883316743,
            0.03956618481144502,
            0.06589993764442288,
            0.08702825247162557
        ],
        "medians": [
            0.6836465399670557
        ],
        "q1": [
            0.5
        ],
        "q3": [
            0.6836465399670557
        ],
        "budgets": [
            0,
            2400,
            4800,
            7200,
            9600,
            12000
        ],
        "values": [
            [
                0.6836465399670557,
                0.6836465399670557,
                0.5,
                0.6836465399670557,
                0.5
            ]
        ]
    },
    "SPD": {
        "means": [
            0.002068285046981877,
            0.0,
            0.015196149859075187,
            0.019472881513522805,
            0.010614670890941823,
            0.03991495940171826
        ],
        "stds": [
            0.0016887476692446439,
            0.0,
            0.019961495175170655,
            0.022330696585283482,
            0.007654432370380621,
            0.03157801775962552
        ],
        "medians": [
            0.003447141744969795
        ],
        "q1": [
            0.0
        ],
        "q3": [
            0.003447141744969795
        ],
        "budgets": [
            0,
            2400,
            4800,
            7200,
            9600,
            12000
        ],
        "values": [
            [
                0.003447141744969795,
                0.003447141744969795,
                0.0,
                0.003447141744969795,
                0.0
            ]
        ]
    },
    "EO": {
        "means": [
            0.002840068298235629,
            0.0,
            0.03341111743502182,
            0.02025896414342631,
            0.013609372035666867,
            0.04474340732308858
        ],
        "stds": [
            0.0023189060551106165,
            0.0,
            0.060229468301199886,
            0.022569833633584155,
            0.009617186535173194,
            0.03503801989783619
        ],
        "medians": [
            0.004733447163726048
        ],
        "q1": [
            0.0
        ],
        "q3": [
            0.004733447163726048
        ],
        "budgets": [
            0,
            2400,
            4800,
            7200,
            9600,
            12000
        ],
        "values": [
            [
                0.004733447163726048,
                0.004733447163726048,
                0.0,
                0.004733447163726048,
                0.0
            ]
        ]
    },
    "ACC": {
        "means": [
            0.7905666666666666,
            0.7811666666666667,
            0.768,
            0.7325333333333334,
            0.6258666666666667,
            0.5401666666666667
        ],
        "stds": [
            0.007675067860720595,
            0.0,
            0.038355935365700256,
            0.060175798014373366,
            0.12721016730853968,
            0.19718392429404583
        ],
        "medians": [
            0.7968333333333333
        ],
        "q1": [
            0.7811666666666667
        ],
        "q3": [
            0.7968333333333333
        ],
        "budgets": [
            0,
            2400,
            4800,
            7200,
            9600,
            12000
        ],
        "values": [
            [
                0.7968333333333333,
                0.7968333333333333,
                0.7811666666666667,
                0.7968333333333333,
                0.7811666666666667
            ]
        ]
    },
    "F1": {
        "means": [
            0.12660194174757283,
            0.0,
            0.12723306208646218,
            0.11821758109418248,
            0.1754852286377471,
            0.19070759102803048
        ],
        "stds": [
            0.10337005257570435,
            0.0,
            0.11866060014251495,
            0.13000815749409392,
            0.1334309434131572,
            0.1458599502584664
        ],
        "medians": [
            0.21100323624595468
        ],
        "q1": [
            0.0
        ],
        "q3": [
            0.21100323624595468
        ],
        "budgets": [
            0,
            2400,
            4800,
            7200,
            9600,
            12000
        ],
        "values": [
            [
                0.21100323624595468,
                0.21100323624595468,
                0.0,
                0.21100323624595468,
                0.0
            ]
        ]
    },
    "col_list": [
        [
            [
                "BILL_AMT",
                "SEX",
                "Y"
            ],
            [
                "BILL_AMT",
                "SEX",
                "Y"
            ],
            [
                "BILL_AMT",
                "SEX",
                "Y"
            ],
            [
                "BILL_AMT",
                "SEX",
                "Y"
            ],
            [
                "BILL_AMT",
                "SEX",
                "Y"
            ]
        ],
        [
            [
                "BILL_AMT",
                "SEX",
                "Y"
            ],
            [
                "BILL_AMT",
                "SEX",
                "Y"
            ],
            [
                "BILL_AMT",
                "SEX",
                "Y"
            ],
            [
                "BILL_AMT",
                "SEX",
                "Y"
            ],
            [
                "BILL_AMT",
                "SEX",
                "Y"
            ]
        ],
        [
            [
                "BILL_AMT",
                "PAY",
                "SEX",
                "Y"
            ],
            [
                "BILL_AMT",
                "PAY",
                "SEX",
                "Y"
            ],
            [
                "BILL_AMT",
                "PAY",
                "SEX",
                "Y"
            ],
            [
                "BILL_AMT",
                "PAY",
                "SEX",
                "Y"
            ],
            [
                "BILL_AMT",
                "PAY",
                "SEX",
                "Y"
            ]
        ],
        [
            [
                "LIMIT_BAL",
                "Y"
            ],
            [
                "LIMIT_BAL",
                "Y"
            ],
            [
                "LIMIT_BAL",
                "Y"
            ],
            [
                "LIMIT_BAL",
                "Y"
            ],
            [
                "LIMIT_BAL",
                "Y"
            ]
        ],
        [
            [
                "LIMIT_BAL",
                "Y"
            ],
            [
                "LIMIT_BAL",
                "Y"
            ],
            [
                "LIMIT_BAL",
                "Y"
            ],
            [
                "LIMIT_BAL",
                "Y"
            ],
            [
                "LIMIT_BAL",
                "Y"
            ]
        ],
        [
            [
                "LIMIT_BAL",
                "Y"
            ],
            [
                "LIMIT_BAL",
                "Y"
            ],
            [
                "LIMIT_BAL",
                "Y"
            ],
            [
                "LIMIT_BAL",
                "Y"
            ],
            [
                "LIMIT_BAL",
                "Y"
            ]
        ]
    ],