{
    "AUC": {
        "means": [
            0.6360548070037346,
            0.5709750568367303,
            0.5198035239016509,
            0.4824556782375649,
            0.4324455304173801,
            0.45685873210583433
        ],
        "stds": [
            0.0,
            0.002874495320134897,
            0.016053449257644025,
            0.039375306987224454,
            0.015419182334551834,
            0.08350408014678325
        ],
        "medians": [
            0.6360548070037346
        ],
        "q1": [
            0.6360548070037346
        ],
        "q3": [
            0.6360548070037346
        ],
        "budgets": [
            0,
            2400,
            4800,
            7200,
            9600,
            12000
        ],
        "values": [
            [
                0.6360548070037346,
                0.6360548070037346,
                0.6360548070037346,
                0.6360548070037346,
                0.6360548070037346
            ]
        ]
    },
    "SPD": {
        "means": [
            0.0,
            0.0008726097943788276,
            0.0010378894166919912,
            0.003318220864089075,
            0.008335588407945071,
            0.05412692531331663
        ],
        "stds": [
            0.0,
            0.00015727648156140176,
            0.0010642013680674444,
            0.0024162257424861808,
            0.0034127822388419324,
            0.023687321907325948
        ],
        "medians": [
            0.0
        ],
        "q1": [
            0.0
        ],
        "q3": [
            0.0
        ],
        "budgets": [
            0,
            2400,
            4800,
            7200,
            9600,
            12000
        ],
        "values": [
            [
                0.0,
                0.0,
                0.0,
                0.0,
                0.0
            ]
        ]
    },
    "EO": {
        "means": [
            0.0,
            0.003214285714285714,
            0.024000664010624166,
            0.01880288370328211,
            0.013946120280781637,
            0.035239043824701215
        ],
        "stds": [
            0.0,
            0.002082482819587607,
            0.009060238343634116,
            0.008241303481793288,
            0.006061833287762787,
            0.017230327529955267
        ],
        "medians": [
            0.0
        ],
        "q1": [
            0.0
        ],
        "q3": [
            0.0
        ],
        "budgets": [
            0,
            2400,
            4800,
            7200,
            9600,
            12000
        ],
        "values": [
            [
                0.0,
                0.0,
                0.0,
                0.0,
                0.0
            ]
        ]
    },
    "ACC": {
        "means": [
            0.7811666666666667,
            0.7788333333333333,
            0.7363333333333333,
            0.683,
            0.5890333333333333,
            0.5127333333333334
        ],
        "stds": [
            0.0,
            0.0009660917830792776,
            0.018050854088749714,
            0.05172416155810446,
            0.04263454520039405,
            0.13346891439998718
        ],
        "medians": [
            0.7811666666666667
        ],
        "q1": [
            0.7811666666666667
        ],
        "q3": [
            0.7811666666666667
        ],
        "budgets": [
            0,
            2400,
            4800,
            7200,
            9600,
            12000
        ],
        "values": [
            [
                0.7811666666666667,
                0.7811666666666667,
                0.7811666666666667,
                0.7811666666666667,
                0.7811666666666667
            ]
        ]
    },
    "F1": {
        "means": [
            0.0,
            0.002695179960431244,
            0.02925167153603176,
            0.06542265935530962,
            0.12981829740452833,
            0.19830699804336888
        ],
        "stds": [
            0.0,
            0.0017255624242014515,
            0.011466401171727595,
            0.03482550874087752,
            0.028442229066580147,
            0.08661662667951726
        ],
        "medians": [
            0.0
        ],
        "q1": [
            0.0
        ],
        "q3": [
            0.0
        ],
        "budgets": [
            0,
            2400,
            4800,
            7200,
            9600,
            12000
        ],
        "values": [
            [
                0.0,
                0.0,
                0.0,
                0.0,
                0.0
            ]
        ]
    },
    "col_list": [
        [
            [
                "BILL_AMT",
                "PAY",
                "SEX",
                "Y"
            ],
            [
                "BILL_AMT",
                "PAY",
                "SEX",
                "Y"
            ],
            [
                "BILL_AMT",
                "PAY",
                "SEX",
                "Y"
            ],
            [
                "BILL_AMT",
                "PAY",
                "SEX",
                "Y"
            ],
            [
                "BILL_AMT",
                "PAY",
                "SEX",
                "Y"
            ]
        ],
        [
            [
                "PAY_AMT",
                "Y"
            ],
            [
                "PAY_AMT",
                "Y"
            ],
            [
                "PAY_AMT",
                "Y"
            ],
            [
                "PAY_AMT",
                "Y"
            ],
            [
                "PAY_AMT",
                "Y"
            ]
        ],
        [
            [
                "PAY_AMT",
                "Y"
            ],
            [
                "PAY_AMT",
                "Y"
            ],
            [
                "PAY_AMT",
                "Y"
            ],
            [
                "PAY_AMT",
                "Y"
            ],
            [
                "PAY_AMT",
                "Y"
            ]
        ],
        [
            [
                "PAY_AMT",
                "Y"
            ],
            [
                "PAY_AMT",
                "Y"
            ],
            [
                "PAY_AMT",
                "Y"
            ],
            [
                "PAY_AMT",
                "Y"
            ],
            [
                "PAY_AMT",
                "Y"
            ]
        ],
        [
            [
                "PAY_AMT",
                "Y"
            ],
            [
                "PAY_AMT",
                "Y"
            ],
            [
                "PAY_AMT",
                "Y"
            ],
            [
                "PAY_AMT",
                "Y"
            ],
            [
                "PAY_AMT",
                "Y"
            ]
        ],
        [
            [
                "LIMIT_BAL",
                "Y"
            ],
            [
                "LIMIT_BAL",
                "Y"
            ],
            [
                "LIMIT_BAL",
                "Y"
            ],
            [
                "LIMIT_BAL",
                "Y"
            ],
            [
                "LIMIT_BAL",
                "Y"
            ]
        ]
    ],