{
    "AUC": {
        "means": [
            0.7103202112566545,
            0.6622338269014244,
            0.6737641880582013,
            0.6315869062083047,
            0.6149978932507815,
            0.5939087567157202
        ],
        "stds": [
            0.002199149560464097,
            0.015135701868216077,
            0.011943500041543808,
            0.026010653400325705,
            0.039473183021424336,
            0.05664093621647365
        ],
        "medians": [
            0.709880889452783
        ],
        "q1": [
            0.7088747196756078
        ],
        "q3": [
            0.7127720026109715
        ],
        "budgets": [
            0,
            2400,
            4800,
            7200,
            9600,
            12000
        ],
        "values": [
            [
                0.7128409005414499,
                0.7088747196756078,
                0.7072325440024596,
                0.7127720026109715,
                0.709880889452783
            ]
        ]
    },
    "SPD": {
        "means": [
            0.013614683380585815,
            0.00900087011186558,
            0.010985474544023915,
            0.040544853780962176,
            0.04024801657514533,
            0.025779596640008208
        ],
        "stds": [
            0.0011546361131992192,
            0.003358795200405369,
            0.003245793012000219,
            0.01404937061800965,
            0.010809607952714543,
            0.0034172704358147363
        ],
        "medians": [
            0.013506162251577511
        ],
        "q1": [
            0.012801885103601585
        ],
        "q3": [
            0.014893900474190147
        ],
        "budgets": [
            0,
            2400,
            4800,
            7200,
            9600,
            12000
        ],
        "values": [
            [
                0.01197062990825662,
                0.013506162251577511,
                0.014893900474190147,
                0.014900839165303215,
                0.012801885103601585
            ]
        ]
    },
    "EO": {
        "means": [
            0.021421457029026748,
            0.010591918042117242,
            0.008033105672547902,
            0.0639290457218744,
            0.05748719408081957,
            0.04156327072661735
        ],
        "stds": [
            0.0033288845735038454,
            0.00472656124285363,
            0.006350946296390244,
            0.016364308258424443,
            0.006943217455979804,
            0.011221608412682302
        ],
        "medians": [
            0.02217321191424776
        ],
        "q1": [
            0.020477613356099433
        ],
        "q3": [
            0.02354629102637068
        ],
        "budgets": [
            0,
            2400,
            4800,
            7200,
            9600,
            12000
        ],
        "values": [
            [
                0.015578163536330847,
                0.02354629102637068,
                0.025332005312085015,
                0.02217321191424776,
                0.020477613356099433
            ]
        ]
    },
    "ACC": {
        "means": [
            0.8056000000000001,
            0.7980333333333334,
            0.7993333333333332,
            0.7804666666666666,
            0.7411000000000001,
            0.6755333333333333
        ],
        "stds": [
            0.00022607766610419,
            0.0026085330062018603,
            0.002208569169796984,
            0.019952554835019128,
            0.05082328862506504,
            0.10433990394645548
        ],
        "medians": [
            0.8055
        ],
        "q1": [
            0.8055
        ],
        "q3": [
            0.8056666666666666
        ],
        "budgets": [
            0,
            2400,
            4800,
            7200,
            9600,
            12000
        ],
        "values": [
            [
                0.8055,
                0.8056666666666666,
                0.806,
                0.8053333333333333,
                0.8055
            ]
        ]
    },
    "F1": {
        "means": [
            0.16277459491295027,
            0.20261925478799303,
            0.18983526520811042,
            0.05513528221084722,
            0.08283704063503791,
            0.10591052367795231
        ],
        "stds": [
            0.06301661045409307,
            0.06888717193328646,
            0.06453215308331775,
            0.018859187305185588,
            0.039585594329565446,
            0.05809936046311124
        ],
        "medians": [
            0.20039292730844793
        ],
        "q1": [
            0.16655473472128948
        ],
        "q3": [
            0.20234986945169714
        ],
        "budgets": [
            0,
            2400,
            4800,
            7200,
            9600,
            12000
        ],
        "values": [
            [
                0.16655473472128948,
                0.20234986945169714,
                0.03988183161004432,
                0.20039292730844793,
                0.2046936114732725
            ]
        ]
    },