{
    "AUC": {
        "means": [
            0.6360548070037346,
            0.5668698776460502,
            0.5437731464141147,
            0.5936673702163672,
            0.45832778547914366,
            0.4480304047867162
        ],
        "stds": [
            0.0,
            0.0025763430828743554,
            0.046901701941140884,
            0.0003545105271856648,
            0.07967571174080854,
            0.08482440208702229
        ],
        "medians": [
            0.6360548070037346
        ],
        "q1": [
            0.6360548070037346
        ],
        "q3": [
            0.6360548070037346
        ],
        "budgets": [
            0,
            2400,
            4800,
            7200,
            9600,
            12000
        ],
        "values": [
            [
                0.6360548070037346,
                0.6360548070037346,
                0.6360548070037346,
                0.6360548070037346,
                0.6360548070037346
            ]
        ]
    },
    "SPD": {
        "means": [
            0.0,
            0.0,
            0.0008585936383304418,
            0.0,
            0.04159509406783542,
            0.06491742263706349
        ],
        "stds": [
            0.0,
            0.0,
            0.0006015126633440136,
            0.0,
            0.019834109772868886,
            0.031495274057482925
        ],
        "medians": [
            0.0
        ],
        "q1": [
            0.0
        ],
        "q3": [
            0.0
        ],
        "budgets": [
            0,
            2400,
            4800,
            7200,
            9600,
            12000
        ],
        "values": [
            [
                0.0,
                0.0,
                0.0,
                0.0,
                0.0
            ]
        ]
    },
    "EO": {
        "means": [
            0.0,
            0.0,
            0.012022860937203566,
            0.0,
            0.02720830961866815,
            0.04810756972111551
        ],
        "stds": [
            0.0,
            0.0,
            0.006290505499005039,
            0.0,
            0.012985202048947054,
            0.023434832100170732
        ],
        "medians": [
            0.0
        ],
        "q1": [
            0.0
        ],
        "q3": [
            0.0
        ],
        "budgets": [
            0,
            2400,
            4800,
            7200,
            9600,
            12000
        ],
        "values": [
            [
                0.0,
                0.0,
                0.0,
                0.0,
                0.0
            ]
        ]
    },
    "ACC": {
        "means": [
            0.7811666666666667,
            0.7811666666666667,
            0.7569333333333332,
            0.7811666666666667,
            0.5444666666666667,
            0.4694
        ],
        "stds": [
            0.0,
            0.0,
            0.014579132728359099,
            0.0,
            0.11893333333333334,
            0.15646666666666667
        ],
        "medians": [
            0.7811666666666667
        ],
        "q1": [
            0.7811666666666667
        ],
        "q3": [
            0.7811666666666667
        ],
        "budgets": [
            0,
            2400,
            4800,
            7200,
            9600,
            12000
        ],
        "values": [
            [
                0.7811666666666667,
                0.7811666666666667,
                0.7811666666666667,
                0.7811666666666667,
                0.7811666666666667
            ]
        ]
    },
    "F1": {
        "means": [
            0.0,
            0.0,
            0.02020980591627922,
            0.0,
            0.1789849450895779,
            0.21612782086320612
        ],
        "stds": [
            0.0,
            0.0,
            0.013697045410997822,
            0.0,
            0.07826492763460932,
            0.09683636552142343
        ],
        "medians": [
            0.0
        ],
        "q1": [
            0.0
        ],
        "q3": [
            0.0
        ],
        "budgets": [
            0,
            2400,
            4800,
            7200,
            9600,
            12000
        ],
        "values": [
            [
                0.0,
                0.0,
                0.0,
                0.0,
                0.0
            ]
        ]
    },
    "col_list": [
        [
            [
                "BILL_AMT",
                "LIMIT_BAL",
                "SEX",
                "Y"
            ],
            [
                "BILL_AMT",
                "LIMIT_BAL",
                "SEX",
                "Y"
            ],
            [
                "BILL_AMT",
                "LIMIT_BAL",
                "SEX",
                "Y"
            ],
            [
                "BILL_AMT",
                "LIMIT_BAL",
                "SEX",
                "Y"
            ],
            [
                "BILL_AMT",
                "LIMIT_BAL",
                "SEX",
                "Y"
            ]
        ],
        [
            [
                "BILL_AMT",
                "LIMIT_BAL",
                "SEX",
                "Y"
            ],
            [
                "BILL_AMT",
                "LIMIT_BAL",
                "SEX",
                "Y"
            ],
            [
                "BILL_AMT",
                "LIMIT_BAL",
                "SEX",
                "Y"
            ],
            [
                "BILL_AMT",
                "LIMIT_BAL",
                "SEX",
                "Y"
            ],
            [
                "BILL_AMT",
                "LIMIT_BAL",
                "SEX",
                "Y"
            ]
        ],
        [
            [
                "PAY_AMT",
                "Y"
            ],
            [
                "PAY_AMT",
                "Y"
            ],
            [
                "PAY_AMT",
                "Y"
            ],
            [
                "PAY_AMT",
                "Y"
            ],
            [
                "PAY_AMT",
                "Y"
            ]
        ],
        [
            [
                "LIMIT_BAL",
                "AGE",
                "MARRIAGE",
                "Y"
            ],
            [
                "LIMIT_BAL",
                "AGE",
                "MARRIAGE",
                "Y"
            ],
            [
                "LIMIT_BAL",
                "AGE",
                "MARRIAGE",
                "Y"
            ],
            [
                "LIMIT_BAL",
                "AGE",
                "MARRIAGE",
                "Y"
            ],
            [
                "LIMIT_BAL",
                "AGE",
                "MARRIAGE",
                "Y"
            ]
        ],
        [
            [
                "LIMIT_BAL",
                "Y"
            ],
            [
                "LIMIT_BAL",
                "Y"
            ],
            [
                "LIMIT_BAL",
                "Y"
            ],
            [
                "LIMIT_BAL",
                "Y"
            ],
            [
                "LIMIT_BAL",
                "Y"
            ]
        ],
        [
            [
                "LIMIT_BAL",
                "Y"
            ],
            [
                "LIMIT_BAL",
                "Y"
            ],
            [
                "LIMIT_BAL",
                "Y"
            ],
            [
                "LIMIT_BAL",
                "Y"
            ],
            [
                "LIMIT_BAL",
                "Y"
            ]
        ]
    ],