{
    "AUC": {
        "means": [
            0.6101879239802335,
            0.5531975545784543,
            0.5,
            0.5,
            0.5,
            0.47731007529861325
        ],
        "stds": [
            0.08996806318938479,
            0.06515416551630694,
            0.0,
            0.0,
            0.0,
            0.0
        ],
        "medians": [
            0.6836465399670557
        ],
        "q1": [
            0.5
        ],
        "q3": [
            0.6836465399670557
        ],
        "budgets": [
            0,
            2400,
            4800,
            7200,
            9600,
            12000
        ],
        "values": [
            [
                0.6836465399670557,
                0.5,
                0.6836465399670557,
                0.6836465399670557,
                0.5
            ]
        ]
    },
    "SPD": {
        "means": [
            0.002068285046981877,
            0.0028268227594619457,
            0.0,
            0.0,
            0.0,
            0.0005370546921510955
        ],
        "stds": [
            0.0016887476692446436,
            0.0034624092571108375,
            0.0,
            0.0,
            0.0,
            0.0
        ],
        "medians": [
            0.003447141744969795
        ],
        "q1": [
            0.0
        ],
        "q3": [
            0.003447141744969795
        ],
        "budgets": [
            0,
            2400,
            4800,
            7200,
            9600,
            12000
        ],
        "values": [
            [
                0.003447141744969795,
                0.0,
                0.003447141744969795,
                0.003447141744969795,
                0.0
            ]
        ]
    },
    "EO": {
        "means": [
            0.002840068298235629,
            0.005100075886928479,
            0.0,
            0.0,
            0.0,
            0.030022766078542984
        ],
        "stds": [
            0.0023189060551106165,
            0.006247968419437638,
            0.0,
            0.0,
            0.0,
            0.0
        ],
        "medians": [
            0.004733447163726048
        ],
        "q1": [
            0.0
        ],
        "q3": [
            0.004733447163726048
        ],
        "budgets": [
            0,
            2400,
            4800,
            7200,
            9600,
            12000
        ],
        "values": [
            [
                0.004733447163726048,
                0.0,
                0.004733447163726048,
                0.004733447163726048,
                0.0
            ]
        ]
    },
    "ACC": {
        "means": [
            0.7905666666666666,
            0.7863,
            0.7811666666666667,
            0.7811666666666667,
            0.7811666666666667,
            0.5058333333333334
        ],
        "stds": [
            0.0076750678607205945,
            0.006287907265360839,
            0.0,
            0.0,
            0.0,
            0.0
        ],
        "medians": [
            0.7968333333333333
        ],
        "q1": [
            0.7811666666666667
        ],
        "q3": [
            0.7968333333333333
        ],
        "budgets": [
            0,
            2400,
            4800,
            7200,
            9600,
            12000
        ],
        "values": [
            [
                0.7968333333333333,
                0.7811666666666667,
                0.7968333333333333,
                0.7968333333333333,
                0.7811666666666667
            ]
        ]
    },
    "F1": {
        "means": [
            0.12660194174757283,
            0.09631423081116955,
            0.0,
            0.0,
            0.0,
            0.2836433921237014
        ],
        "stds": [
            0.10337005257570435,
            0.11796234001749306,
            0.0,
            0.0,
            0.0,
            0.0
        ],
        "medians": [
            0.21100323624595468
        ],
        "q1": [
            0.0
        ],
        "q3": [
            0.21100323624595468
        ],
        "budgets": [
            0,
            2400,
            4800,
            7200,
            9600,
            12000
        ],
        "values": [
            [
                0.21100323624595468,
                0.0,
                0.21100323624595468,
                0.21100323624595468,
                0.0
            ]
        ]
    },
    "col_list": [
        [
            [
                "BILL_AMT",
                "SEX",
                "Y"
            ],
            [
                "BILL_AMT",
                "SEX",
                "Y"
            ],
            [
                "BILL_AMT",
                "SEX",
                "Y"
            ],
            [
                "BILL_AMT",
                "SEX",
                "Y"
            ],
            [
                "BILL_AMT",
                "SEX",
                "Y"
            ]
        ],
        [
            [
                "BILL_AMT",
                "SEX",
                "Y"
            ],
            [
                "BILL_AMT",
                "SEX",
                "Y"
            ],
            [
                "BILL_AMT",
                "SEX",
                "Y"
            ],
            [
                "BILL_AMT",
                "SEX",
                "Y"
            ],
            [
                "BILL_AMT",
                "SEX",
                "Y"
            ]
        ],
        [
            [
                "BILL_AMT",
                "PAY",
                "SEX",
                "Y"
            ],
            [
                "BILL_AMT",
                "PAY",
                "SEX",
                "Y"
            ],
            [
                "BILL_AMT",
                "PAY",
                "SEX",
                "Y"
            ],
            [
                "BILL_AMT",
                "PAY",
                "SEX",
                "Y"
            ],
            [
                "BILL_AMT",
                "PAY",
                "SEX",
                "Y"
            ]
        ],
        [
            [
                "LIMIT_BAL",
                "Y"
            ],
            [
                "LIMIT_BAL",
                "Y"
            ],
            [
                "LIMIT_BAL",
                "Y"
            ],
            [
                "LIMIT_BAL",
                "Y"
            ],
            [
                "LIMIT_BAL",
                "Y"
            ]
        ],
        [
            [
                "LIMIT_BAL",
                "Y"
            ],
            [
                "LIMIT_BAL",
                "Y"
            ],
            [
                "LIMIT_BAL",
                "Y"
            ],
            [
                "LIMIT_BAL",
                "Y"
            ],
            [
                "LIMIT_BAL",
                "Y"
            ]
        ],
        [
            [
                "LIMIT_BAL",
                "Y"
            ],
            [
                "LIMIT_BAL",
                "Y"
            ],
            [
                "LIMIT_BAL",
                "Y"
            ],
            [
                "LIMIT_BAL",
                "Y"
            ],
            [
                "LIMIT_BAL",
                "Y"
            ]
        ]
    ],