{
    "AUC": {
        "means": [
            0.6360548070037346,
            0.565313109407476,
            0.5437731464141147,
            0.5081485289885604,
            0.4848455589515229,
            0.5575252708346772
        ],
        "stds": [
            0.0,
            0.0008455502719413777,
            0.046901701941140884,
            0.06648859841646379,
            0.07729570901232412,
            0.0977493825745354
        ],
        "medians": [
            0.6360548070037346
        ],
        "q1": [
            0.6360548070037346
        ],
        "q3": [
            0.6360548070037346
        ],
        "budgets": [
            0,
            2400,
            4800,
            7200,
            9600,
            12000
        ],
        "values": [
            [
                0.6360548070037346,
                0.6360548070037346,
                0.6360548070037346,
                0.6360548070037346,
                0.6360548070037346
            ]
        ]
    },
    "SPD": {
        "means": [
            0.0,
            0.0,
            0.0008585936383304418,
            0.007164753669526795,
            0.014456901707889418,
            0.007371110343229281
        ],
        "stds": [
            0.0,
            0.0,
            0.0006015126633440136,
            0.006550450424076724,
            0.010778064730417286,
            0.010661462657912284
        ],
        "medians": [
            0.0
        ],
        "q1": [
            0.0
        ],
        "q3": [
            0.0
        ],
        "budgets": [
            0,
            2400,
            4800,
            7200,
            9600,
            12000
        ],
        "values": [
            [
                0.0,
                0.0,
                0.0,
                0.0,
                0.0
            ]
        ]
    },
    "EO": {
        "means": [
            0.0,
            0.0,
            0.012022860937203566,
            0.012132896983494597,
            0.008311515841396314,
            0.0036563270726617247
        ],
        "stds": [
            0.0,
            0.0,
            0.006290505499005039,
            0.006804148048720056,
            0.007860627249901738,
            0.006465592400632997
        ],
        "medians": [
            0.0
        ],
        "q1": [
            0.0
        ],
        "q3": [
            0.0
        ],
        "budgets": [
            0,
            2400,
            4800,
            7200,
            9600,
            12000
        ],
        "values": [
            [
                0.0,
                0.0,
                0.0,
                0.0,
                0.0
            ]
        ]
    },
    "ACC": {
        "means": [
            0.7811666666666667,
            0.7811666666666667,
            0.7569333333333332,
            0.6931999999999999,
            0.6263666666666665,
            0.6799666666666667
        ],
        "stds": [
            0.0,
            0.0,
            0.014579132728359099,
            0.05997975584404383,
            0.09320535273136292,
            0.14861876657332942
        ],
        "medians": [
            0.7811666666666667
        ],
        "q1": [
            0.7811666666666667
        ],
        "q3": [
            0.7811666666666667
        ],
        "budgets": [
            0,
            2400,
            4800,
            7200,
            9600,
            12000
        ],
        "values": [
            [
                0.7811666666666667,
                0.7811666666666667,
                0.7811666666666667,
                0.7811666666666667,
                0.7811666666666667
            ]
        ]
    },
    "F1": {
        "means": [
            0.0,
            0.0,
            0.02020980591627922,
            0.08550407938538208,
            0.1359099902198147,
            0.08054875497568297
        ],
        "stds": [
            0.0,
            0.0,
            0.013697045410997822,
            0.05720282054596329,
            0.07713390191645315,
            0.10976783329476904
        ],
        "medians": [
            0.0
        ],
        "q1": [
            0.0
        ],
        "q3": [
            0.0
        ],
        "budgets": [
            0,
            2400,
            4800,
            7200,
            9600,
            12000
        ],
        "values": [
            [
                0.0,
                0.0,
                0.0,
                0.0,
                0.0
            ]
        ]
    },
    "col_list": [
        [
            [
                "BILL_AMT",
                "EDUCATION",
                "MARRIAGE",
                "Y"
            ],
            [
                "BILL_AMT",
                "EDUCATION",
                "MARRIAGE",
                "Y"
            ],
            [
                "BILL_AMT",
                "EDUCATION",
                "MARRIAGE",
                "Y"
            ],
            [
                "BILL_AMT",
                "EDUCATION",
                "MARRIAGE",
                "Y"
            ],
            [
                "BILL_AMT",
                "EDUCATION",
                "MARRIAGE",
                "Y"
            ]
        ],
        [
            [
                "BILL_AMT",
                "EDUCATION",
                "MARRIAGE",
                "Y"
            ],
            [
                "BILL_AMT",
                "EDUCATION",
                "MARRIAGE",
                "Y"
            ],
            [
                "BILL_AMT",
                "EDUCATION",
                "MARRIAGE",
                "Y"
            ],
            [
                "BILL_AMT",
                "EDUCATION",
                "MARRIAGE",
                "Y"
            ],
            [
                "BILL_AMT",
                "EDUCATION",
                "MARRIAGE",
                "Y"
            ]
        ],
        [
            [
                "PAY_AMT",
                "Y"
            ],
            [
                "PAY_AMT",
                "Y"
            ],
            [
                "PAY_AMT",
                "Y"
            ],
            [
                "PAY_AMT",
                "Y"
            ],
            [
                "PAY_AMT",
                "Y"
            ]
        ],
        [
            [
                "PAY_AMT",
                "Y"
            ],
            [
                "PAY_AMT",
                "Y"
            ],
            [
                "PAY_AMT",
                "Y"
            ],
            [
                "PAY_AMT",
                "Y"
            ],
            [
                "PAY_AMT",
                "Y"
            ]
        ],
        [
            [
                "PAY_AMT",
                "Y"
            ],
            [
                "PAY_AMT",
                "Y"
            ],
            [
                "PAY_AMT",
                "Y"
            ],
            [
                "PAY_AMT",
                "Y"
            ],
            [
                "PAY_AMT",
                "Y"
            ]
        ],
        [
            [
                "PAY_AMT",
                "MARRIAGE",
                "Y"
            ],
            [
                "PAY_AMT",
                "MARRIAGE",
                "Y"
            ],
            [
                "PAY_AMT",
                "MARRIAGE",
                "Y"
            ],
            [
                "PAY_AMT",
                "MARRIAGE",
                "Y"
            ],
            [
                "PAY_AMT",
                "MARRIAGE",
                "Y"
            ]
        ]
    ],