{
    "AUC": {
        "means": [
            0.6360548070037346,
            0.4680377788152189,
            0.4235717044649271,
            0.40581833273183054,
            0.396062775764373,
            0.36945465500580027
        ],
        "stds": [
            0.0,
            0.001184534324304673,
            0.0027218692453884435,
            0.00382058777777615,
            0.00622402233849884,
            0.01008523681446407
        ],
        "medians": [
            0.6360548070037346
        ],
        "q1": [
            0.6360548070037346
        ],
        "q3": [
            0.6360548070037346
        ],
        "budgets": [
            0,
            2400,
            4800,
            7200,
            9600,
            12000
        ],
        "values": [
            [
                0.6360548070037346,
                0.6360548070037346,
                0.6360548070037346,
                0.6360548070037346,
                0.6360548070037346
            ]
        ]
    },
    "SPD": {
        "means": [
            0.0,
            0.0005584258607793269,
            0.011923446808687793,
            0.02344347811606211,
            0.028000532891477505,
            0.000760619319813971
        ],
        "stds": [
            0.0,
            0.0003547587674888065,
            0.0026739688237249837,
            0.0031337371799928623,
            0.0030810024907244665,
            0.0011808230531764248
        ],
        "medians": [
            0.0
        ],
        "q1": [
            0.0
        ],
        "q3": [
            0.0
        ],
        "budgets": [
            0,
            2400,
            4800,
            7200,
            9600,
            12000
        ],
        "values": [
            [
                0.0,
                0.0,
                0.0,
                0.0,
                0.0
            ]
        ]
    },
    "EO": {
        "means": [
            0.0,
            0.023789129197495727,
            0.01383608423449061,
            0.00547334471637261,
            0.0073050654524758115,
            0.008086226522481477
        ],
        "stds": [
            0.0,
            0.0005575954737619863,
            0.004779816415659771,
            0.0016309001267502542,
            0.002852270188458432,
            0.01501483759500015
        ],
        "medians": [
            0.0
        ],
        "q1": [
            0.0
        ],
        "q3": [
            0.0
        ],
        "budgets": [
            0,
            2400,
            4800,
            7200,
            9600,
            12000
        ],
        "values": [
            [
                0.0,
                0.0,
                0.0,
                0.0,
                0.0
            ]
        ]
    },
    "ACC": {
        "means": [
            0.7811666666666667,
            0.7103666666666667,
            0.6518333333333333,
            0.5908,
            0.5327333333333334,
            0.2424
        ],
        "stds": [
            0.0,
            0.004052982440952148,
            0.0076912648865810965,
            0.015784450858008607,
            0.04149331940873802,
            0.04532225354797208
        ],
        "medians": [
            0.7811666666666667
        ],
        "q1": [
            0.7811666666666667
        ],
        "q3": [
            0.7811666666666667
        ],
        "budgets": [
            0,
            2400,
            4800,
            7200,
            9600,
            12000
        ],
        "values": [
            [
                0.7811666666666667,
                0.7811666666666667,
                0.7811666666666667,
                0.7811666666666667,
                0.7811666666666667
            ]
        ]
    },
    "F1": {
        "means": [
            0.0,
            0.03679192879125341,
            0.09050563323015286,
            0.14092337660319765,
            0.17003748143013767,
            0.3412443427980292
        ],
        "stds": [
            0.0,
            0.0007713137008776731,
            0.0031388604638737014,
            0.010138304350392393,
            0.020222038662008904,
            0.02857966158315461
        ],
        "medians": [
            0.0
        ],
        "q1": [
            0.0
        ],
        "q3": [
            0.0
        ],
        "budgets": [
            0,
            2400,
            4800,
            7200,
            9600,
            12000
        ],
        "values": [
            [
                0.0,
                0.0,
                0.0,
                0.0,
                0.0
            ]
        ]
    },
    "col_list": [
        [
            [
                "BILL_AMT",
                "PAY",
                "SEX",
                "Y"
            ],
            [
                "BILL_AMT",
                "PAY",
                "SEX",
                "Y"
            ],
            [
                "BILL_AMT",
                "PAY",
                "SEX",
                "Y"
            ],
            [
                "BILL_AMT",
                "PAY",
                "SEX",
                "Y"
            ],
            [
                "BILL_AMT",
                "PAY",
                "SEX",
                "Y"
            ]
        ],
        [
            [
                "PAY_AMT",
                "Y"
            ],
            [
                "PAY_AMT",
                "Y"
            ],
            [
                "PAY_AMT",
                "Y"
            ],
            [
                "PAY_AMT",
                "Y"
            ],
            [
                "PAY_AMT",
                "Y"
            ]
        ],
        [
            [
                "PAY_AMT",
                "Y"
            ],
            [
                "PAY_AMT",
                "Y"
            ],
            [
                "PAY_AMT",
                "Y"
            ],
            [
                "PAY_AMT",
                "Y"
            ],
            [
                "PAY_AMT",
                "Y"
            ]
        ],
        [
            [
                "PAY_AMT",
                "Y"
            ],
            [
                "PAY_AMT",
                "Y"
            ],
            [
                "PAY_AMT",
                "Y"
            ],
            [
                "PAY_AMT",
                "Y"
            ],
            [
                "PAY_AMT",
                "Y"
            ]
        ],
        [
            [
                "PAY_AMT",
                "Y"
            ],
            [
                "PAY_AMT",
                "Y"
            ],
            [
                "PAY_AMT",
                "Y"
            ],
            [
                "PAY_AMT",
                "Y"
            ],
            [
                "PAY_AMT",
                "Y"
            ]
        ],
        [
            [
                "LIMIT_BAL",
                "Y"
            ],
            [
                "LIMIT_BAL",
                "Y"
            ],
            [
                "LIMIT_BAL",
                "Y"
            ],
            [
                "LIMIT_BAL",
                "Y"
            ],
            [
                "LIMIT_BAL",
                "Y"
            ]
        ]
    ],