{
    "AUC": {
        "means": [
            0.6360548070037346,
            0.6031236111745294,
            0.6247007530511303,
            0.5910230221459724,
            0.48589875481615225,
            0.508350380425448
        ],
        "stds": [
            0.0,
            0.0009444179112034736,
            0.022711357808984974,
            0.04798630025500877,
            0.0,
            0.057054311231126364
        ],
        "medians": [
            0.6360548070037346
        ],
        "q1": [
            0.6360548070037346
        ],
        "q3": [
            0.6360548070037346
        ],
        "budgets": [
            0,
            2400,
            4800,
            7200,
            9600,
            12000
        ],
        "values": [
            [
                0.6360548070037346,
                0.6360548070037346,
                0.6360548070037346,
                0.6360548070037346,
                0.6360548070037346
            ]
        ]
    },
    "SPD": {
        "means": [
            0.0,
            0.0,
            0.00019511599409933705,
            0.00025353977327132913,
            0.008240389565873849,
            0.011116338258416281
        ],
        "stds": [
            0.0,
            0.0,
            0.0003902319881986741,
            0.0005053466601193069,
            0.0,
            0.005558169129208141
        ],
        "medians": [
            0.0
        ],
        "q1": [
            0.0
        ],
        "q3": [
            0.0
        ],
        "budgets": [
            0,
            2400,
            4800,
            7200,
            9600,
            12000
        ],
        "values": [
            [
                0.0,
                0.0,
                0.0,
                0.0,
                0.0
            ]
        ]
    },
    "EO": {
        "means": [
            0.0,
            0.0,
            0.0,
            0.0002746158224245874,
            0.009670840447732885,
            0.007994687915006637
        ],
        "stds": [
            0.0,
            0.0,
            0.0,
            0.00036615442989944985,
            0.0,
            0.003997343957503319
        ],
        "medians": [
            0.0
        ],
        "q1": [
            0.0
        ],
        "q3": [
            0.0
        ],
        "budgets": [
            0,
            2400,
            4800,
            7200,
            9600,
            12000
        ],
        "values": [
            [
                0.0,
                0.0,
                0.0,
                0.0,
                0.0
            ]
        ]
    },
    "ACC": {
        "means": [
            0.7811666666666667,
            0.7811666666666667,
            0.7809666666666666,
            0.7806666666666666,
            0.7308333333333333,
            0.7259666666666666
        ],
        "stds": [
            0.0,
            0.0,
            0.00040000000000000034,
            0.0009189365834726689,
            0.0,
            0.027600000000000024
        ],
        "medians": [
            0.7811666666666667
        ],
        "q1": [
            0.7811666666666667
        ],
        "q3": [
            0.7811666666666667
        ],
        "budgets": [
            0,
            2400,
            4800,
            7200,
            9600,
            12000
        ],
        "values": [
            [
                0.7811666666666667,
                0.7811666666666667,
                0.7811666666666667,
                0.7811666666666667,
                0.7811666666666667
            ]
        ]
    },
    "F1": {
        "means": [
            0.0,
            0.0,
            0.0,
            0.0018054821458002989,
            0.09726103968697597,
            0.08746776689014958
        ],
        "stds": [
            0.0,
            0.0,
            0.0,
            0.002400915070331824,
            0.0,
            0.04373388344507479
        ],
        "medians": [
            0.0
        ],
        "q1": [
            0.0
        ],
        "q3": [
            0.0
        ],
        "budgets": [
            0,
            2400,
            4800,
            7200,
            9600,
            12000
        ],
        "values": [
            [
                0.0,
                0.0,
                0.0,
                0.0,
                0.0
            ]
        ]
    },
    "col_list": [
        [
            [
                "BILL_AMT",
                "LIMIT_BAL",
                "SEX",
                "Y"
            ],
            [
                "BILL_AMT",
                "LIMIT_BAL",
                "SEX",
                "Y"
            ],
            [
                "BILL_AMT",
                "LIMIT_BAL",
                "SEX",
                "Y"
            ],
            [
                "BILL_AMT",
                "LIMIT_BAL",
                "SEX",
                "Y"
            ],
            [
                "BILL_AMT",
                "LIMIT_BAL",
                "SEX",
                "Y"
            ]
        ],
        [
            [
                "BILL_AMT",
                "LIMIT_BAL",
                "SEX",
                "Y"
            ],
            [
                "BILL_AMT",
                "LIMIT_BAL",
                "SEX",
                "Y"
            ],
            [
                "BILL_AMT",
                "LIMIT_BAL",
                "SEX",
                "Y"
            ],
            [
                "BILL_AMT",
                "LIMIT_BAL",
                "SEX",
                "Y"
            ],
            [
                "BILL_AMT",
                "LIMIT_BAL",
                "SEX",
                "Y"
            ]
        ],
        [
            [
                "PAY_AMT",
                "Y"
            ],
            [
                "PAY_AMT",
                "Y"
            ],
            [
                "PAY_AMT",
                "Y"
            ],
            [
                "PAY_AMT",
                "Y"
            ],
            [
                "PAY_AMT",
                "Y"
            ]
        ],
        [
            [
                "LIMIT_BAL",
                "AGE",
                "MARRIAGE",
                "Y"
            ],
            [
                "LIMIT_BAL",
                "AGE",
                "MARRIAGE",
                "Y"
            ],
            [
                "LIMIT_BAL",
                "AGE",
                "MARRIAGE",
                "Y"
            ],
            [
                "LIMIT_BAL",
                "AGE",
                "MARRIAGE",
                "Y"
            ],
            [
                "LIMIT_BAL",
                "AGE",
                "MARRIAGE",
                "Y"
            ]
        ],
        [
            [
                "LIMIT_BAL",
                "Y"
            ],
            [
                "LIMIT_BAL",
                "Y"
            ],
            [
                "LIMIT_BAL",
                "Y"
            ],
            [
                "LIMIT_BAL",
                "Y"
            ],
            [
                "LIMIT_BAL",
                "Y"
            ]
        ],
        [
            [
                "LIMIT_BAL",
                "Y"
            ],
            [
                "LIMIT_BAL",
                "Y"
            ],
            [
                "LIMIT_BAL",
                "Y"
            ],
            [
                "LIMIT_BAL",
                "Y"
            ],
            [
                "LIMIT_BAL",
                "Y"
            ]
        ]
    ],