{
    "AUC": {
        "means": [
            0.6360548070037346,
            0.4123557063654701,
            0.4235717044649271,
            0.39723121316743454,
            0.3780419045662916,
            0.36945465500580027
        ],
        "stds": [
            0.0,
            0.007317434265212759,
            0.0027218692453884435,
            0.00934164834974608,
            0.0055881009506977,
            0.01008523681446407
        ],
        "medians": [
            0.6360548070037346
        ],
        "q1": [
            0.6360548070037346
        ],
        "q3": [
            0.6360548070037346
        ],
        "budgets": [
            0,
            2400,
            4800,
            7200,
            9600,
            12000
        ],
        "values": [
            [
                0.6360548070037346,
                0.6360548070037346,
                0.6360548070037346,
                0.6360548070037346,
                0.6360548070037346
            ]
        ]
    },
    "SPD": {
        "means": [
            0.0,
            0.007878467437416475,
            0.011923446808687793,
            0.0333366639050676,
            0.003507230810008899,
            0.000760619319813971
        ],
        "stds": [
            0.0,
            0.006687128698915687,
            0.0026739688237249837,
            0.011422481779048367,
            0.0022831475046182336,
            0.0011808230531764248
        ],
        "medians": [
            0.0
        ],
        "q1": [
            0.0
        ],
        "q3": [
            0.0
        ],
        "budgets": [
            0,
            2400,
            4800,
            7200,
            9600,
            12000
        ],
        "values": [
            [
                0.0,
                0.0,
                0.0,
                0.0,
                0.0
            ]
        ]
    },
    "EO": {
        "means": [
            0.0,
            0.012331625877442612,
            0.01383608423449061,
            0.023146936065262767,
            0.009845380383228974,
            0.008086226522481477
        ],
        "stds": [
            0.0,
            0.010527110011891409,
            0.004779816415659771,
            0.005232616999924463,
            0.0033987947443260428,
            0.01501483759500015
        ],
        "medians": [
            0.0
        ],
        "q1": [
            0.0
        ],
        "q3": [
            0.0
        ],
        "budgets": [
            0,
            2400,
            4800,
            7200,
            9600,
            12000
        ],
        "values": [
            [
                0.0,
                0.0,
                0.0,
                0.0,
                0.0
            ]
        ]
    },
    "ACC": {
        "means": [
            0.7811666666666667,
            0.7322333333333333,
            0.6518333333333333,
            0.5866,
            0.2268666666666667,
            0.2424
        ],
        "stds": [
            0.0,
            0.036957122302593994,
            0.0076912648865810965,
            0.07041705917050371,
            0.00878470893718802,
            0.04532225354797208
        ],
        "medians": [
            0.7811666666666667
        ],
        "q1": [
            0.7811666666666667
        ],
        "q3": [
            0.7811666666666667
        ],
        "budgets": [
            0,
            2400,
            4800,
            7200,
            9600,
            12000
        ],
        "values": [
            [
                0.7811666666666667,
                0.7811666666666667,
                0.7811666666666667,
                0.7811666666666667,
                0.7811666666666667
            ]
        ]
    },
    "F1": {
        "means": [
            0.0,
            0.05224856660302883,
            0.09050563323015286,
            0.1442770765575151,
            0.3519720462938171,
            0.3412443427980292
        ],
        "stds": [
            0.0,
            0.03783883983571247,
            0.0031388604638737014,
            0.028189416980776413,
            0.007974848630934506,
            0.02857966158315461
        ],
        "medians": [
            0.0
        ],
        "q1": [
            0.0
        ],
        "q3": [
            0.0
        ],
        "budgets": [
            0,
            2400,
            4800,
            7200,
            9600,
            12000
        ],
        "values": [
            [
                0.0,
                0.0,
                0.0,
                0.0,
                0.0
            ]
        ]
    },
    "col_list": [
        [
            [
                "BILL_AMT",
                "LIMIT_BAL",
                "SEX",
                "Y"
            ],
            [
                "BILL_AMT",
                "LIMIT_BAL",
                "SEX",
                "Y"
            ],
            [
                "BILL_AMT",
                "LIMIT_BAL",
                "SEX",
                "Y"
            ],
            [
                "BILL_AMT",
                "LIMIT_BAL",
                "SEX",
                "Y"
            ],
            [
                "BILL_AMT",
                "LIMIT_BAL",
                "SEX",
                "Y"
            ]
        ],
        [
            [
                "BILL_AMT",
                "LIMIT_BAL",
                "SEX",
                "Y"
            ],
            [
                "BILL_AMT",
                "LIMIT_BAL",
                "SEX",
                "Y"
            ],
            [
                "BILL_AMT",
                "LIMIT_BAL",
                "SEX",
                "Y"
            ],
            [
                "BILL_AMT",
                "LIMIT_BAL",
                "SEX",
                "Y"
            ],
            [
                "BILL_AMT",
                "LIMIT_BAL",
                "SEX",
                "Y"
            ]
        ],
        [
            [
                "PAY_AMT",
                "Y"
            ],
            [
                "PAY_AMT",
                "Y"
            ],
            [
                "PAY_AMT",
                "Y"
            ],
            [
                "PAY_AMT",
                "Y"
            ],
            [
                "PAY_AMT",
                "Y"
            ]
        ],
        [
            [
                "LIMIT_BAL",
                "AGE",
                "MARRIAGE",
                "Y"
            ],
            [
                "LIMIT_BAL",
                "AGE",
                "MARRIAGE",
                "Y"
            ],
            [
                "LIMIT_BAL",
                "AGE",
                "MARRIAGE",
                "Y"
            ],
            [
                "LIMIT_BAL",
                "AGE",
                "MARRIAGE",
                "Y"
            ],
            [
                "LIMIT_BAL",
                "AGE",
                "MARRIAGE",
                "Y"
            ]
        ],
        [
            [
                "LIMIT_BAL",
                "Y"
            ],
            [
                "LIMIT_BAL",
                "Y"
            ],
            [
                "LIMIT_BAL",
                "Y"
            ],
            [
                "LIMIT_BAL",
                "Y"
            ],
            [
                "LIMIT_BAL",
                "Y"
            ]
        ],
        [
            [
                "LIMIT_BAL",
                "Y"
            ],
            [
                "LIMIT_BAL",
                "Y"
            ],
            [
                "LIMIT_BAL",
                "Y"
            ],
            [
                "LIMIT_BAL",
                "Y"
            ],
            [
                "LIMIT_BAL",
                "Y"
            ]
        ]
    ],