{
    "AUC": {
        "means": [
            0.6389023389709931,
            0.5720314376056927,
            0.5782891571394424,
            0.5297766293344963,
            0.49070256552168817,
            0.49070256552168817
        ],
        "stds": [
            3.2398022392113856e-05,
            0.01060555488131677,
            0.021332436985309934,
            0.035399819906497244,
            0.055304455259797325,
            0.055304455259797325
        ],
        "medians": [
            0.63892414581597
        ],
        "q1": [
            0.6388628851560871
        ],
        "q3": [
            0.6389270707281131
        ],
        "budgets": [
            0,
            2400,
            4800,
            7200,
            9600,
            12000
        ],
        "values": [
            [
                0.6389347079987086,
                0.6389270707281131,
                0.63892414581597,
                0.6388628851560871,
                0.6388628851560871
            ]
        ]
    },
    "SPD": {
        "means": [
            0.0,
            0.0,
            0.0,
            0.0032140017235708696,
            0.01892264330825689,
            0.01892264330825689
        ],
        "stds": [
            0.0,
            0.0,
            0.0,
            0.003939975193732555,
            0.015450273563306667,
            0.015450273563306667
        ],
        "medians": [
            0.0
        ],
        "q1": [
            0.0
        ],
        "q3": [
            0.0
        ],
        "budgets": [
            0,
            2400,
            4800,
            7200,
            9600,
            12000
        ],
        "values": [
            [
                0.0,
                0.0,
                0.0,
                0.0,
                0.0
            ]
        ]
    },
    "EO": {
        "means": [
            0.0,
            0.0,
            0.0,
            0.0024952570669702022,
            0.023313887307911195,
            0.023313887307911195
        ],
        "stds": [
            0.0,
            0.0,
            0.0,
            0.003870416555382074,
            0.019035709275043798,
            0.019035709275043798
        ],
        "medians": [
            0.0
        ],
        "q1": [
            0.0
        ],
        "q3": [
            0.0
        ],
        "budgets": [
            0,
            2400,
            4800,
            7200,
            9600,
            12000
        ],
        "values": [
            [
                0.0,
                0.0,
                0.0,
                0.0,
                0.0
            ]
        ]
    },
    "ACC": {
        "means": [
            0.7811666666666667,
            0.7811666666666667,
            0.7811666666666667,
            0.7561,
            0.6663666666666666,
            0.6663666666666666
        ],
        "stds": [
            0.0,
            0.0,
            0.0,
            0.03070678535220947,
            0.09373380749050296,
            0.09373380749050296
        ],
        "medians": [
            0.7811666666666667
        ],
        "q1": [
            0.7811666666666667
        ],
        "q3": [
            0.7811666666666667
        ],
        "budgets": [
            0,
            2400,
            4800,
            7200,
            9600,
            12000
        ],
        "values": [
            [
                0.7811666666666667,
                0.7811666666666667,
                0.7811666666666667,
                0.7811666666666667,
                0.7811666666666667
            ]
        ]
    },
    "F1": {
        "means": [
            0.0,
            0.0,
            0.0,
            0.04309603592043319,
            0.10198988195615515,
            0.10198988195615515
        ],
        "stds": [
            0.0,
            0.0,
            0.0,
            0.05282619113252913,
            0.08327438990642305,
            0.08327438990642305
        ],
        "medians": [
            0.0
        ],
        "q1": [
            0.0
        ],
        "q3": [
            0.0
        ],
        "budgets": [
            0,
            2400,
            4800,
            7200,
            9600,
            12000
        ],
        "values": [
            [
                0.0,
                0.0,
                0.0,
                0.0,
                0.0
            ]
        ]
    },
    "col_list": [
        [
            [
                "BILL_AMT",
                "SEX",
                "Y"
            ],
            [
                "BILL_AMT",
                "SEX",
                "Y"
            ],
            [
                "BILL_AMT",
                "SEX",
                "Y"
            ],
            [
                "BILL_AMT",
                "SEX",
                "Y"
            ],
            [
                "BILL_AMT",
                "SEX",
                "Y"
            ]
        ],
        [
            [
                "BILL_AMT",
                "SEX",
                "Y"
            ],
            [
                "BILL_AMT",
                "SEX",
                "Y"
            ],
            [
                "BILL_AMT",
                "SEX",
                "Y"
            ],
            [
                "BILL_AMT",
                "SEX",
                "Y"
            ],
            [
                "BILL_AMT",
                "SEX",
                "Y"
            ]
        ],
        [
            [
                "BILL_AMT",
                "PAY",
                "SEX",
                "Y"
            ],
            [
                "BILL_AMT",
                "PAY",
                "SEX",
                "Y"
            ],
            [
                "BILL_AMT",
                "PAY",
                "SEX",
                "Y"
            ],
            [
                "BILL_AMT",
                "PAY",
                "SEX",
                "Y"
            ],
            [
                "BILL_AMT",
                "PAY",
                "SEX",
                "Y"
            ]
        ],
        [
            [
                "LIMIT_BAL",
                "Y"
            ],
            [
                "LIMIT_BAL",
                "Y"
            ],
            [
                "LIMIT_BAL",
                "Y"
            ],
            [
                "LIMIT_BAL",
                "Y"
            ],
            [
                "LIMIT_BAL",
                "Y"
            ]
        ],
        [
            [
                "LIMIT_BAL",
                "Y"
            ],
            [
                "LIMIT_BAL",
                "Y"
            ],
            [
                "LIMIT_BAL",
                "Y"
            ],
            [
                "LIMIT_BAL",
                "Y"
            ],
            [
                "LIMIT_BAL",
                "Y"
            ]
        ],
        [
            [
                "LIMIT_BAL",
                "Y"
            ],
            [
                "LIMIT_BAL",
                "Y"
            ],
            [
                "LIMIT_BAL",
                "Y"
            ],
            [
                "LIMIT_BAL",
                "Y"
            ],
            [
                "LIMIT_BAL",
                "Y"
            ]
        ]
    ],