{
    "AUC": {
        "means": [
            0.6839258690767076,
            0.634520430592566,
            0.6412764901574268,
            0.5486161834413898,
            0.5034914513755293,
            0.479061610186884
        ],
        "stds": [
            0.0,
            0.0013970199348550276,
            0.013204157966149946,
            0.0,
            0.0,
            0.0
        ],
        "medians": [
            0.6839258690767076
        ],
        "q1": [
            0.6839258690767076
        ],
        "q3": [
            0.6839258690767076
        ],
        "budgets": [
            0,
            2400,
            4800,
            7200,
            9600,
            12000
        ],
        "values": [
            [
                0.6839258690767076,
                0.6839258690767076,
                0.6839258690767076,
                0.6839258690767076,
                0.6839258690767076
            ]
        ]
    },
    "SPD": {
        "means": [
            0.004278396940314767,
            0.007855708530565626,
            0.00864102959074212,
            0.025904909401510134,
            0.021532840131169018,
            0.0012656172590227444
        ],
        "stds": [
            0.0,
            0.00033388981636060246,
            0.00144104146951989,
            0.0,
            0.0,
            0.0
        ],
        "medians": [
            0.004278396940314767
        ],
        "q1": [
            0.004278396940314767
        ],
        "q3": [
            0.004278396940314767
        ],
        "budgets": [
            0,
            2400,
            4800,
            7200,
            9600,
            12000
        ],
        "values": [
            [
                0.004278396940314767,
                0.004278396940314767,
                0.004278396940314767,
                0.004278396940314767,
                0.004278396940314767
            ]
        ]
    },
    "EO": {
        "means": [
            0.0011620185922974757,
            0.008418706127869468,
            0.008713242269019155,
            0.02043255549231643,
            0.028018876873458554,
            0.024162872320242834
        ],
        "stds": [
            0.0,
            0.0010624169986719779,
            0.0020878725203812877,
            0.0,
            0.0,
            0.0
        ],
        "medians": [
            0.0011620185922974757
        ],
        "q1": [
            0.0011620185922974757
        ],
        "q3": [
            0.0011620185922974757
        ],
        "budgets": [
            0,
            2400,
            4800,
            7200,
            9600,
            12000
        ],
        "values": [
            [
                0.0011620185922974757,
                0.0011620185922974757,
                0.0011620185922974757,
                0.0011620185922974757,
                0.0011620185922974757
            ]
        ]
    },
    "ACC": {
        "means": [
            0.7971666666666667,
            0.7943,
            0.7943333333333333,
            0.6838333333333333,
            0.581,
            0.5101666666666667
        ],
        "stds": [
            0.0,
            6.666666666665932e-05,
            0.00010540925533893437,
            0.0,
            0.0,
            0.0
        ],
        "medians": [
            0.7971666666666667
        ],
        "q1": [
            0.7971666666666667
        ],
        "q3": [
            0.7971666666666667
        ],
        "budgets": [
            0,
            2400,
            4800,
            7200,
            9600,
            12000
        ],
        "values": [
            [
                0.7971666666666667,
                0.7971666666666667,
                0.7971666666666667,
                0.7971666666666667,
                0.7971666666666667
            ]
        ]
    },
    "F1": {
        "means": [
            0.2133160956690368,
            0.24347127432925286,
            0.23791261281765652,
            0.2644435827840248,
            0.2775862068965517,
            0.2812423575446319
        ],
        "stds": [
            0.0,
            0.0008025493807099272,
            0.011389150229339352,
            0.0,
            0.0,
            0.0
        ],
        "medians": [
            0.2133160956690368
        ],
        "q1": [
            0.2133160956690368
        ],
        "q3": [
            0.2133160956690368
        ],
        "budgets": [
            0,
            2400,
            4800,
            7200,
            9600,
            12000
        ],
        "values": [
            [
                0.2133160956690368,
                0.2133160956690368,
                0.2133160956690368,
                0.2133160956690368,
                0.2133160956690368
            ]
        ]
    },
    "col_list": [
        [
            [
                "BILL_AMT",
                "SEX",
                "Y"
            ],
            [
                "BILL_AMT",
                "SEX",
                "Y"
            ],
            [
                "BILL_AMT",
                "SEX",
                "Y"
            ],
            [
                "BILL_AMT",
                "SEX",
                "Y"
            ],
            [
                "BILL_AMT",
                "SEX",
                "Y"
            ]
        ],
        [
            [
                "BILL_AMT",
                "SEX",
                "Y"
            ],
            [
                "BILL_AMT",
                "SEX",
                "Y"
            ],
            [
                "BILL_AMT",
                "SEX",
                "Y"
            ],
            [
                "BILL_AMT",
                "SEX",
                "Y"
            ],
            [
                "BILL_AMT",
                "SEX",
                "Y"
            ]
        ],
        [
            [
                "BILL_AMT",
                "PAY",
                "SEX",
                "Y"
            ],
            [
                "BILL_AMT",
                "PAY",
                "SEX",
                "Y"
            ],
            [
                "BILL_AMT",
                "PAY",
                "SEX",
                "Y"
            ],
            [
                "BILL_AMT",
                "PAY",
                "SEX",
                "Y"
            ],
            [
                "BILL_AMT",
                "PAY",
                "SEX",
                "Y"
            ]
        ],
        [
            [
                "LIMIT_BAL",
                "Y"
            ],
            [
                "LIMIT_BAL",
                "Y"
            ],
            [
                "LIMIT_BAL",
                "Y"
            ],
            [
                "LIMIT_BAL",
                "Y"
            ],
            [
                "LIMIT_BAL",
                "Y"
            ]
        ],
        [
            [
                "LIMIT_BAL",
                "Y"
            ],
            [
                "LIMIT_BAL",
                "Y"
            ],
            [
                "LIMIT_BAL",
                "Y"
            ],
            [
                "LIMIT_BAL",
                "Y"
            ],
            [
                "LIMIT_BAL",
                "Y"
            ]
        ],
        [
            [
                "LIMIT_BAL",
                "Y"
            ],
            [
                "LIMIT_BAL",
                "Y"
            ],
            [
                "LIMIT_BAL",
                "Y"
            ],
            [
                "LIMIT_BAL",
                "Y"
            ],
            [
                "LIMIT_BAL",
                "Y"
            ]
        ]
    ],