{
    "AUC": {
        "means": [
            0.7103202112566545,
            0.6347402864886448,
            0.5228846751015717,
            0.48552200988262817,
            0.4551689941113394,
            0.39210120975991186
        ],
        "stds": [
            0.002199149560464097,
            0.004385170702818095,
            0.08975202530819434,
            0.007856067909376638,
            0.002433543271963575,
            0.021819299942583536
        ],
        "medians": [
            0.709880889452783
        ],
        "q1": [
            0.7088747196756078
        ],
        "q3": [
            0.7127720026109715
        ],
        "budgets": [
            0,
            2400,
            4800,
            7200,
            9600,
            12000
        ],
        "values": [
            [
                0.7128409005414499,
                0.7088747196756078,
                0.7072325440024596,
                0.7127720026109715,
                0.709880889452783
            ]
        ]
    },
    "SPD": {
        "means": [
            0.013614683380585815,
            0.035771866938108264,
            0.009995878417478846,
            0.016306201663343022,
            0.03326769331540376,
            0.2591974432310987
        ],
        "stds": [
            0.0011546361131992192,
            0.024343204966015285,
            0.014720322350233048,
            0.010616713489380362,
            0.015273518896298579,
            0.20674909352656493
        ],
        "medians": [
            0.013506162251577511
        ],
        "q1": [
            0.012801885103601585
        ],
        "q3": [
            0.014893900474190147
        ],
        "budgets": [
            0,
            2400,
            4800,
            7200,
            9600,
            12000
        ],
        "values": [
            [
                0.01197062990825662,
                0.013506162251577511,
                0.014893900474190147,
                0.014900839165303215,
                0.012801885103601585
            ]
        ]
    },
    "EO": {
        "means": [
            0.021421457029026748,
            0.07959447922595334,
            0.022176531967368622,
            0.049336937962435976,
            0.020579586416239814,
            0.25466182887497635
        ],
        "stds": [
            0.0033288845735038454,
            0.06398739699043372,
            0.03747723412253814,
            0.01654749414905027,
            0.010398546926534637,
            0.2202019879270307
        ],
        "medians": [
            0.02217321191424776
        ],
        "q1": [
            0.020477613356099433
        ],
        "q3": [
            0.02354629102637068
        ],
        "budgets": [
            0,
            2400,
            4800,
            7200,
            9600,
            12000
        ],
        "values": [
            [
                0.015578163536330847,
                0.02354629102637068,
                0.025332005312085015,
                0.02217321191424776,
                0.020477613356099433
            ]
        ]
    },
    "ACC": {
        "means": [
            0.8056000000000001,
            0.775,
            0.7383666666666666,
            0.5209666666666667,
            0.46630000000000005,
            0.3877333333333333
        ],
        "stds": [
            0.00022607766610419,
            0.00878192588343937,
            0.05345334414234529,
            0.044266541164480706,
            0.029171790026210825,
            0.056203459759065454
        ],
        "medians": [
            0.8055
        ],
        "q1": [
            0.8055
        ],
        "q3": [
            0.8056666666666666
        ],
        "budgets": [
            0,
            2400,
            4800,
            7200,
            9600,
            12000
        ],
        "values": [
            [
                0.8055,
                0.8056666666666666,
                0.806,
                0.8053333333333333,
                0.8055
            ]
        ]
    },
    "F1": {
        "means": [
            0.16277459491295027,
            0.14011224986323376,
            0.11823102192774289,
            0.05134880053326914,
            0.045287374009400104,
            0.06365145714955586
        ],
        "stds": [
            0.06301661045409307,
            0.06601692868551941,
            0.05266037408802385,
            0.02514298625176616,
            0.02284558677470088,
            0.01715509014913932
        ],
        "medians": [
            0.20039292730844793
        ],
        "q1": [
            0.16655473472128948
        ],
        "q3": [
            0.20234986945169714
        ],
        "budgets": [
            0,
            2400,
            4800,
            7200,
            9600,
            12000
        ],
        "values": [
            [
                0.16655473472128948,
                0.20234986945169714,
                0.03988183161004432,
                0.20039292730844793,
                0.2046936114732725
            ]
        ]
    },