{
    "AUC": {
        "means": [
            0.7103202112566545,
            0.6258829862897992,
            0.5645610007489401,
            0.6089514986193602,
            0.5555336006594702,
            0.5166572121589899
        ],
        "stds": [
            0.002199149560464097,
            0.010477720770059498,
            0.0804337077422295,
            0.016741873771595916,
            0.039063976427677616,
            0.061691849980761514
        ],
        "medians": [
            0.709880889452783
        ],
        "q1": [
            0.7088747196756078
        ],
        "q3": [
            0.7127720026109715
        ],
        "budgets": [
            0,
            2400,
            4800,
            7200,
            9600,
            12000
        ],
        "values": [
            [
                0.7128409005414499,
                0.7088747196756078,
                0.7072325440024596,
                0.7127720026109715,
                0.709880889452783
            ]
        ]
    },
    "SPD": {
        "means": [
            0.013614683380585815,
            0.0172180844494218,
            0.055278470490440566,
            0.050309396236731495,
            0.03636359851623029,
            0.01771031519698246
        ],
        "stds": [
            0.0011546361131992192,
            0.002436153663278551,
            0.0451884881625123,
            0.026547762615325883,
            0.020243072464022564,
            0.010211768301631593
        ],
        "medians": [
            0.013506162251577511
        ],
        "q1": [
            0.012801885103601585
        ],
        "q3": [
            0.014893900474190147
        ],
        "budgets": [
            0,
            2400,
            4800,
            7200,
            9600,
            12000
        ],
        "values": [
            [
                0.01197062990825662,
                0.013506162251577511,
                0.014893900474190147,
                0.014900839165303215,
                0.012801885103601585
            ]
        ]
    },
    "EO": {
        "means": [
            0.021421457029026748,
            0.024822140011383043,
            0.15178571428571427,
            0.0629116865869854,
            0.048434832100170765,
            0.019501992031872518
        ],
        "stds": [
            0.0033288845735038454,
            0.009818699975207222,
            0.12417071855690767,
            0.022507242632480613,
            0.018362044002991174,
            0.012364356891210973
        ],
        "medians": [
            0.02217321191424776
        ],
        "q1": [
            0.020477613356099433
        ],
        "q3": [
            0.02354629102637068
        ],
        "budgets": [
            0,
            2400,
            4800,
            7200,
            9600,
            12000
        ],
        "values": [
            [
                0.015578163536330847,
                0.02354629102637068,
                0.025332005312085015,
                0.02217321191424776,
                0.020477613356099433
            ]
        ]
    },
    "ACC": {
        "means": [
            0.8056000000000001,
            0.7897333333333334,
            0.7873333333333333,
            0.7551666666666665,
            0.5973333333333334,
            0.5037666666666667
        ],
        "stds": [
            0.00022607766610419,
            0.0017403703309608817,
            0.005068420748999513,
            0.03488918966607789,
            0.09855055104417787,
            0.1471658776875793
        ],
        "medians": [
            0.8055
        ],
        "q1": [
            0.8055
        ],
        "q3": [
            0.8056666666666666
        ],
        "budgets": [
            0,
            2400,
            4800,
            7200,
            9600,
            12000
        ],
        "values": [
            [
                0.8055,
                0.8056666666666666,
                0.806,
                0.8053333333333333,
                0.8055
            ]
        ]
    },
    "F1": {
        "means": [
            0.16277459491295027,
            0.3556213626948263,
            0.21471759365423698,
            0.18688830989739746,
            0.18134208930290463,
            0.2175809413736578
        ],
        "stds": [
            0.06301661045409307,
            0.008446066277319269,
            0.11834060015748885,
            0.13084348487994915,
            0.10873814156922083,
            0.10564782811438858
        ],
        "medians": [
            0.20039292730844793
        ],
        "q1": [
            0.16655473472128948
        ],
        "q3": [
            0.20234986945169714
        ],
        "budgets": [
            0,
            2400,
            4800,
            7200,
            9600,
            12000
        ],
        "values": [
            [
                0.16655473472128948,
                0.20234986945169714,
                0.03988183161004432,
                0.20039292730844793,
                0.2046936114732725
            ]
        ]
    },