{
    "AUC": {
        "means": [
            0.6360548070037346,
            0.5789838562724172,
            0.5243916385861559,
            0.4964652274257312,
            0.47191890973574885,
            0.5746309045242054
        ],
        "stds": [
            0.0,
            0.00031793553650427957,
            0.01846617958936163,
            0.040890181356936714,
            0.046117803272915536,
            0.08103543069257771
        ],
        "medians": [
            0.6360548070037346
        ],
        "q1": [
            0.6360548070037346
        ],
        "q3": [
            0.6360548070037346
        ],
        "budgets": [
            0,
            2400,
            4800,
            7200,
            9600,
            12000
        ],
        "values": [
            [
                0.6360548070037346,
                0.6360548070037346,
                0.6360548070037346,
                0.6360548070037346,
                0.6360548070037346
            ]
        ]
    },
    "SPD": {
        "means": [
            0.0,
            0.0,
            0.0007894842748443324,
            0.0028592958338710854,
            0.0031836102564956627,
            0.0018118310234430612
        ],
        "stds": [
            0.0,
            0.0,
            0.0006397406076689548,
            0.0015286522283788804,
            0.0015851214342524316,
            0.0032854628827649287
        ],
        "medians": [
            0.0
        ],
        "q1": [
            0.0
        ],
        "q3": [
            0.0
        ],
        "budgets": [
            0,
            2400,
            4800,
            7200,
            9600,
            12000
        ],
        "values": [
            [
                0.0,
                0.0,
                0.0,
                0.0,
                0.0
            ]
        ]
    },
    "EO": {
        "means": [
            0.0,
            0.0,
            0.021940333902485298,
            0.020096281540504645,
            0.020137070764560804,
            0.006736387782204515
        ],
        "stds": [
            0.0,
            0.0,
            0.00886700918481386,
            0.009881423805820836,
            0.005849162927304884,
            0.008284165414867478
        ],
        "medians": [
            0.0
        ],
        "q1": [
            0.0
        ],
        "q3": [
            0.0
        ],
        "budgets": [
            0,
            2400,
            4800,
            7200,
            9600,
            12000
        ],
        "values": [
            [
                0.0,
                0.0,
                0.0,
                0.0,
                0.0
            ]
        ]
    },
    "ACC": {
        "means": [
            0.7811666666666667,
            0.7811666666666667,
            0.7404666666666667,
            0.6987,
            0.6602666666666667,
            0.7384999999999999
        ],
        "stds": [
            0.0,
            0.0,
            0.019473457719561646,
            0.04383560196917569,
            0.061051763101304266,
            0.07135832895402688
        ],
        "medians": [
            0.7811666666666667
        ],
        "q1": [
            0.7811666666666667
        ],
        "q3": [
            0.7811666666666667
        ],
        "budgets": [
            0,
            2400,
            4800,
            7200,
            9600,
            12000
        ],
        "values": [
            [
                0.7811666666666667,
                0.7811666666666667,
                0.7811666666666667,
                0.7811666666666667,
                0.7811666666666667
            ]
        ]
    },
    "F1": {
        "means": [
            0.0,
            0.0,
            0.026873659117196365,
            0.05144714843819662,
            0.0818160601595997,
            0.028883341590761842
        ],
        "stds": [
            0.0,
            0.0,
            0.012527126761914456,
            0.027985070881436085,
            0.04138782422879936,
            0.04907749633567403
        ],
        "medians": [
            0.0
        ],
        "q1": [
            0.0
        ],
        "q3": [
            0.0
        ],
        "budgets": [
            0,
            2400,
            4800,
            7200,
            9600,
            12000
        ],
        "values": [
            [
                0.0,
                0.0,
                0.0,
                0.0,
                0.0
            ]
        ]
    },
    "col_list": [
        [
            [
                "BILL_AMT",
                "EDUCATION",
                "MARRIAGE",
                "Y"
            ],
            [
                "BILL_AMT",
                "EDUCATION",
                "MARRIAGE",
                "Y"
            ],
            [
                "BILL_AMT",
                "EDUCATION",
                "MARRIAGE",
                "Y"
            ],
            [
                "BILL_AMT",
                "EDUCATION",
                "MARRIAGE",
                "Y"
            ],
            [
                "BILL_AMT",
                "EDUCATION",
                "MARRIAGE",
                "Y"
            ]
        ],
        [
            [
                "BILL_AMT",
                "EDUCATION",
                "MARRIAGE",
                "Y"
            ],
            [
                "BILL_AMT",
                "EDUCATION",
                "MARRIAGE",
                "Y"
            ],
            [
                "BILL_AMT",
                "EDUCATION",
                "MARRIAGE",
                "Y"
            ],
            [
                "BILL_AMT",
                "EDUCATION",
                "MARRIAGE",
                "Y"
            ],
            [
                "BILL_AMT",
                "EDUCATION",
                "MARRIAGE",
                "Y"
            ]
        ],
        [
            [
                "PAY_AMT",
                "Y"
            ],
            [
                "PAY_AMT",
                "Y"
            ],
            [
                "PAY_AMT",
                "Y"
            ],
            [
                "PAY_AMT",
                "Y"
            ],
            [
                "PAY_AMT",
                "Y"
            ]
        ],
        [
            [
                "PAY_AMT",
                "Y"
            ],
            [
                "PAY_AMT",
                "Y"
            ],
            [
                "PAY_AMT",
                "Y"
            ],
            [
                "PAY_AMT",
                "Y"
            ],
            [
                "PAY_AMT",
                "Y"
            ]
        ],
        [
            [
                "PAY_AMT",
                "Y"
            ],
            [
                "PAY_AMT",
                "Y"
            ],
            [
                "PAY_AMT",
                "Y"
            ],
            [
                "PAY_AMT",
                "Y"
            ],
            [
                "PAY_AMT",
                "Y"
            ]
        ],
        [
            [
                "PAY_AMT",
                "MARRIAGE",
                "Y"
            ],
            [
                "PAY_AMT",
                "MARRIAGE",
                "Y"
            ],
            [
                "PAY_AMT",
                "MARRIAGE",
                "Y"
            ],
            [
                "PAY_AMT",
                "MARRIAGE",
                "Y"
            ],
            [
                "PAY_AMT",
                "MARRIAGE",
                "Y"
            ]
        ]
    ],