{
    "AUC": {
        "means": [
            0.7605821970277309,
            0.7013400745620755,
            0.6637832592819569,
            0.631512180174659,
            0.6393922680149122,
            0.6310147592053521
        ],
        "stds": [
            0.0025290749917852005,
            0.018090927930029962,
            0.028986388072387407,
            0.021679710806621327,
            0.05185298031626399,
            0.06719899797559317
        ],
        "medians": [
            0.7610336550737961
        ],
        "q1": [
            0.7580103161227719
        ],
        "q3": [
            0.7624329707369388
        ],
        "budgets": [
            0,
            372,
            744,
            1116,
            1488,
            1861
        ],
        "values": [
            [
                0.7574230121035698,
                0.7580103161227719,
                0.764011031101578,
                0.7624329707369388,
                0.7610336550737961
            ]
        ]
    },
    "SPD": {
        "means": [
            0.38915437337434267,
            0.3575715289248353,
            0.3192012682500807,
            0.29828843196445864,
            0.2577509445425376,
            0.2471388430065881
        ],
        "stds": [
            0.00869774839459966,
            0.005238993880123679,
            0.028770131999802065,
            0.015102075672798481,
            0.057123735270954455,
            0.07147255734166238
        ],
        "medians": [
            0.3920990677982191
        ],
        "q1": [
            0.39099789257845874
        ],
        "q3": [
            0.3935752121660876
        ],
        "budgets": [
            0,
            372,
            744,
            1116,
            1488,
            1861
        ],
        "values": [
            [
                0.3968834842702816,
                0.37221621005866606,
                0.39099789257845874,
                0.3920990677982191,
                0.3935752121660876
            ]
        ]
    },
    "EO": {
        "means": [
            0.5570494186046512,
            0.529093992248062,
            0.43929263565891474,
            0.400218023255814,
            0.33771802325581396,
            0.33362403100775195
        ],
        "stds": [
            0.014864440574038153,
            0.0201922732986529,
            0.04004283525337459,
            0.032208007248984885,
            0.13859535197336698,
            0.1384299541235057
        ],
        "medians": [
            0.5555959302325582
        ],
        "q1": [
            0.5477228682170543
        ],
        "q3": [
            0.5580184108527131
        ],
        "budgets": [
            0,
            372,
            744,
            1116,
            1488,
            1861
        ],
        "values": [
            [
                0.5399709302325582,
                0.5477228682170543,
                0.5580184108527131,
                0.5555959302325582,
                0.5839389534883721
            ]
        ]
    },
    "ACC": {
        "means": [
            0.7366272824919442,
            0.7282491944146079,
            0.7203007518796992,
            0.7125671321160043,
            0.6704618689581096,
            0.6571428571428571
        ],
        "stds": [
            0.004774674709106923,
            0.007189345018552763,
            0.004587359077134832,
            0.010248644848014228,
            0.0781801427323089,
            0.10463081952719475
        ],
        "medians": [
            0.7368421052631579
        ],
        "q1": [
            0.7357679914070892
        ],
        "q3": [
            0.7400644468313641
        ],
        "budgets": [
            0,
            372,
            744,
            1116,
            1488,
            1861
        ],
        "values": [
            [
                0.728249194414608,
                0.7400644468313641,
                0.7368421052631579,
                0.7422126745435016,
                0.7357679914070892
            ]
        ]
    },
    "F1": {
        "means": [
            0.5972223009057569,
            0.5850589611487697,
            0.5554885031442818,
            0.5244541136246557,
            0.5435674336166944,
            0.5261123893957051
        ],
        "stds": [
            0.004532222175943899,
            0.010962755798461997,
            0.04581189618611856,
            0.03248769239851068,
            0.03767956649239239,
            0.05859380594201528
        ],
        "medians": [
            0.5985611510791365
        ],
        "q1": [
            0.5965909090909091
        ],
        "q3": [
            0.5988023952095808
        ],
        "budgets": [
            0,
            372,
            744,
            1116,
            1488,
            1861
        ],
        "values": [
            [
                0.5965909090909091,
                0.589171974522293,
                0.5985611510791365,
                0.5988023952095808,
                0.6029850746268656
            ]
        ]
    },