{
    "AUC": {
        "means": [
            0.6989122108166079,
            0.5691200653694908,
            0.42839487258056275,
            0.42839487258056275,
            0.41857412798120625,
            0.4017036923548337
        ],
        "stds": [
            0.0,
            0.0011358647088744796,
            5.551115123125783e-17,
            5.551115123125783e-17,
            0.005195584163140091,
            0.017448651006114355
        ],
        "medians": [
            0.6989122108166079
        ],
        "q1": [
            0.6989122108166079
        ],
        "q3": [
            0.6989122108166079
        ],
        "budgets": [
            0,
            372,
            744,
            1116,
            1488,
            1861
        ],
        "values": [
            [
                0.6989122108166079,
                0.6989122108166079,
                0.6989122108166079,
                0.6989122108166079,
                0.6989122108166079
            ]
        ]
    },
    "SPD": {
        "means": [
            0.3681817318828198,
            0.3410776328529931,
            0.21731123388581955,
            0.21731123388581955,
            0.30837367811509175,
            0.6768183630460785
        ],
        "stds": [
            0.0,
            0.01334939588513436,
            2.7755575615628914e-17,
            2.7755575615628914e-17,
            0.25948863946219913,
            0.2331797066930023
        ],
        "medians": [
            0.3681817318828198
        ],
        "q1": [
            0.3681817318828198
        ],
        "q3": [
            0.3681817318828198
        ],
        "budgets": [
            0,
            372,
            744,
            1116,
            1488,
            1861
        ],
        "values": [
            [
                0.3681817318828198,
                0.3681817318828198,
                0.3681817318828198,
                0.3681817318828198,
                0.3681817318828198
            ]
        ]
    },
    "EO": {
        "means": [
            0.5652858527131782,
            0.5378875968992248,
            0.37209302325581395,
            0.37209302325581395,
            0.3928536821705427,
            0.5791908914728682
        ],
        "stds": [
            0.0,
            0.01145231396214035,
            0.0,
            0.0,
            0.16555232558139532,
            0.11152639841902116
        ],
        "medians": [
            0.5652858527131782
        ],
        "q1": [
            0.5652858527131782
        ],
        "q3": [
            0.5652858527131782
        ],
        "budgets": [
            0,
            372,
            744,
            1116,
            1488,
            1861
        ],
        "values": [
            [
                0.5652858527131782,
                0.5652858527131782,
                0.5652858527131782,
                0.5652858527131782,
                0.5652858527131782
            ]
        ]
    },
    "ACC": {
        "means": [
            0.7325456498388829,
            0.7359828141783029,
            0.631578947368421,
            0.631578947368421,
            0.5877551020408163,
            0.4552094522019334
        ],
        "stds": [
            0.0,
            0.0010524123492086305,
            0.0,
            0.0,
            0.09840289957037261,
            0.08788693364858265
        ],
        "medians": [
            0.7325456498388829
        ],
        "q1": [
            0.7325456498388829
        ],
        "q3": [
            0.7325456498388829
        ],
        "budgets": [
            0,
            372,
            744,
            1116,
            1488,
            1861
        ],
        "values": [
            [
                0.7325456498388829,
                0.7325456498388829,
                0.7325456498388829,
                0.7325456498388829,
                0.7325456498388829
            ]
        ]
    },
    "F1": {
        "means": [
            0.48232848232848236,
            0.4923523510704147,
            0.21867881548974938,
            0.21867881548974938,
            0.23130815298469348,
            0.3757609778271109
        ],
        "stds": [
            0.0,
            0.003053300910941854,
            2.7755575615628914e-17,
            2.7755575615628914e-17,
            0.07983776653681893,
            0.08270943230937756
        ],
        "medians": [
            0.48232848232848236
        ],
        "q1": [
            0.48232848232848236
        ],
        "q3": [
            0.48232848232848236
        ],
        "budgets": [
            0,
            372,
            744,
            1116,
            1488,
            1861
        ],
        "values": [
            [
                0.48232848232848236,
                0.48232848232848236,
                0.48232848232848236,
                0.48232848232848236,
                0.48232848232848236
            ]
        ]
    },