{
    "AUC": {
        "means": [
            0.7604861855880701,
            0.7447791226188653,
            0.733347632909453,
            0.7153587661508605,
            0.6670823757724325,
            0.6213247535876615
        ],
        "stds": [
            0.0020602173281585243,
            0.004081874105251745,
            0.005145909015951544,
            0.005696931370526678,
            0.010726610705453499,
            0.019439156861877974
        ],
        "medians": [
            0.7598335120780348,
            0.7425820948879015,
            0.733563147949543,
            0.7117665083499309,
            0.6668505183596343,
            0.6069506153924723
        ],
        "q1": [
            0.7587559368775855,
            0.7416832643889484,
            0.7331648026147797,
            0.710617435268883,
            0.6568510290587815,
            0.6057709003625964
        ],
        "q3": [
            0.7617077779480108,
            0.749599101169501,
            0.7346100812011644,
            0.7196721311475409,
            0.6700781369695112,
            0.6407537919411674
        ],
        "budgets": [
            0,
            74,
            148,
            222,
            296,
            372
        ],
        "values": [
            [
                0.7587559368775855,
                0.7582707726878096,
                0.7638629283489096,
                0.7617077779480108,
                0.7598335120780348
            ],
            [
                0.7497880598539399,
                0.740243092794035,
                0.7416832643889484,
                0.749599101169501,
                0.7425820948879015
            ],
            [
                0.733563147949543,
                0.7246412338491395,
                0.7407588989326388,
                0.7346100812011644,
                0.7331648026147797
            ],
            [
                0.7102905878147183,
                0.710617435268883,
                0.7244471681732291,
                0.7196721311475409,
                0.7117665083499309
            ],
            [
                0.6700781369695112,
                0.6568510290587815,
                0.6855421071446811,
                0.6668505183596343,
                0.6560900873295541
            ],
            [
                0.6490271181247127,
                0.6057709003625964,
                0.6407537919411674,
                0.6069506153924723,
                0.6041213421173587
            ]
        ]
    },
    "SPD": {
        "means": [
            0.3838525944067893,
            0.3722238043705265,
            0.35572706043173663,
            0.32957604754039227,
            0.2936606481745173,
            0.30477682216020197
        ],
        "stds": [
            0.008120916520827436,
            0.017003623500442377,
            0.04078511545378987,
            0.02119881064239613,
            0.05507807584371837,
            0.02709442391129166
        ],
        "medians": [
            0.3843671090353325,
            0.3678067627347117,
            0.36891268439938485,
            0.33614322872168745,
            0.27061381025611814,
            0.2967572288356021
        ],
        "q1": [
            0.3792124698600748,
            0.3615462018947808,
            0.34276926581990086,
            0.3099618385829014,
            0.2632520741964269,
            0.29123236695714905
        ],
        "q3": [
            0.39099789257845874,
            0.3781112946403144,
            0.3769958800858157,
            0.3494047958079398,
            0.3221554555637827,
            0.32693037914601963
        ],
        "budgets": [
            0,
            74,
            148,
            222,
            296,
            372
        ],
        "values": [
            [
                0.3843671090353325,
                0.3711102883939929,
                0.3935752121660876,
                0.3792124698600748,
                0.39099789257845874
            ],
            [
                0.40167739363216953,
                0.3615462018947808,
                0.3678067627347117,
                0.3781112946403144,
                0.35197736895065596
            ],
            [
                0.2845968369691101,
                0.36891268439938485,
                0.40536063488447155,
                0.34276926581990086,
                0.3769958800858157
            ],
            [
                0.35267034990791896,
                0.3494047958079398,
                0.33614322872168745,
                0.3099618385829014,
                0.2997000246815135
            ],
            [
                0.38547777714491843,
                0.27061381025611814,
                0.3221554555637827,
                0.2268041237113402,
                0.2632520741964269
            ],
            [
                0.34276926581990086,
                0.29123236695714905,
                0.32693037914601963,
                0.26619487004233827,
                0.2967572288356021
            ]
        ]
    },
    "EO": {
        "means": [
            0.5513081395348838,
            0.5734011627906976,
            0.5515261627906977,
            0.4892441860465116,
            0.4251695736434108,
            0.42579941860465115
        ],
        "stds": [
            0.025109406022884452,
            0.01886131027723355,
            0.049664255886418346,
            0.02861516716138804,
            0.07506135067598083,
            0.042956435666117725
        ],
        "medians": [
            0.5451792635658915,
            0.5680717054263567,
            0.5551114341085271,
            0.5001211240310077,
            0.41412306201550386,
            0.4063711240310077
        ],
        "q1": [
            0.5399709302325582,
            0.5603197674418605,
            0.5477228682170543,
            0.49224806201550386,
            0.3777858527131783,
            0.40116279069767447
        ],
        "q3": [
            0.5632267441860466,
            0.5709786821705426,
            0.5758236434108528,
            0.5055717054263567,
            0.49236918604651164,
            0.44852228682170536
        ],
        "budgets": [
            0,
            74,
            148,
            222,
            296,
            372
        ],
        "values": [
            [
                0.5164728682170543,
                0.5451792635658915,
                0.5632267441860466,
                0.5399709302325582,
                0.5916908914728682
            ],
            [
                0.609859496124031,
                0.5603197674418605,
                0.5577761627906976,
                0.5709786821705426,
                0.5680717054263567
            ],
            [
                0.4639050387596899,
                0.5551114341085271,
                0.6150678294573644,
                0.5758236434108528,
                0.5477228682170543
            ],
            [
                0.5144137596899225,
                0.5001211240310077,
                0.5055717054263567,
                0.4338662790697674,
                0.49224806201550386
            ],
            [
                0.5238614341085271,
                0.3777858527131783,
                0.49236918604651164,
                0.3177083333333333,
                0.41412306201550386
            ],
            [
                0.49769864341085274,
                0.40116279069767447,
                0.44852228682170536,
                0.3752422480620155,
                0.4063711240310077
            ]
        ]
    },
    "ACC": {
        "means": [
            0.7357679914070892,
            0.7392051557465091,
            0.7319011815252416,
            0.710204081632653,
            0.7054779806659507,
            0.7022556390977444
        ],