{
    "AUC": {
        "means": [
            0.8766692201624023,
            0.7234344517644655,
            0.7040769112915581,
            0.6827409223226597,
            0.6502502425820949,
            0.6606940401409529
        ],
        "stds": [
            0.001246249701820202,
            0.031068160534123163,
            0.07192723597691811,
            0.04119315029202668,
            0.016760221761104848,
            0.023685583161351567
        ],
        "medians": [
            0.8762550431540779
        ],
        "q1": [
            0.8761094938971452
        ],
        "q3": [
            0.8769317195240284
        ],
        "budgets": [
            0,
            372,
            744,
            1116,
            1488,
            1861
        ],
        "values": [
            [
                0.8762550431540779,
                0.8769317195240284,
                0.8751595934834788,
                0.8788902507532812,
                0.8761094938971452
            ]
        ]
    },
    "SPD": {
        "means": [
            0.27960642478783393,
            0.30349433274477416,
            0.3102845968369691,
            0.23053672799073494,
            0.2222171593476486,
            0.17754456911773078
        ],
        "stds": [
            0.009045819793151354,
            0.008639322830546756,
            0.06723222465083822,
            0.0699522581534304,
            0.0627168826706684,
            0.09369835043288932
        ],
        "medians": [
            0.2764376981640751
        ],
        "q1": [
            0.27607222190579256
        ],
        "q3": [
            0.2823327827457235
        ],
        "budgets": [
            0,
            372,
            744,
            1116,
            1488,
            1861
        ],
        "values": [
            [
                0.2679700404397106,
                0.2952193806838678,
                0.2823327827457235,
                0.2764376981640751,
                0.27607222190579256
            ]
        ]
    },
    "EO": {
        "means": [
            0.1581153100775194,
            0.41196705426356584,
            0.4534156976744185,
            0.32579941860465117,
            0.3250484496124031,
            0.25736434108527134
        ],
        "stds": [
            0.008579002295826916,
            0.013945873985623252,
            0.13868346319204003,
            0.11767543155784975,
            0.11738318759933516,
            0.15809329021071974
        ],
        "medians": [
            0.15600775193798452
        ],
        "q1": [
            0.1509205426356589
        ],
        "q3": [
            0.16375968992248063
        ],
        "budgets": [
            0,
            372,
            744,
            1116,
            1488,
            1861
        ],
        "values": [
            [
                0.15600775193798452,
                0.17163275193798452,
                0.16375968992248063,
                0.1509205426356589,
                0.14825581395348839
            ]
        ]
    },
    "ACC": {
        "means": [
            0.855424274973147,
            0.7720730397422126,
            0.7634801288936627,
            0.747798066595059,
            0.7346938775510203,
            0.6887218045112782
        ],
        "stds": [
            0.001745228443530806,
            0.007757452238568314,
            0.020053449675815203,
            0.030708387288084008,
            0.02208603765838861,
            0.08918483192140635
        ],
        "medians": [
            0.8560687432867884
        ],
        "q1": [
            0.8539205155746509
        ],
        "q3": [
            0.8571428571428571
        ],
        "budgets": [
            0,
            372,
            744,
            1116,
            1488,
            1861
        ],
        "values": [
            [
                0.8528464017185822,
                0.8571428571428571,
                0.8539205155746509,
                0.8560687432867884,
                0.8571428571428571
            ]
        ]
    },
    "F1": {
        "means": [
            0.7776587480512122,
            0.6068870176739936,
            0.5602926556109429,
            0.48729517168177716,
            0.4573711294768815,
            0.463693394137613
        ],
        "stds": [
            0.0031728535802611176,
            0.023391060529340247,
            0.05549866417143316,
            0.11474023921705935,
            0.09353571644899712,
            0.09916109721569022
        ],
        "medians": [
            0.7794361525704809
        ],
        "q1": [
            0.7740863787375414
        ],
        "q3": [
            0.780327868852459
        ],
        "budgets": [
            0,
            372,
            744,
            1116,
            1488,
            1861
        ],
        "values": [
            [
                0.7735537190082645,
                0.7808896210873145,
                0.7740863787375414,
                0.780327868852459,
                0.7794361525704809
            ]
        ]
    },