{
    "AUC": {
        "means": [
            0.7605821970277309,
            0.6756304580971351,
            0.6489229354986976,
            0.47308206935294417,
            0.6043501353352739,
            0.6092875746897503
        ],
        "stds": [
            0.0025290749917852005,
            0.03644583120567491,
            0.03199161162098251,
            0.011433237689095519,
            0.008919045246390127,
            0.00960423080920095
        ],
        "medians": [
            0.7610336550737961
        ],
        "q1": [
            0.7580103161227719
        ],
        "q3": [
            0.7624329707369388
        ],
        "budgets": [
            0,
            372,
            744,
            1116,
            1488,
            1861
        ],
        "values": [
            [
                0.7574230121035698,
                0.7580103161227719,
                0.764011031101578,
                0.7624329707369388,
                0.7610336550737961
            ]
        ]
    },
    "SPD": {
        "means": [
            0.38915437337434267,
            0.3504167378633404,
            0.32368001366976135,
            0.24935543278084715,
            0.16725712441381407,
            0.19375652636175505
        ],
        "stds": [
            0.00869774839459966,
            0.03229698850625974,
            0.038951038019751374,
            0.003415697420072086,
            0.026686961819203877,
            0.028813172333509315
        ],
        "medians": [
            0.3920990677982191
        ],
        "q1": [
            0.39099789257845874
        ],
        "q3": [
            0.3935752121660876
        ],
        "budgets": [
            0,
            372,
            744,
            1116,
            1488,
            1861
        ],
        "values": [
            [
                0.3968834842702816,
                0.37221621005866606,
                0.39099789257845874,
                0.3920990677982191,
                0.3935752121660876
            ]
        ]
    },
    "EO": {
        "means": [
            0.5570494186046512,
            0.5155281007751937,
            0.5092781007751939,
            0.4356589147286821,
            0.176671511627907,
            0.2236918604651163
        ],
        "stds": [
            0.014864440574038153,
            0.021288822539804842,
            0.019817994003428638,
            0.01503156544935295,
            0.031015945653123767,
            0.08000314775446002
        ],
        "medians": [
            0.5555959302325582
        ],
        "q1": [
            0.5477228682170543
        ],
        "q3": [
            0.5580184108527131
        ],
        "budgets": [
            0,
            372,
            744,
            1116,
            1488,
            1861
        ],
        "values": [
            [
                0.5399709302325582,
                0.5477228682170543,
                0.5580184108527131,
                0.5555959302325582,
                0.5839389534883721
            ]
        ]
    },
    "ACC": {
        "means": [
            0.7366272824919442,
            0.7370569280343717,
            0.7286788399570354,
            0.6305048335123523,
            0.6302900107411386,
            0.6238453276047261
        ],
        "stds": [
            0.004774674709106923,
            0.00442347159655725,
            0.0073354977782873814,
            0.004349829587823088,
            0.010016363675080351,
            0.01993805310448482
        ],
        "medians": [
            0.7368421052631579
        ],
        "q1": [
            0.7357679914070892
        ],
        "q3": [
            0.7400644468313641
        ],
        "budgets": [
            0,
            372,
            744,
            1116,
            1488,
            1861
        ],
        "values": [
            [
                0.728249194414608,
                0.7400644468313641,
                0.7368421052631579,
                0.7422126745435016,
                0.7357679914070892
            ]
        ]
    },
    "F1": {
        "means": [
            0.5972223009057569,
            0.5216035702287654,
            0.5334307672614014,
            0.20326287157208003,
            0.34890846913039636,
            0.4004184295767784
        ],
        "stds": [
            0.004532222175943899,
            0.03221991348066158,
            0.011112476132920313,
            0.027436180567783557,
            0.07651906368723231,
            0.05953523663180838
        ],
        "medians": [
            0.5985611510791365
        ],
        "q1": [
            0.5965909090909091
        ],
        "q3": [
            0.5988023952095808
        ],
        "budgets": [
            0,
            372,
            744,
            1116,
            1488,
            1861
        ],
        "values": [
            [
                0.5965909090909091,
                0.589171974522293,
                0.5985611510791365,
                0.5988023952095808,
                0.6029850746268656
            ]
        ]
    },