{
    "AUC": {
        "means": [
            0.8239007200857975,
            0.6983483989581737,
            0.6356595679485214,
            0.5296700883509524,
            0.5412976865328634,
            0.4959496450640928
        ],
        "stds": [
            0.0038596271764017457,
            0.02250508631327308,
            0.002362469635848791,
            0.0017076145286825722,
            0.06687521066783934,
            0.007518535912580496
        ],
        "medians": [
            0.8232495786732037
        ],
        "q1": [
            0.8218885654460957
        ],
        "q3": [
            0.8265589091466218
        ],
        "budgets": [
            0,
            372,
            744,
            1116,
            1488,
            1861
        ],
        "values": [
            [
                0.8218885654460957,
                0.8265589091466218,
                0.8295133037127829,
                0.8232495786732037,
                0.8182932434502834
            ]
        ]
    },
    "SPD": {
        "means": [
            0.2918275711492092,
            0.15766930569003818,
            0.09929088113003362,
            0.04615727819862922,
            0.07906533006777923,
            0.01826147215735414
        ],
        "stds": [
            0.004792196200093395,
            0.019261279687791892,
            0.08028768732825725,
            0.0026410314805326205,
            0.08249789075260168,
            0.007827653905359638
        ],
        "medians": [
            0.29263731465132614
        ],
        "q1": [
            0.28748267547606843
        ],
        "q3": [
            0.29447893527747715
        ],
        "budgets": [
            0,
            372,
            744,
            1116,
            1488,
            1861
        ],
        "values": [
            [
                0.28748267547606843,
                0.29447893527747715,
                0.29889787549125707,
                0.29263731465132614,
                0.2856410548499174
            ]
        ]
    },
    "EO": {
        "means": [
            0.15336724806201546,
            0.07449127906976744,
            0.20973837209302326,
            0.00976259689922481,
            0.03909883720930231,
            0.021366279069767444
        ],
        "stds": [
            0.011025720352853196,
            0.036865586740387014,
            0.06205044021081354,
            0.002083333333333337,
            0.03669033838947176,
            0.002965535829364244
        ],
        "medians": [
            0.14813468992248058
        ],
        "q1": [
            0.1455910852713178
        ],
        "q3": [
            0.16375968992248058
        ],
        "budgets": [
            0,
            372,
            744,
            1116,
            1488,
            1861
        ],
        "values": [
            [
                0.14038275193798444,
                0.16375968992248058,
                0.16896802325581395,
                0.1455910852713178,
                0.14813468992248058
            ]
        ]
    },
    "ACC": {
        "means": [
            0.8356605800214822,
            0.7729323308270677,
            0.7439312567132117,
            0.6833512352309346,
            0.6128893662728249,
            0.6586466165413535
        ],
        "stds": [
            0.0029611275514694387,
            0.011600429645542407,
            0.001872781500984162,
            0.0012526212448647296,
            0.05706203955207515,
            0.002293679538567416
        ],
        "medians": [
            0.8345864661654135
        ],
        "q1": [
            0.8345864661654135
        ],
        "q3": [
            0.8378088077336198
        ],
        "budgets": [
            0,
            372,
            744,
            1116,
            1488,
            1861
        ],
        "values": [
            [
                0.8345864661654135,
                0.8378088077336198,
                0.8399570354457573,
                0.8345864661654135,
                0.8313641245972073
            ]
        ]
    },
    "F1": {
        "means": [
            0.7520256696721268,
            0.6086355432376193,
            0.4990808382185771,
            0.21007644242353324,
            0.25619582329145285,
            0.0467871191009988
        ],
        "stds": [
            0.004475501170668113,
            0.02466466629035914,
            0.0207557120919074,
            0.0022393034868726435,
            0.2555755498557426,
            0.004433853419234425
        ],
        "medians": [
            0.7508090614886731
        ],
        "q1": [
            0.7499999999999999
        ],
        "q3": [
            0.7552674230145867
        ],
        "budgets": [
            0,
            372,
            744,
            1116,
            1488,
            1861
        ],
        "values": [
            [
                0.7499999999999999,
                0.7552674230145867,
                0.7585089141004863,
                0.7508090614886731,
                0.7455429497568881
            ]
        ]
    },