{
    "AUC": {
        "means": [
            0.8672897196261682,
            0.7040927429651193,
            0.6875537510852358,
            0.511161329860579,
            0.6431867626781063,
            0.6450268117052244
        ],
        "stds": [
            0.0,
            0.04783553148906455,
            0.01979882240898287,
            0.0,
            0.10013863348966429,
            0.057405009171348255
        ],
        "medians": [
            0.8672897196261682
        ],
        "q1": [
            0.8672897196261682
        ],
        "q3": [
            0.8672897196261682
        ],
        "budgets": [
            0,
            372,
            744,
            1116,
            1488,
            1861
        ],
        "values": [
            [
                0.8672897196261682,
                0.8672897196261682,
                0.8672897196261682,
                0.8672897196261682,
                0.8672897196261682
            ]
        ]
    },
    "SPD": {
        "means": [
            0.2418456076398777,
            0.26668755102428277,
            0.2663201761880351,
            0.15469613259668508,
            0.16064722522830402,
            0.17468436141330143
        ],
        "stds": [
            2.7755575615628914e-17,
            0.003385804409437051,
            0.0028856645694916674,
            0.0,
            0.05696486492524876,
            0.03304285540457678
        ],
        "medians": [
            0.24184560763987772
        ],
        "q1": [
            0.24184560763987772
        ],
        "q3": [
            0.24184560763987772
        ],
        "budgets": [
            0,
            372,
            744,
            1116,
            1488,
            1861
        ],
        "values": [
            [
                0.24184560763987772,
                0.24184560763987772,
                0.24184560763987772,
                0.24184560763987772,
                0.24184560763987772
            ]
        ]
    },
    "EO": {
        "means": [
            0.21741763565891467,
            0.35060562015503877,
            0.36143410852713176,
            0.5581395348837209,
            0.17080910852713177,
            0.21666666666666662
        ],
        "stds": [
            2.7755575615628914e-17,
            0.021656976744186027,
            0.0,
            0.0,
            0.05566791943702271,
            0.04539675682018349
        ],
        "medians": [
            0.2174176356589147
        ],
        "q1": [
            0.2174176356589147
        ],
        "q3": [
            0.2174176356589147
        ],
        "budgets": [
            0,
            372,
            744,
            1116,
            1488,
            1861
        ],
        "values": [
            [
                0.2174176356589147,
                0.2174176356589147,
                0.2174176356589147,
                0.2174176356589147,
                0.2174176356589147
            ]
        ]
    },
    "ACC": {
        "means": [
            0.8388829215896884,
            0.80343716433942,
            0.8006444683136413,
            0.719656283566058,
            0.7123523093447905,
            0.698388829215897
        ],
        "stds": [
            1.1102230246251565e-16,
            0.004607435142755558,
            0.0021048246984173152,
            0.0,
            0.04988978474001904,
            0.0488475050135028
        ],
        "medians": [
            0.8388829215896885
        ],
        "q1": [
            0.8388829215896885
        ],
        "q3": [
            0.8388829215896885
        ],
        "budgets": [
            0,
            372,
            744,
            1116,
            1488,
            1861
        ],
        "values": [
            [
                0.8388829215896885,
                0.8388829215896885,
                0.8388829215896885,
                0.8388829215896885,
                0.8388829215896885
            ]
        ]
    },
    "F1": {
        "means": [
            0.7282608695652173,
            0.6307697739126656,
            0.6239968528717545,
            0.35555555555555557,
            0.4063299970402923,
            0.4595777065582912
        ],
        "stds": [
            0.0,
            0.012189134014527528,
            0.0024732587227157517,
            0.0,
            0.13398906726013626,
            0.0897132724187486
        ],
        "medians": [
            0.7282608695652173
        ],
        "q1": [
            0.7282608695652173
        ],
        "q3": [
            0.7282608695652173
        ],
        "budgets": [
            0,
            372,
            744,
            1116,
            1488,
            1861
        ],
        "values": [
            [
                0.7282608695652173,
                0.7282608695652173,
                0.7282608695652173,
                0.7282608695652173,
                0.7282608695652173
            ]
        ]
    },