{
    "AUC": {
        "means": [
            0.8681558653797048,
            0.714974720392217,
            0.690875849037332,
            0.5072692916602829,
            0.49136203462540207,
            0.5154363924212246
        ],
        "stds": [
            0.014496101724347144,
            0.0625646600655293,
            0.0566503991881941,
            0.007493493719663931,
            0.012201080650552707,
            0.03846799086164104
        ],
        "medians": [
            0.8749450998416832
        ],
        "q1": [
            0.8713855267861703
        ],
        "q3": [
            0.8759971400847759
        ],
        "budgets": [
            0,
            372,
            744,
            1116,
            1488,
            1861
        ],
        "values": [
            [
                0.8395638629283488,
                0.8788876972575456,
                0.8759971400847759,
                0.8713855267861703,
                0.8749450998416832
            ]
        ]
    },
    "SPD": {
        "means": [
            0.2655616942909761,
            0.27007176624708096,
            0.24437641206736158,
            0.13502781416718876,
            0.06528734977501852,
            0.07346547435970457
        ],
        "stds": [
            0.024354271579396822,
            0.018849470431200145,
            0.021007252870431214,
            0.010061560633594174,
            0.01152276044397744,
            0.01965487536445479
        ],
        "medians": [
            0.2551024282812173
        ],
        "q1": [
            0.2470049932600482
        ],
        "q3": [
            0.28751115414554496
        ],
        "budgets": [
            0,
            372,
            744,
            1116,
            1488,
            1861
        ],
        "values": [
            [
                0.28751115414554496,
                0.2551024282812173,
                0.2374314138710106,
                0.3007584818970591,
                0.2470049932600482
            ]
        ]
    },
    "EO": {
        "means": [
            0.22575096899224803,
            0.32378875968992243,
            0.33951065891472865,
            0.47957848837209305,
            0.07587209302325582,
            0.07473352713178294
        ],
        "stds": [
            0.04443706430316006,
            0.04663249395881526,
            0.035407436177184955,
            0.05098982777040461,
            0.012605887148345695,
            0.02280157873028957
        ],
        "medians": [
            0.20191375968992242
        ],
        "q1": [
            0.19404069767441856
        ],
        "q3": [
            0.25654069767441856
        ],
        "budgets": [
            0,
            372,
            744,
            1116,
            1488,
            1861
        ],
        "values": [
            [
                0.2974806201550388,
                0.17877906976744184,
                0.19404069767441856,
                0.25654069767441856,
                0.20191375968992242
            ]
        ]
    },
    "ACC": {
        "means": [
            0.845327604726101,
            0.806015037593985,
            0.7972073039742212,
            0.7095596133190117,
            0.6567132116004297,
            0.6560687432867884
        ],
        "stds": [
            0.013172682893023313,
            0.008168916580808403,
            0.012121792463730071,
            0.00954934941821392,
            0.012333147234721644,
            0.014272382592372138
        ],
        "medians": [
            0.8474758324382384
        ],
        "q1": [
            0.8431793770139635
        ],
        "q3": [
            0.8539205155746509
        ],
        "budgets": [
            0,
            372,
            744,
            1116,
            1488,
            1861
        ],
        "values": [
            [
                0.8216970998925887,
                0.8603651987110634,
                0.8474758324382384,
                0.8431793770139635,
                0.8539205155746509
            ]
        ]
    },
    "F1": {
        "means": [
            0.7376835938180953,
            0.6411677489353632,
            0.6096875715375497,
            0.31473146564073484,
            0.23772191716447294,
            0.2214343832636993
        ],
        "stds": [
            0.023286268335589173,
            0.02669940665187991,
            0.029841297239518335,
            0.03056197609793208,
            0.04910945431066496,
            0.060837778956076075
        ],
        "medians": [
            0.7429577464788731
        ],
        "q1": [
            0.737037037037037
        ],
        "q3": [
            0.7490774907749077
        ],
        "budgets": [
            0,
            372,
            744,
            1116,
            1488,
            1861
        ],
        "values": [
            [
                0.6948529411764706,
                0.7644927536231884,
                0.737037037037037,
                0.7429577464788731,
                0.7490774907749077
            ]
        ]
    },