{
    "AUC": {
        "means": [
            0.8230207854552882,
            0.7231576528267198,
            0.6282758796792809,
            0.5291527501149073,
            0.4873944129513303,
            0.4937740666973086
        ],
        "stds": [
            0.0037765394264399374,
            0.04019894829105856,
            0.005099672657763474,
            0.0008672182803913053,
            0.0020547240016353164,
            0.003278548278195559
        ],
        "medians": [
            0.8224273530463204
        ],
        "q1": [
            0.8210663398192125
        ],
        "q3": [
            0.8257366835197386
        ],
        "budgets": [
            0,
            372,
            744,
            1116,
            1488,
            1861
        ],
        "values": [
            [
                0.8210663398192125,
                0.8257366835197386,
                0.8284025330677698,
                0.8224273530463204,
                0.8174710178234003
            ]
        ]
    },
    "SPD": {
        "means": [
            0.2918275711492092,
            0.1939634713599514,
            0.07520267319777488,
            0.04821913386873232,
            0.018700992956275746,
            0.01811338307607602
        ],
        "stds": [
            0.004792196200093395,
            0.05082116311024673,
            0.022518366466965097,
            0.0024315088073211324,
            0.001669410438918745,
            0.00945079301064105
        ],
        "medians": [
            0.29263731465132614
        ],
        "q1": [
            0.28748267547606843
        ],
        "q3": [
            0.29447893527747715
        ],
        "budgets": [
            0,
            372,
            744,
            1116,
            1488,
            1861
        ],
        "values": [
            [
                0.28748267547606843,
                0.29447893527747715,
                0.29889787549125707,
                0.29263731465132614,
                0.2856410548499174
            ]
        ]
    },
    "EO": {
        "means": [
            0.15336724806201546,
            0.10598352713178297,
            0.18621608527131783,
            0.00976259689922481,
            0.016787790697674422,
            0.01673934108527132
        ],
        "stds": [
            0.011025720352853196,
            0.04950764559755213,
            0.010648063098354059,
            0.002083333333333337,
            0.005103103630798286,
            0.00883538162794951
        ],
        "medians": [
            0.14813468992248058
        ],
        "q1": [
            0.1455910852713178
        ],
        "q3": [
            0.16375968992248058
        ],
        "budgets": [
            0,
            372,
            744,
            1116,
            1488,
            1861
        ],
        "values": [
            [
                0.14038275193798444,
                0.16375968992248058,
                0.16896802325581395,
                0.1455910852713178,
                0.14813468992248058
            ]
        ]
    },
    "ACC": {
        "means": [
            0.8356605800214822,
            0.7787325456498388,
            0.7407089151450055,
            0.6824919441460795,
            0.6569280343716434,
            0.6569280343716434
        ],
        "stds": [
            0.0029611275514694387,
            0.02028909809343517,
            0.0021048246984173426,
            0.0010953855023829772,
            0.0010953855023829772,
            0.0010953855023829772
        ],
        "medians": [
            0.8345864661654135
        ],
        "q1": [
            0.8345864661654135
        ],
        "q3": [
            0.8378088077336198
        ],
        "budgets": [
            0,
            372,
            744,
            1116,
            1488,
            1861
        ],
        "values": [
            [
                0.8345864661654135,
                0.8378088077336198,
                0.8399570354457573,
                0.8345864661654135,
                0.8313641245972073
            ]
        ]
    },
    "F1": {
        "means": [
            0.7520256696721268,
            0.6406043422992672,
            0.5063233708331906,
            0.20962626485641783,
            0.04882081561760092,
            0.0370581664615984
        ],
        "stds": [
            0.004475501170668113,
            0.04566250666747165,
            0.013222246272378098,
            0.00216762340348718,
            0.005661204969927684,
            0.019020985871508623
        ],
        "medians": [
            0.7508090614886731
        ],
        "q1": [
            0.7499999999999999
        ],
        "q3": [
            0.7552674230145867
        ],
        "budgets": [
            0,
            372,
            744,
            1116,
            1488,
            1861
        ],
        "values": [
            [
                0.7499999999999999,
                0.7552674230145867,
                0.7585089141004863,
                0.7508090614886731,
                0.7455429497568881
            ]
        ]
    },