{
    "AUC": {
        "means": [
            0.8230207854552882,
            0.6922705684081507,
            0.6280971349777845,
            0.5950467289719625,
            0.5380736428170165,
            0.5409892242479956
        ],
        "stds": [
            0.0037765394264399374,
            0.02267943452507522,
            0.041389412721303566,
            0.0014489988342659863,
            0.03914427915009087,
            0.03981188572839133
        ],
        "medians": [
            0.8224273530463204
        ],
        "q1": [
            0.8210663398192125
        ],
        "q3": [
            0.8257366835197386
        ],
        "budgets": [
            0,
            372,
            744,
            1116,
            1488,
            1861
        ],
        "values": [
            [
                0.8210663398192125,
                0.8257366835197386,
                0.8284025330677698,
                0.8224273530463204,
                0.8174710178234003
            ]
        ]
    },
    "SPD": {
        "means": [
            0.2918275711492092,
            0.30296557878149266,
            0.1268895597197699,
            0.1860359590666591,
            0.06250783163410607,
            0.0675589983102656
        ],
        "stds": [
            0.004792196200093395,
            0.01999757782100438,
            0.023061779781932405,
            0.0009022061667709658,
            0.02406920045616859,
            0.028596540764284424
        ],
        "medians": [
            0.29263731465132614
        ],
        "q1": [
            0.28748267547606843
        ],
        "q3": [
            0.29447893527747715
        ],
        "budgets": [
            0,
            372,
            744,
            1116,
            1488,
            1861
        ],
        "values": [
            [
                0.28748267547606843,
                0.29447893527747715,
                0.29889787549125707,
                0.29263731465132614,
                0.2856410548499174
            ]
        ]
    },
    "EO": {
        "means": [
            0.15336724806201546,
            0.40220445736434113,
            0.05281007751937984,
            0.48493217054263554,
            0.109375,
            0.04665697674418605
        ],
        "stds": [
            0.011025720352853196,
            0.007787662956513923,
            0.008631648930501012,
            0.0037976585159429184,
            0.08441974803647637,
            0.022727258216284817
        ],
        "medians": [
            0.14813468992248058
        ],
        "q1": [
            0.1455910852713178
        ],
        "q3": [
            0.16375968992248058
        ],
        "budgets": [
            0,
            372,
            744,
            1116,
            1488,
            1861
        ],
        "values": [
            [
                0.14038275193798444,
                0.16375968992248058,
                0.16896802325581395,
                0.1455910852713178,
                0.14813468992248058
            ]
        ]
    },
    "ACC": {
        "means": [
            0.8356605800214822,
            0.7439312567132117,
            0.704189044038668,
            0.7155746509129968,
            0.6294307196562835,
            0.5995703544575726
        ],
        "stds": [
            0.0029611275514694387,
            0.014080317601008733,
            0.008924845575871527,
            0.0008037932087591889,
            0.05513877457239298,
            0.07664809043453039
        ],
        "medians": [
            0.8345864661654135
        ],
        "q1": [
            0.8345864661654135
        ],
        "q3": [
            0.8378088077336198
        ],
        "budgets": [
            0,
            372,
            744,
            1116,
            1488,
            1861
        ],
        "values": [
            [
                0.8345864661654135,
                0.8378088077336198,
                0.8399570354457573,
                0.8345864661654135,
                0.8313641245972073
            ]
        ]
    },
    "F1": {
        "means": [
            0.7520256696721268,
            0.5839562404870623,
            0.4573164344539119,
            0.4741850484395216,
            0.3409913371683199,
            0.3327174068847505
        ],
        "stds": [
            0.004475501170668113,
            0.03279183539305818,
            0.08372182250828306,
            0.0016729243654885037,
            0.10617267614876291,
            0.17236264138654248
        ],
        "medians": [
            0.7508090614886731
        ],
        "q1": [
            0.7499999999999999
        ],
        "q3": [
            0.7552674230145867
        ],
        "budgets": [
            0,
            372,
            744,
            1116,
            1488,
            1861
        ],
        "values": [
            [
                0.7499999999999999,
                0.7552674230145867,
                0.7585089141004863,
                0.7508090614886731,
                0.7455429497568881
            ]
        ]
    },