{
    "AUC": {
        "means": [
            0.7097849956590573,
            0.6932577498595577,
            0.6804524794443594,
            0.6585179510750216,
            0.6563107093611154,
            0.6397232010622541
        ],
        "stds": [
            0.0,
            0.006001068676438207,
            0.0055684576057101936,
            0.008280299395193084,
            0.0059705403734888985,
            0.012498349900021374
        ],
        "medians": [
            0.7097849956590573,
            0.693621367652316,
            0.6809560288034319,
            0.6633369082273632,
            0.6556457790715489,
            0.6429497982738368
        ],
        "q1": [
            0.7097849956590573,
            0.6868341759869261,
            0.6806393953322099,
            0.6486083448240642,
            0.6542209284510494,
            0.6258924467596139
        ],
        "q3": [
            0.7097849956590573,
            0.6984730095500741,
            0.682912006536949,
            0.6650783923190848,
            0.657300444308258,
            0.6480363617792758
        ],
        "budgets": [
            0,
            74,
            148,
            222,
            296,
            372
        ],
        "values": [
            [
                0.7097849956590573,
                0.7097849956590573,
                0.7097849956590573,
                0.7097849956590573,
                0.7097849956590573
            ],
            [
                0.701133752106634,
                0.693621367652316,
                0.6984730095500741,
                0.6862264440018384,
                0.6868341759869261
            ],
            [
                0.682912006536949,
                0.6873550891170012,
                0.6806393953322099,
                0.6809560288034319,
                0.6703998774322047
            ],
            [
                0.6483683162249119,
                0.6633369082273632,
                0.6671977937796844,
                0.6650783923190848,
                0.6486083448240642
            ],
            [
                0.6556457790715489,
                0.657300444308258,
                0.6479495429242633,
                0.6664368520504571,
                0.6542209284510494
            ],
            [
                0.6258924467596139,
                0.6429497982738368,
                0.6480363617792758,
                0.6249374393544762,
                0.6567999591440682
            ]
        ]
    },
    "SPD": {
        "means": [
            0.37075905147044863,
            0.3689933739629018,
            0.3647215735414175,
            0.3429970951757134,
            0.2877722086157468,
            0.30470942264244083
        ],
        "stds": [
            0.0,
            0.008423840345038257,
            0.018092362219363896,
            0.03826124535694293,
            0.02717122445198756,
            0.0541951904885728
        ],
        "medians": [
            0.37075905147044863,
            0.36634485770158154,
            0.36449849063051776,
            0.351977368950656,
            0.28166353401302424,
            0.34204305974824856
        ],
        "q1": [
            0.37075905147044863,
            0.36450323707543053,
            0.3552998803895882,
            0.3022820907140552,
            0.26619961648725105,
            0.26104497731199333
        ],
        "q3": [
            0.37075905147044863,
            0.36928765354749293,
            0.3725959256516869,
            0.3799576617113781,
            0.2960167834292115,
            0.3475631751817888
        ],
        "budgets": [
            0,
            74,
            148,
            222,
            296,
            372
        ],
        "values": [
            [
                0.37075905147044863,
                0.37075905147044863,
                0.37075905147044863,
                0.37075905147044863,
                0.37075905147044863
            ],
            [
                0.36634485770158154,
                0.3600842968616506,
                0.36928765354749293,
                0.36450323707543053,
                0.3847468246283534
            ],
            [
                0.36449849063051776,
                0.3552998803895882,
                0.3725959256516869,
                0.3383645649408593,
                0.3928490060944353
            ],
            [
                0.3799576617113781,
                0.2945501319511686,
                0.351977368950656,
                0.3022820907140552,
                0.3862182225513091
            ],
            [
                0.3357777524634049,
                0.26619961648725105,
                0.2960167834292115,
                0.2592033566858423,
                0.28166353401302424
            ],
            [
                0.3475631751817888,
                0.26104497731199333,
                0.34204305974824856,
                0.21980786390993146,
                0.35308803706024183
            ]
        ]
    },
    "EO": {
        "means": [
            0.5704941860465116,
            0.5631782945736434,
            0.5605862403100775,
            0.526187015503876,
            0.4360222868217054,
            0.4485222868217054
        ],
        "stds": [
            0.0,
            0.009573121141169698,
            0.01866370004908628,
            0.04677479499477338,
            0.03697053066141429,
            0.07486111867145492
        ],
        "medians": [
            0.5704941860465116,
            0.5651647286821705,
            0.5575339147286822,
            0.5393653100775193,
            0.43507751937984496,
            0.4949127906976744
        ],
        "q1": [
            0.5704941860465116,
            0.5522044573643411,
            0.5547480620155039,
            0.4739583333333333,
            0.4114583333333333,
            0.4114583333333333
        ],
        "q3": [
            0.5704941860465116,
            0.5704941860465116,
            0.5601986434108527,
            0.5679505813953488,
            0.4427083333333333,
            0.5079941860465116
        ],
        "budgets": [
            0,
            74,
            148,
            222,
            296,
            372
        ],
        "values": [
            [
                0.5704941860465116,
                0.5704941860465116,
                0.5704941860465116,
                0.5704941860465116,
                0.5704941860465116
            ],
            [
                0.5651647286821705,
                0.5522044573643411,
                0.5704941860465116,
                0.5522044573643411,
                0.5758236434108527
            ],
            [
                0.5575339147286822,
                0.5547480620155039,
                0.5601986434108527,
                0.5364583333333334,
                0.5939922480620154
            ],
            [
                0.5679505813953488,
                0.46875,
                0.5393653100775193,
                0.4739583333333333,
                0.5809108527131783
            ],
            [
                0.5002422480620154,
                0.4114583333333333,
                0.43507751937984496,
                0.390625,
                0.4427083333333333
            ],
            [
                0.5079941860465116,
                0.4114583333333333,
                0.4949127906976744,
                0.31770833333333337,
                0.5105377906976744
            ]
        ]
    },
    "ACC": {
        "means": [
            0.7336197636949516,
            0.7336197636949516,
            0.7331901181525241,
            0.722234156820623,
            0.711922663802363,
            0.7114930182599355
        ],