{
    "AUC": {
        "means": [
            0.749583780195087,
            0.6574587610438691,
            0.6574577396455747,
            0.5549205862826208,
            0.5266125325570706,
            0.43011592870639903
        ],
        "stds": [
            0.0,
            0.0,
            2.042796588586082e-06,
            0.06917141548117223,
            0.11831750456263039,
            5.551115123125783e-17
        ],
        "medians": [
            0.749583780195087
        ],
        "q1": [
            0.749583780195087
        ],
        "q3": [
            0.749583780195087
        ],
        "budgets": [
            0,
            186,
            372,
            558,
            744,
            930
        ],
        "values": [
            [
                0.749583780195087,
                0.749583780195087,
                0.749583780195087,
                0.749583780195087,
                0.749583780195087
            ]
        ]
    },
    "SPD": {
        "means": [
            0.3799529152664654,
            0.3420383133033358,
            0.3420383133033358,
            0.13006208349945889,
            0.2218668717130869,
            0.06813996316758748
        ],
        "stds": [
            0.0,
            0.0,
            0.0,
            0.12679313822410188,
            0.1934537580035421,
            0.0
        ],
        "medians": [
            0.3799529152664654
        ],
        "q1": [
            0.3799529152664654
        ],
        "q3": [
            0.3799529152664654
        ],
        "budgets": [
            0,
            186,
            372,
            558,
            744,
            930
        ],
        "values": [
            [
                0.3799529152664654,
                0.3799529152664654,
                0.3799529152664654,
                0.3799529152664654,
                0.3799529152664654
            ]
        ]
    },
    "EO": {
        "means": [
            0.5734011627906976,
            0.49757751937984496,
            0.49757751937984496,
            0.2707122093023256,
            0.3397771317829458,
            0.18604651162790697
        ],
        "stds": [
            0.0,
            5.551115123125783e-17,
            5.551115123125783e-17,
            0.1616579963812578,
            0.18855213225194037,
            0.0
        ],
        "medians": [
            0.5734011627906976
        ],
        "q1": [
            0.5734011627906976
        ],
        "q3": [
            0.5734011627906976
        ],
        "budgets": [
            0,
            186,
            372,
            558,
            744,
            930
        ],
        "values": [
            [
                0.5734011627906976,
                0.5734011627906976,
                0.5734011627906976,
                0.5734011627906976,
                0.5734011627906976
            ]
        ]
    },
    "ACC": {
        "means": [
            0.728249194414608,
            0.7099892588614393,
            0.7099892588614393,
            0.6835660580021482,
            0.678625134264232,
            0.6670247046186896
        ],
        "stds": [
            0.0,
            0.0,
            0.0,
            0.02568547398949109,
            0.028283275949505957,
            0.0
        ],
        "medians": [
            0.728249194414608
        ],
        "q1": [
            0.728249194414608
        ],
        "q3": [
            0.728249194414608
        ],
        "budgets": [
            0,
            186,
            372,
            558,
            744,
            930
        ],
        "values": [
            [
                0.728249194414608,
                0.728249194414608,
                0.728249194414608,
                0.728249194414608,
                0.728249194414608
            ]
        ]
    },
    "F1": {
        "means": [
            0.5068226120857701,
            0.43277310924369744,
            0.43277310924369744,
            0.2225853925125459,
            0.2945228191200963,
            0.1340782122905028
        ],
        "stds": [
            0.0,
            0.0,
            0.0,
            0.1480452052954221,
            0.1970123359857721,
            0.0
        ],
        "medians": [
            0.5068226120857701
        ],
        "q1": [
            0.5068226120857701
        ],
        "q3": [
            0.5068226120857701
        ],
        "budgets": [
            0,
            186,
            372,
            558,
            744,
            930
        ],
        "values": [
            [
                0.5068226120857701,
                0.5068226120857701,
                0.5068226120857701,
                0.5068226120857701,
                0.5068226120857701
            ]
        ]
    },
    "col_list": [
        [
            [
                "Y"
            ],
            [
                "Y"
            ],
            [
                "Y"
            ],
            [
                "Y"
            ],
            [
                "Y"
            ]
        ],
        [
            [
                "EverBenched",
                "Y"
            ],
            [
                "EverBenched",
                "Y"
            ],
            [
                "EverBenched",
                "Y"
            ],
            [
                "EverBenched",
                "Y"
            ],
            [
                "EverBenched",
                "Y"
            ]
        ],
        [
            [
                "EverBenched",
                "Y"
            ],
            [
                "EverBenched",
                "Y"
            ],
            [
                "EverBenched",
                "Y"
            ],
            [
                "EverBenched",
                "Y"
            ],
            [
                "EverBenched",
                "Y"
            ]
        ],
        [
            [
                "City_New_Delhi",
                "Gender",
                "Y"
            ],
            [
                "City_New_Delhi",
                "Gender",
                "Y"
            ],
            [
                "City_New_Delhi",
                "Gender",
                "Y"
            ],
            [
                "City_New_Delhi",
                "Gender",
                "Y"
            ],
            [
                "City_New_Delhi",
                "Gender",
                "Y"
            ]
        ],
        [
            [
                "City_New_Delhi",
                "Gender",
                "Y"
            ],
            [
                "City_New_Delhi",
                "Gender",
                "Y"
            ],
            [
                "City_New_Delhi",
                "Gender",
                "Y"
            ],
            [
                "City_New_Delhi",
                "Gender",
                "Y"
            ],
            [
                "City_New_Delhi",
                "Gender",
                "Y"
            ]
        ],
        [
            [
                "Gender",
                "Y"
            ],
            [
                "Gender",
                "Y"
            ],
            [
                "Gender",
                "Y"
            ],
            [
                "Gender",
                "Y"
            ],
            [
                "Gender",
                "Y"
            ]
        ]
    ],