{
    "AUC": {
        "means": [
            0.749583780195087,
            0.7451417190133292,
            0.6945702466676881,
            0.6574587610438691,
            0.6574587610438691,
            0.6574577396455747
        ],
        "stds": [
            0.0,
            0.0020822987277667885,
            0.0008945688255022801,
            0.0,
            0.0,
            2.042796588586082e-06
        ],
        "medians": [
            0.749583780195087,
            0.7437413819518921,
            0.6949798273836882,
            0.6574587610438691,
            0.6574587610438691,
            0.6574587610438691
        ],
        "q1": [
            0.749583780195087,
            0.7435064603442112,
            0.6935651907461313,
            0.6574587610438691,
            0.6574587610438691,
            0.657458761043869
        ],
        "q3": [
            0.749583780195087,
            0.7473520249221184,
            0.6952811398804963,
            0.6574587610438691,
            0.6574587610438691,
            0.6574587610438691
        ],
        "budgets": [
            0,
            74,
            148,
            223,
            297,
            372
        ],
        "values": [
            [
                0.749583780195087,
                0.749583780195087,
                0.749583780195087,
                0.749583780195087,
                0.749583780195087
            ],
            [
                0.7431234359838619,
                0.7473520249221184,
                0.7479852918645626,
                0.7435064603442112,
                0.7437413819518921
            ],
            [
                0.6949798273836882,
                0.6934375159593483,
                0.6935651907461313,
                0.6952811398804963,
                0.6955875593687758
            ],
            [
                0.6574587610438691,
                0.6574587610438691,
                0.6574587610438691,
                0.6574587610438691,
                0.6574587610438691
            ],
            [
                0.6574587610438691,
                0.6574587610438691,
                0.6574587610438691,
                0.6574587610438691,
                0.6574587610438691
            ],
            [
                0.6574587610438691,
                0.6574587610438691,
                0.657458761043869,
                0.6574587610438691,
                0.6574536540523976
            ]
        ]
    },
    "SPD": {
        "means": [
            0.3799529152664654,
            0.37000436672931974,
            0.34063906134305405,
            0.3420383133033358,
            0.3420383133033358,
            0.3420383133033358
        ],
        "stds": [
            0.0,
            0.004172147217534216,
            0.00218927403511005,
            0.0,
            0.0,
            0.0
        ],
        "medians": [
            0.3799529152664654,
            0.3688936986197338,
            0.3420383133033358,
            0.3420383133033358,
            0.3420383133033358,
            0.3420383133033358
        ],
        "q1": [
            0.3799529152664654,
            0.36815799965825596,
            0.3394609937157069,
            0.3420383133033358,
            0.3420383133033358,
            0.3420383133033358
        ],
        "q3": [
            0.3799529152664654,
            0.37406257712972985,
            0.3420383133033358,
            0.3420383133033358,
            0.3420383133033358,
            0.3420383133033358
        ],
        "budgets": [
            0,
            74,
            148,
            223,
            297,
            372
        ],
        "values": [
            [
                0.3799529152664654,
                0.3799529152664654,
                0.3799529152664654,
                0.3799529152664654,
                0.3799529152664654
            ],
            [
                0.3637390594444761,
                0.37406257712972985,
                0.375168498794403,
                0.3688936986197338,
                0.36815799965825596
            ],
            [
                0.33688367412807807,
                0.3420383133033358,
                0.3427740122648137,
                0.3394609937157069,
                0.3420383133033358
            ],
            [
                0.3420383133033358,
                0.3420383133033358,
                0.3420383133033358,
                0.3420383133033358,
                0.3420383133033358
            ],
            [
                0.3420383133033358,
                0.3420383133033358,
                0.3420383133033358,
                0.3420383133033358,
                0.3420383133033358
            ],
            [
                0.3420383133033358,
                0.3420383133033358,
                0.3420383133033358,
                0.3420383133033358,
                0.3420383133033358
            ]
        ]
    },
    "EO": {
        "means": [
            0.5734011627906976,
            0.5284883720930231,
            0.4934108527131783,
            0.49757751937984496,
            0.49757751937984496,
            0.49757751937984496
        ],
        "stds": [
            0.0,
            0.024139189790566035,
            0.006909634979907049,
            5.551115123125783e-17,
            5.551115123125783e-17,
            5.551115123125783e-17
        ],
        "medians": [
            0.5734011627906976,
            0.514171511627907,
            0.49236918604651164,
            0.497577519379845,
            0.497577519379845,
            0.497577519379845
        ],
        "q1": [
            0.5734011627906976,
            0.5089631782945736,
            0.49236918604651164,
            0.497577519379845,
            0.497577519379845,
            0.497577519379845
        ],
        "q3": [
            0.5734011627906976,
            0.5577761627906976,
            0.497577519379845,
            0.497577519379845,
            0.497577519379845,
            0.497577519379845
        ],
        "budgets": [
            0,
            74,
            148,
            223,
            297,
            372
        ],
        "values": [
            [
                0.5734011627906976,
                0.5734011627906976,
                0.5734011627906976,
                0.5734011627906976,
                0.5734011627906976
            ],
            [
                0.5037548449612402,
                0.5577761627906976,
                0.5577761627906976,
                0.514171511627907,
                0.5089631782945736
            ],
            [
                0.481952519379845,
                0.497577519379845,
                0.5027858527131782,
                0.49236918604651164,
                0.49236918604651164
            ],
            [
                0.497577519379845,
                0.497577519379845,
                0.497577519379845,
                0.497577519379845,
                0.497577519379845
            ],
            [
                0.497577519379845,
                0.497577519379845,
                0.497577519379845,
                0.497577519379845,
                0.497577519379845
            ],
            [
                0.497577519379845,
                0.497577519379845,
                0.497577519379845,
                0.497577519379845,
                0.497577519379845
            ]
        ]
    },
    "ACC": {
        "means": [
            0.728249194414608,
            0.7288936627282492,
            0.708485499462943,
            0.7099892588614393,
            0.7099892588614393,
            0.7099892588614393
        ],
        "stds": [
            0.0,
            0.0016075864175183214,
            0.0016075864175183214,
            0.0,
            0.0,
            0.0
        ],