{
    "AUC": {
        "means": [
            0.7605821970277309,
            0.6709698176804044,
            0.5513375210663398,
            0.47308206935294417,
            0.4723160206322454,
            0.4362575966498136
        ],
        "stds": [
            0.0025290749917852005,
            0.047523305828301894,
            0.031037009583395354,
            0.011433237689095519,
            0.009983256549684232,
            0.018942523146004326
        ],
        "medians": [
            0.7610336550737961
        ],
        "q1": [
            0.7580103161227719
        ],
        "q3": [
            0.7624329707369388
        ],
        "budgets": [
            0,
            372,
            744,
            1116,
            1488,
            1861
        ],
        "values": [
            [
                0.7574230121035698,
                0.7580103161227719,
                0.764011031101578,
                0.7624329707369388,
                0.7610336550737961
            ]
        ]
    },
    "SPD": {
        "means": [
            0.38915437337434267,
            0.3409134058590116,
            0.19119724326479468,
            0.24935543278084715,
            0.32657154791061493,
            0.7013441931992938
        ],
        "stds": [
            0.00869774839459966,
            0.043005613641963356,
            0.013647586496604901,
            0.003415697420072086,
            0.1541013254309135,
            0.22410176558853628
        ],
        "medians": [
            0.3920990677982191
        ],
        "q1": [
            0.39099789257845874
        ],
        "q3": [
            0.3935752121660876
        ],
        "budgets": [
            0,
            372,
            744,
            1116,
            1488,
            1861
        ],
        "values": [
            [
                0.3968834842702816,
                0.37221621005866606,
                0.39099789257845874,
                0.3920990677982191,
                0.3935752121660876
            ]
        ]
    },
    "EO": {
        "means": [
            0.5570494186046512,
            0.5103682170542635,
            0.13921996124031008,
            0.4356589147286821,
            0.4656492248062015,
            0.6347383720930232
        ],
        "stds": [
            0.014864440574038153,
            0.016273336995845353,
            0.018015765406079118,
            0.01503156544935295,
            0.06477341732695602,
            0.10141756706016931
        ],
        "medians": [
            0.5555959302325582
        ],
        "q1": [
            0.5477228682170543
        ],
        "q3": [
            0.5580184108527131
        ],
        "budgets": [
            0,
            372,
            744,
            1116,
            1488,
            1861
        ],
        "values": [
            [
                0.5399709302325582,
                0.5477228682170543,
                0.5580184108527131,
                0.5555959302325582,
                0.5839389534883721
            ]
        ]
    },
    "ACC": {
        "means": [
            0.7366272824919442,
            0.7321160042964554,
            0.6764769065520945,
            0.6305048335123523,
            0.59656283566058,
            0.4464017185821697
        ],
        "stds": [
            0.004774674709106923,
            0.006358173399333495,
            0.006240961996276655,
            0.004349829587823088,
            0.06694271886725982,
            0.09047737353806365
        ],
        "medians": [
            0.7368421052631579
        ],
        "q1": [
            0.7357679914070892
        ],
        "q3": [
            0.7400644468313641
        ],
        "budgets": [
            0,
            372,
            744,
            1116,
            1488,
            1861
        ],
        "values": [
            [
                0.728249194414608,
                0.7400644468313641,
                0.7368421052631579,
                0.7422126745435016,
                0.7357679914070892
            ]
        ]
    },
    "F1": {
        "means": [
            0.5972223009057569,
            0.5415148783305327,
            0.3076519335549229,
            0.20326287157208003,
            0.258751671710993,
            0.46716034496718145
        ],
        "stds": [
            0.004532222175943899,
            0.02650053414377,
            0.09830273349547648,
            0.027436180567783557,
            0.12674206339477523,
            0.12583524299730459
        ],
        "medians": [
            0.5985611510791365
        ],
        "q1": [
            0.5965909090909091
        ],
        "q3": [
            0.5988023952095808
        ],
        "budgets": [
            0,
            372,
            744,
            1116,
            1488,
            1861
        ],
        "values": [
            [
                0.5965909090909091,
                0.589171974522293,
                0.5985611510791365,
                0.5988023952095808,
                0.6029850746268656
            ]
        ]
    },
    "col_list": [
        [
            [
                "Y"
            ],
            [
                "Y"
            ],
            [
                "Y"
            ],
            [
                "Y"
            ],
            [
                "Y"
            ]
        ],
        [
            [
                "Education",
                "Age",
                "City_Pune",
                "Y"
            ],
            [
                "Education",
                "Age",
                "City_Pune",
                "Y"
            ],
            [
                "Education",
                "Age",
                "City_Pune",
                "Y"
            ],
            [
                "Education",
                "Age",
                "City_Pune",
                "Y"
            ],
            [
                "Education",
                "Age",
                "City_Pune",
                "Y"
            ]
        ],
        [
            [
                "PaymentTier",
                "Age",
                "Y"
            ],
            [
                "PaymentTier",
                "Age",
                "Y"
            ],
            [
                "PaymentTier",
                "Age",
                "Y"
            ],
            [
                "PaymentTier",
                "Age",
                "Y"
            ],
            [
                "PaymentTier",
                "Age",
                "Y"
            ]
        ],
        [
            [
                "Gender",
                "Y"
            ],
            [
                "Gender",
                "Y"
            ],
            [
                "Gender",
                "Y"
            ],
            [
                "Gender",
                "Y"
            ],
            [
                "Gender",
                "Y"
            ]
        ],
        [
            [
                "Gender",
                "Y"
            ],
            [
                "Gender",
                "Y"
            ],
            [
                "Gender",
                "Y"
            ],
            [
                "Gender",
                "Y"
            ],
            [
                "Gender",
                "Y"
            ]
        ],
        [
            [
                "Gender",
                "Y"
            ],
            [
                "Gender",
                "Y"
            ],
            [
                "Gender",
                "Y"
            ],
            [
                "Gender",
                "Y"
            ],
            [
                "Gender",
                "Y"
            ]
        ]
    ],