{
    "AUC": {
        "means": [
            0.7491139369797252,
            0.6716245339870281,
            0.5473826668709463,
            0.46593125989479606,
            0.45313467136509883,
            0.4312675552831826
        ],
        "stds": [
            0.0,
            0.006100680765766971,
            0.058613251931417004,
            0.05474428798929733,
            0.038339698252996476,
            0.0
        ],
        "medians": [
            0.7491139369797252
        ],
        "q1": [
            0.7491139369797252
        ],
        "q3": [
            0.7491139369797252
        ],
        "budgets": [
            0,
            186,
            372,
            558,
            744,
            930
        ],
        "values": [
            [
                0.7491139369797252,
                0.7491139369797252,
                0.7491139369797252,
                0.7491139369797252,
                0.7491139369797252
            ]
        ]
    },
    "SPD": {
        "means": [
            0.41198667198268496,
            0.3549201647965674,
            0.1258121167245733,
            0.04452734901558732,
            0.020994475138121547,
            0.06261510128913444
        ],
        "stds": [
            0.0,
            0.012932219938692136,
            0.15861260645792527,
            0.0744220591768556,
            0.01988950276243094,
            0.0
        ],
        "medians": [
            0.41198667198268496
        ],
        "q1": [
            0.41198667198268496
        ],
        "q3": [
            0.41198667198268496
        ],
        "budgets": [
            0,
            186,
            372,
            558,
            744,
            930
        ],
        "values": [
            [
                0.41198667198268496,
                0.41198667198268496,
                0.41198667198268496,
                0.41198667198268496,
                0.41198667198268496
            ]
        ]
    },
    "EO": {
        "means": [
            0.6073158914728682,
            0.5238129844961239,
            0.18032945736434108,
            0.08934108527131783,
            0.05581395348837209,
            0.16279069767441862
        ],
        "stds": [
            0.0,
            0.028264297177485284,
            0.22213884959945007,
            0.13271501212237322,
            0.05220917283870615,
            0.0
        ],
        "medians": [
            0.6073158914728682
        ],
        "q1": [
            0.6073158914728682
        ],
        "q3": [
            0.6073158914728682
        ],
        "budgets": [
            0,
            186,
            372,
            558,
            744,
            930
        ],
        "values": [
            [
                0.6073158914728682,
                0.6073158914728682,
                0.6073158914728682,
                0.6073158914728682,
                0.6073158914728682
            ]
        ]
    },
    "ACC": {
        "means": [
            0.7379162191192267,
            0.719656283566058,
            0.6395273899033297,
            0.6378088077336198,
            0.6584317937701396,
            0.6638023630504833
        ],
        "stds": [
            0.0,
            0.017226053874740688,
            0.022238048196962464,
            0.03911544552732876,
            0.0028821499172929877,
            0.0
        ],
        "medians": [
            0.7379162191192267
        ],
        "q1": [
            0.7379162191192267
        ],
        "q3": [
            0.7379162191192267
        ],
        "budgets": [
            0,
            186,
            372,
            558,
            744,
            930
        ],
        "values": [
            [
                0.7379162191192267,
                0.7379162191192267,
                0.7379162191192267,
                0.7379162191192267,
                0.7379162191192267
            ]
        ]
    },
    "F1": {
        "means": [
            0.5325670498084291,
            0.46854791409441027,
            0.18424943484284984,
            0.10082002839221278,
            0.04206396588486141,
            0.11830985915492957
        ],
        "stds": [
            0.0,
            0.019745879910983512,
            0.22591972354840523,
            0.16514093068999594,
            0.0387474391645101,
            0.0
        ],
        "medians": [
            0.5325670498084291
        ],
        "q1": [
            0.5325670498084291
        ],
        "q3": [
            0.5325670498084291
        ],
        "budgets": [
            0,
            186,
            372,
            558,
            744,
            930
        ],
        "values": [
            [
                0.5325670498084291,
                0.5325670498084291,
                0.5325670498084291,
                0.5325670498084291,
                0.5325670498084291
            ]
        ]
    },
    "col_list": [
        [
            [
                "Y"
            ],
            [
                "Y"
            ],
            [
                "Y"
            ],
            [
                "Y"
            ],
            [
                "Y"
            ]
        ],
        [
            [
                "Age",
                "JoiningYear",
                "Y"
            ],
            [
                "Age",
                "JoiningYear",
                "Y"
            ],
            [
                "Age",
                "JoiningYear",
                "Y"
            ],
            [
                "Age",
                "JoiningYear",
                "Y"
            ],
            [
                "Age",
                "JoiningYear",
                "Y"
            ]
        ],
        [
            [
                "Age",
                "JoiningYear",
                "Y"
            ],
            [
                "Age",
                "JoiningYear",
                "Y"
            ],
            [
                "Age",
                "JoiningYear",
                "Y"
            ],
            [
                "Age",
                "JoiningYear",
                "Y"
            ],
            [
                "Age",
                "JoiningYear",
                "Y"
            ]
        ],
        [
            [
                "Age",
                "Gender",
                "Y"
            ],
            [
                "Age",
                "Gender",
                "Y"
            ],
            [
                "Age",
                "Gender",
                "Y"
            ],
            [
                "Age",
                "Gender",
                "Y"
            ],
            [
                "Age",
                "Gender",
                "Y"
            ]
        ],
        [
            [
                "Age",
                "Gender",
                "Y"
            ],
            [
                "Age",
                "Gender",
                "Y"
            ],
            [
                "Age",
                "Gender",
                "Y"
            ],
            [
                "Age",
                "Gender",
                "Y"
            ],
            [
                "Age",
                "Gender",
                "Y"
            ]
        ],
        [
            [
                "Gender",
                "Y"
            ],
            [
                "Gender",
                "Y"
            ],
            [
                "Gender",
                "Y"
            ],
            [
                "Gender",
                "Y"
            ],
            [
                "Gender",
                "Y"
            ]
        ]
    ],