{
    "AUC": {
        "means": [
            0.7491139369797252,
            0.6995863336908226,
            0.6995863336908226,
            0.6070915683570808,
            0.5256942954905266,
            0.429035800010214
        ],
        "stds": [
            0.0,
            0.0,
            0.0,
            0.059553728651768036,
            0.11849541445733028,
            5.551115123125783e-17
        ],
        "medians": [
            0.7491139369797252
        ],
        "q1": [
            0.7491139369797252
        ],
        "q3": [
            0.7491139369797252
        ],
        "budgets": [
            0,
            186,
            372,
            558,
            744,
            930
        ],
        "values": [
            [
                0.7491139369797252,
                0.7491139369797252,
                0.7491139369797252,
                0.7491139369797252,
                0.7491139369797252
            ]
        ]
    },
    "SPD": {
        "means": [
            0.41198667198268496,
            0.3501404947694177,
            0.3501404947694177,
            0.18976951263503636,
            0.205806800706271,
            0.03314917127071823
        ],
        "stds": [
            0.0,
            0.0,
            0.0,
            0.18873240753581577,
            0.21328177822488636,
            0.0
        ],
        "medians": [
            0.41198667198268496
        ],
        "q1": [
            0.41198667198268496
        ],
        "q3": [
            0.41198667198268496
        ],
        "budgets": [
            0,
            186,
            372,
            558,
            744,
            930
        ],
        "values": [
            [
                0.41198667198268496,
                0.41198667198268496,
                0.41198667198268496,
                0.41198667198268496,
                0.41198667198268496
            ]
        ]
    },
    "EO": {
        "means": [
            0.6073158914728682,
            0.5184108527131782,
            0.5184108527131782,
            0.28873546511627907,
            0.27461240310077517,
            0.10077519379844961
        ],
        "stds": [
            0.0,
            0.0,
            0.0,
            0.22613112964899668,
            0.21376585035786233,
            0.0
        ],
        "medians": [
            0.6073158914728682
        ],
        "q1": [
            0.6073158914728682
        ],
        "q3": [
            0.6073158914728682
        ],
        "budgets": [
            0,
            186,
            372,
            558,
            744,
            930
        ],
        "values": [
            [
                0.6073158914728682,
                0.6073158914728682,
                0.6073158914728682,
                0.6073158914728682,
                0.6073158914728682
            ]
        ]
    },
    "ACC": {
        "means": [
            0.7379162191192267,
            0.7207303974221267,
            0.7207303974221267,
            0.6928034371643395,
            0.676047261009667,
            0.6638023630504833
        ],
        "stds": [
            0.0,
            0.0,
            0.0,
            0.033439288001754164,
            0.028977991370856698,
            0.0
        ],
        "medians": [
            0.7379162191192267
        ],
        "q1": [
            0.7379162191192267
        ],
        "q3": [
            0.7379162191192267
        ],
        "budgets": [
            0,
            186,
            372,
            558,
            744,
            930
        ],
        "values": [
            [
                0.7379162191192267,
                0.7379162191192267,
                0.7379162191192267,
                0.7379162191192267,
                0.7379162191192267
            ]
        ]
    },
    "F1": {
        "means": [
            0.5325670498084291,
            0.4514767932489451,
            0.4514767932489451,
            0.2656201311109151,
            0.25947211565217365,
            0.07669616519174041
        ],
        "stds": [
            0.0,
            5.551115123125783e-17,
            5.551115123125783e-17,
            0.2026277218247402,
            0.22420781458026615,
            0.0
        ],
        "medians": [
            0.5325670498084291
        ],
        "q1": [
            0.5325670498084291
        ],
        "q3": [
            0.5325670498084291
        ],
        "budgets": [
            0,
            186,
            372,
            558,
            744,
            930
        ],
        "values": [
            [
                0.5325670498084291,
                0.5325670498084291,
                0.5325670498084291,
                0.5325670498084291,
                0.5325670498084291
            ]
        ]
    },
    "col_list": [
        [
            [
                "Y"
            ],
            [
                "Y"
            ],
            [
                "Y"
            ],
            [
                "Y"
            ],
            [
                "Y"
            ]
        ],
        [
            [
                "EverBenched",
                "Y"
            ],
            [
                "EverBenched",
                "Y"
            ],
            [
                "EverBenched",
                "Y"
            ],
            [
                "EverBenched",
                "Y"
            ],
            [
                "EverBenched",
                "Y"
            ]
        ],
        [
            [
                "EverBenched",
                "Y"
            ],
            [
                "EverBenched",
                "Y"
            ],
            [
                "EverBenched",
                "Y"
            ],
            [
                "EverBenched",
                "Y"
            ],
            [
                "EverBenched",
                "Y"
            ]
        ],
        [
            [
                "City_New_Delhi",
                "Gender",
                "Y"
            ],
            [
                "City_New_Delhi",
                "Gender",
                "Y"
            ],
            [
                "City_New_Delhi",
                "Gender",
                "Y"
            ],
            [
                "City_New_Delhi",
                "Gender",
                "Y"
            ],
            [
                "City_New_Delhi",
                "Gender",
                "Y"
            ]
        ],
        [
            [
                "City_New_Delhi",
                "Gender",
                "Y"
            ],
            [
                "City_New_Delhi",
                "Gender",
                "Y"
            ],
            [
                "City_New_Delhi",
                "Gender",
                "Y"
            ],
            [
                "City_New_Delhi",
                "Gender",
                "Y"
            ],
            [
                "City_New_Delhi",
                "Gender",
                "Y"
            ]
        ],
        [
            [
                "Gender",
                "Y"
            ],
            [
                "Gender",
                "Y"
            ],
            [
                "Gender",
                "Y"
            ],
            [
                "Gender",
                "Y"
            ],
            [
                "Gender",
                "Y"
            ]
        ]
    ],