{
    "AUC": {
        "means": [
            0.749583780195087,
            0.7291129155814311,
            0.7120892702109187,
            0.6724191818599663,
            0.6540432051478474,
            0.636286195802053
        ],
        "stds": [
            0.0,
            0.0011295141245902922,
            0.00992188027458744,
            0.019700888952671736,
            0.02399060726685889,
            0.02886747271680194
        ],
        "medians": [
            0.749583780195087,
            0.7289259996935806,
            0.70593943108115,
            0.6619835554874622,
            0.6454369031203717,
            0.6454369031203717
        ],
        "q1": [
            0.749583780195087,
            0.7281956999131811,
            0.7031816556866349,
            0.658592513150503,
            0.643016189162964,
            0.6176650834993106
        ],
        "q3": [
            0.749583780195087,
            0.7299218630304888,
            0.7238853991113835,
            0.672437567029263,
            0.6469332516214699,
            0.6469332516214699
        ],
        "budgets": [
            0,
            74,
            148,
            223,
            297,
            372
        ],
        "values": [
            [
                0.749583780195087,
                0.749583780195087,
                0.749583780195087,
                0.749583780195087,
                0.749583780195087
            ],
            [
                0.7299218630304888,
                0.7289259996935806,
                0.7277105357234054,
                0.7308104795464991,
                0.7281956999131811
            ],
            [
                0.7238853991113835,
                0.7029824830192534,
                0.70593943108115,
                0.7031816556866349,
                0.7244573821561717
            ],
            [
                0.7104897604821,
                0.6619835554874622,
                0.672437567029263,
                0.658592513150503,
                0.658592513150503
            ],
            [
                0.701133752106634,
                0.6469332516214699,
                0.643016189162964,
                0.6336959297277973,
                0.6454369031203717
            ],
            [
                0.6454369031203717,
                0.6469332516214699,
                0.6176650834993106,
                0.5931413104540115,
                0.6782544303151014
            ]
        ]
    },
    "SPD": {
        "means": [
            0.3799529152664654,
            0.3753184864536462,
            0.3488076930379146,
            0.33466233790890626,
            0.3155854265155399,
            0.28965844582407774
        ],
        "stds": [
            0.0,
            0.01584849871480502,
            0.03114156728478499,
            0.028427116451670294,
            0.03434865655922156,
            0.03897866723368989
        ],
        "medians": [
            0.3799529152664654,
            0.3751732452393158,
            0.3324694803592109,
            0.313692544284331,
            0.30927360407055116,
            0.3041189648952934
        ],
        "q1": [
            0.3799529152664654,
            0.3667055875149513,
            0.32289590097017334,
            0.313692544284331,
            0.3041189648952934,
            0.2683117844734294
        ],
        "q3": [
            0.3799529152664654,
            0.3755434679425111,
            0.38509806155189763,
            0.3655522014011505,
            0.32319018055476445,
            0.30927360407055116
        ],
        "budgets": [
            0,
            74,
            148,
            223,
            297,
            372
        ],
        "values": [
            [
                0.3799529152664654,
                0.3799529152664654,
                0.3799529152664654,
                0.3799529152664654,
                0.3799529152664654
            ],
            [
                0.3755434679425111,
                0.3751732452393158,
                0.3556558637580452,
                0.3667055875149513,
                0.4035142678134077
            ],
            [
                0.38509806155189763,
                0.32289590097017334,
                0.3324694803592109,
                0.31589964116876457,
                0.3876753811395265
            ],
            [
                0.3729424161303184,
                0.30743198344440015,
                0.3655522014011505,
                0.313692544284331,
                0.313692544284331
            ],
            [
                0.3736733686468835,
                0.3041189648952934,
                0.32319018055476445,
                0.26767101441020674,
                0.30927360407055116
            ],
            [
                0.30927360407055116,
                0.3041189648952934,
                0.2683117844734294,
                0.22643390100814492,
                0.3401539746729699
            ]
        ]
    },
    "EO": {
        "means": [
            0.5734011627906976,
            0.5758963178294574,
            0.5180959302325581,
            0.4776647286821706,
            0.441327519379845,
            0.4122335271317829
        ],
        "stds": [
            0.0,
            0.010570624025435885,
            0.0261526502024828,
            0.019568725877020545,
            0.03351951690755883,
            0.04868641259198977
        ],
        "medians": [
            0.5734011627906976,
            0.581031976744186,
            0.5157461240310077,
            0.46632751937984496,
            0.4377422480620155,
            0.4377422480620155
        ],
        "q1": [
            0.5734011627906976,
            0.5706153100775194,
            0.49236918604651164,
            0.46632751937984496,
            0.4107315891472868,
            0.39256298449612403
        ],
        "q3": [
            0.5734011627906976,
            0.5839389534883721,
            0.5423934108527131,
            0.4728682170542635,
            0.4481589147286822,
            0.4481589147286822
        ],
        "budgets": [
            0,
            74,
            148,
            223,
            297,
            372
        ],
        "values": [
            [
                0.5734011627906976,
                0.5734011627906976,
                0.5734011627906976,
                0.5734011627906976,
                0.5734011627906976
            ],
            [
                0.581031976744186,
                0.5862403100775194,
                0.5576550387596899,
                0.5706153100775194,
                0.5839389534883721
            ],
            [
                0.5423934108527131,
                0.49236918604651164,
                0.5157461240310077,
                0.48716085271317827,
                0.5528100775193798
            ],
            [
                0.5164728682170543,
                0.46632751937984496,
                0.4728682170542635,
                0.46632751937984496,
                0.46632751937984496
            ],
            [
                0.5010901162790697,
                0.4377422480620155,
                0.4107315891472868,
                0.40891472868217055,
                0.4481589147286822
            ],
            [
                0.4481589147286822,
                0.4377422480620155,
                0.39256298449612403,
                0.3255813953488372,
                0.4571220930232558
            ]
        ]
    },
    "ACC": {
        "means": [
            0.728249194414608,
            0.7344790547798066,
            0.7194414607948443,
            0.7069817400644468,
            0.6977443609022556,
            0.6852846401718582
        ],
        "stds": [
            0.0,
            0.005451590779999797,
            0.007423051576013311,
            0.019798689422116333,
            0.029647099073376607,
            0.039523887202951864
        ],