{
    "AUC": {
        "means": [
            0.749583780195087,
            0.6316378121648537,
            0.6058822327766712,
            0.5229865686124304,
            0.51811041315561,
            0.43795005362341044
        ],
        "stds": [
            0.0,
            0.03012103569787041,
            0.05513303712782798,
            0.0,
            0.002488000034367663,
            0.0
        ],
        "medians": [
            0.749583780195087
        ],
        "q1": [
            0.749583780195087
        ],
        "q3": [
            0.749583780195087
        ],
        "budgets": [
            0,
            372,
            744,
            1116,
            1488,
            1861
        ],
        "values": [
            [
                0.749583780195087,
                0.749583780195087,
                0.749583780195087,
                0.749583780195087,
                0.749583780195087
            ]
        ]
    },
    "SPD": {
        "means": [
            0.3799529152664654,
            0.3305319815458222,
            0.23185149323156953,
            0.22946687930739876,
            0.4271449184560764,
            0.9175257731958762
        ],
        "stds": [
            0.0,
            0.022686108105029332,
            0.055821989329991835,
            0.0,
            0.09935654750413973,
            0.0
        ],
        "medians": [
            0.3799529152664654
        ],
        "q1": [
            0.3799529152664654
        ],
        "q3": [
            0.3799529152664654
        ],
        "budgets": [
            0,
            372,
            744,
            1116,
            1488,
            1861
        ],
        "values": [
            [
                0.3799529152664654,
                0.3799529152664654,
                0.3799529152664654,
                0.3799529152664654,
                0.3799529152664654
            ]
        ]
    },
    "EO": {
        "means": [
            0.5734011627906976,
            0.5397044573643411,
            0.2418362403100775,
            0.37209302325581395,
            0.5389292635658915,
            0.8489583333333334
        ],
        "stds": [
            0.0,
            0.010368217054263607,
            0.11133720930232557,
            0.0,
            0.0839993399742749,
            0.0
        ],
        "medians": [
            0.5734011627906976
        ],
        "q1": [
            0.5734011627906976
        ],
        "q3": [
            0.5734011627906976
        ],
        "budgets": [
            0,
            372,
            744,
            1116,
            1488,
            1861
        ],
        "values": [
            [
                0.5734011627906976,
                0.5734011627906976,
                0.5734011627906976,
                0.5734011627906976,
                0.5734011627906976
            ]
        ]
    },
    "ACC": {
        "means": [
            0.728249194414608,
            0.7215896885069817,
            0.6738990332975294,
            0.6219119226638024,
            0.5568206229860365,
            0.3770139634801289
        ],
        "stds": [
            0.0,
            0.006015037593984962,
            0.024489795918367373,
            0.0,
            0.0326686039101303,
            0.0
        ],
        "medians": [
            0.728249194414608
        ],
        "q1": [
            0.728249194414608
        ],
        "q3": [
            0.728249194414608
        ],
        "budgets": [
            0,
            372,
            744,
            1116,
            1488,
            1861
        ],
        "values": [
            [
                0.728249194414608,
                0.728249194414608,
                0.728249194414608,
                0.728249194414608,
                0.728249194414608
            ]
        ]
    },
    "F1": {
        "means": [
            0.5068226120857701,
            0.5008296376746011,
            0.3867617107942974,
            0.21428571428571427,
            0.3495931079914792,
            0.3526785714285714
        ],
        "stds": [
            0.0,
            0.005490692973723133,
            0.056619144602851314,
            0.0,
            0.0676654070167746,
            0.0
        ],
        "medians": [
            0.5068226120857701
        ],
        "q1": [
            0.5068226120857701
        ],
        "q3": [
            0.5068226120857701
        ],
        "budgets": [
            0,
            372,
            744,
            1116,
            1488,
            1861
        ],
        "values": [
            [
                0.5068226120857701,
                0.5068226120857701,
                0.5068226120857701,
                0.5068226120857701,
                0.5068226120857701
            ]
        ]
    },
    "col_list": [
        [
            [
                "Y"
            ],
            [
                "Y"
            ],
            [
                "Y"
            ],
            [
                "Y"
            ],
            [
                "Y"
            ]
        ],
        [
            [
                "Education",
                "Age",
                "City_Pune",
                "Y"
            ],
            [
                "Education",
                "Age",
                "City_Pune",
                "Y"
            ],
            [
                "Education",
                "Age",
                "City_Pune",
                "Y"
            ],
            [
                "Education",
                "Age",
                "City_Pune",
                "Y"
            ],
            [
                "Education",
                "Age",
                "City_Pune",
                "Y"
            ]
        ],
        [
            [
                "PaymentTier",
                "Age",
                "Y"
            ],
            [
                "PaymentTier",
                "Age",
                "Y"
            ],
            [
                "PaymentTier",
                "Age",
                "Y"
            ],
            [
                "PaymentTier",
                "Age",
                "Y"
            ],
            [
                "PaymentTier",
                "Age",
                "Y"
            ]
        ],
        [
            [
                "Gender",
                "Y"
            ],
            [
                "Gender",
                "Y"
            ],
            [
                "Gender",
                "Y"
            ],
            [
                "Gender",
                "Y"
            ],
            [
                "Gender",
                "Y"
            ]
        ],
        [
            [
                "Gender",
                "Y"
            ],
            [
                "Gender",
                "Y"
            ],
            [
                "Gender",
                "Y"
            ],
            [
                "Gender",
                "Y"
            ],
            [
                "Gender",
                "Y"
            ]
        ],
        [
            [
                "Gender",
                "Y"
            ],
            [
                "Gender",
                "Y"
            ],
            [
                "Gender",
                "Y"
            ],
            [
                "Gender",
                "Y"
            ],
            [
                "Gender",
                "Y"
            ]
        ]
    ],