{
    "AUC": {
        "means": [
            0.8253516163628006,
            0.7442255247433737,
            0.6442433992135232,
            0.5575026811705224,
            0.5973096368929064,
            0.5539584290894234
        ],
        "stds": [
            0.0021818340689848297,
            0.024087376540635638,
            0.017122076389092227,
            0.06071449720832744,
            0.025164047989383934,
            0.037873010405589054
        ],
        "medians": [
            0.8251519329962718
        ],
        "q1": [
            0.8245135590623563
        ],
        "q3": [
            0.8272279250293653
        ],
        "budgets": [
            0,
            372,
            744,
            1116,
            1488,
            1861
        ],
        "values": [
            [
                0.8245135590623563,
                0.8251519329962718,
                0.8272279250293653,
                0.8218349420356468,
                0.828029722690363
            ]
        ]
    },
    "SPD": {
        "means": [
            0.28129520988779405,
            0.2318192174061628,
            0.19864916177782838,
            0.15785916348654858,
            0.04209147348635872,
            0.044763721972242786
        ],
        "stds": [
            0.004500148051222612,
            0.07536505018964053,
            0.07214406871765204,
            0.08352774470671771,
            0.01368287963363377,
            0.0448211115306496
        ],
        "medians": [
            0.28122211463613755
        ],
        "q1": [
            0.2801161929714644
        ],
        "q3": [
            0.28269351255909325
        ],
        "budgets": [
            0,
            372,
            744,
            1116,
            1488,
            1861
        ],
        "values": [
            [
                0.28269351255909325,
                0.28122211463613755,
                0.2882183744375463,
                0.27422585483472883,
                0.2801161929714644
            ]
        ]
    },
    "EO": {
        "means": [
            0.1435077519379845,
            0.22880329457364343,
            0.31833817829457367,
            0.18292151162790696,
            0.0530765503875969,
            0.03328488372093021
        ],
        "stds": [
            0.010047426371768631,
            0.14842323474841904,
            0.07441817093754834,
            0.15629090264463313,
            0.03619160102851089,
            0.038622455694701616
        ],
        "medians": [
            0.14038275193798452
        ],
        "q1": [
            0.1378391472868217
        ],
        "q3": [
            0.15079941860465115
        ],
        "budgets": [
            0,
            372,
            744,
            1116,
            1488,
            1861
        ],
        "values": [
            [
                0.1378391472868217,
                0.14038275193798452,
                0.15855135658914726,
                0.12996608527131784,
                0.15079941860465115
            ]
        ]
    },
    "ACC": {
        "means": [
            0.833297529538131,
            0.7748657357679914,
            0.7510204081632653,
            0.711922663802363,
            0.7007518796992482,
            0.6702470461868957
        ],
        "stds": [
            0.0015786185238130304,
            0.003878726119284167,
            0.0020827840418544924,
            0.03325523109433703,
            0.02698228737805815,
            0.01597507406451404
        ],
        "medians": [
            0.8335123523093448
        ],
        "q1": [
            0.8335123523093448
        ],
        "q3": [
            0.8345864661654135
        ],
        "budgets": [
            0,
            372,
            744,
            1116,
            1488,
            1861
        ],
        "values": [
            [
                0.8335123523093448,
                0.8335123523093448,
                0.8345864661654135,
                0.8302900107411385,
                0.8345864661654135
            ]
        ]
    },
    "F1": {
        "means": [
            0.7490230951106587,
            0.6342535315299993,
            0.4978178660195199,
            0.3684012038502296,
            0.31691183614624013,
            0.1308816149798558
        ],
        "stds": [
            0.0029082503320723816,
            0.027860662299742985,
            0.018587267119164818,
            0.12694648086403762,
            0.09471068788931221,
            0.12719670164067007
        ],
        "medians": [
            0.750402576489533
        ],
        "q1": [
            0.7487844408427876
        ],
        "q3": [
            0.7508090614886731
        ],
        "budgets": [
            0,
            372,
            744,
            1116,
            1488,
            1861
        ],
        "values": [
            [
                0.750402576489533,
                0.7487844408427876,
                0.7508090614886731,
                0.7435064935064934,
                0.7516129032258064
            ]
        ]
    },