{
    "AUC": {
        "means": [
            0.749583780195087,
            0.7392257800929473,
            0.7248730912619376,
            0.708072110719575,
            0.6542587201879373,
            0.6153076962361472
        ],
        "stds": [
            0.0,
            0.001013942451979462,
            0.003531620453904766,
            0.010196414900172418,
            0.009036513728319373,
            0.010697653739018272
        ],
        "medians": [
            0.749583780195087,
            0.7387569582758797,
            0.7255860272713345,
            0.7080537255502783,
            0.6537153362953884,
            0.6167100760941728
        ],
        "q1": [
            0.749583780195087,
            0.7386701394208671,
            0.7234921607680915,
            0.6986313262856851,
            0.646871967723814,
            0.60447372452888
        ],
        "q3": [
            0.749583780195087,
            0.7396966447066033,
            0.7279965272457994,
            0.7178948981155202,
            0.6567539962208263,
            0.6211991215974669
        ],
        "budgets": [
            0,
            74,
            148,
            222,
            296,
            372
        ],
        "values": [
            [
                0.749583780195087,
                0.749583780195087,
                0.749583780195087,
                0.749583780195087,
                0.749583780195087
            ],
            [
                0.7409580716000204,
                0.7396966447066033,
                0.7386701394208671,
                0.7380470864613655,
                0.7387569582758797
            ],
            [
                0.7285021194014606,
                0.7279965272457994,
                0.7255860272713345,
                0.7234921607680915,
                0.7187886216230018
            ],
            [
                0.6949645064092742,
                0.6986313262856851,
                0.7208160972371176,
                0.7080537255502783,
                0.7178948981155202
            ],
            [
                0.6698687503191869,
                0.646871967723814,
                0.6440835503804708,
                0.6567539962208263,
                0.6537153362953884
            ],
            [
                0.6314284255145294,
                0.60447372452888,
                0.6211991215974669,
                0.6027271334456872,
                0.6167100760941728
            ]
        ]
    },
    "SPD": {
        "means": [
            0.3799529152664654,
            0.3764927569250632,
            0.36243188851550184,
            0.34638510755444174,
            0.28954073399024133,
            0.28512084448747893
        ],
        "stds": [
            0.0,
            0.008350564481126007,
            0.012180890495373542,
            0.021886521202637416,
            0.03619031605780105,
            0.026911803648022162
        ],
        "medians": [
            0.3799529152664654,
            0.37774581838203186,
            0.36044977311993315,
            0.339835962863815,
            0.27135425566250876,
            0.2805576123483511
        ],
        "q1": [
            0.3799529152664654,
            0.3751637523494903,
            0.35934385145526,
            0.3324694803592109,
            0.2687769360748799,
            0.27982191338687323
        ],
        "q3": [
            0.3799529152664654,
            0.3781160410852272,
            0.363027092707562,
            0.36891268439938485,
            0.2901311917373887,
            0.28497655256213095
        ],
        "budgets": [
            0,
            74,
            148,
            222,
            296,
            372
        ],
        "values": [
            [
                0.3799529152664654,
                0.3799529152664654,
                0.3799529152664654,
                0.3799529152664654,
                0.3799529152664654
            ],
            [
                0.3781160410852272,
                0.37774581838203186,
                0.362652123559454,
                0.3751637523494903,
                0.3887860492491124
            ],
            [
                0.35934385145526,
                0.36044977311993315,
                0.363027092707562,
                0.3457215545556378,
                0.3836171707391164
            ],
            [
                0.31664008657515524,
                0.339835962863815,
                0.37406732357464256,
                0.3324694803592109,
                0.36891268439938485
            ],
            [
                0.35897362875206473,
                0.2901311917373887,
                0.2687769360748799,
                0.27135425566250876,
                0.2584676577243645
            ],
            [
                0.3320897647661901,
                0.2805576123483511,
                0.248158379373849,
                0.27982191338687323,
                0.28497655256213095
            ]
        ]
    },
    "EO": {
        "means": [
            0.5734011627906976,
            0.5671753875968992,
            0.5487887596899224,
            0.516812015503876,
            0.4312984496124031,
            0.41414728682170543
        ],
        "stds": [
            0.0,
            0.012097277377357028,
            0.021013870939064035,
            0.022942234413841345,
            0.03898413395451135,
            0.02444514618979095
        ],
        "medians": [
            0.5734011627906976,
            0.560562015503876,
            0.5574127906976744,
            0.5107800387596899,
            0.4166666666666667,
            0.40625
        ],
        "q1": [
            0.5734011627906976,
            0.5603197674418605,
            0.5469961240310077,
            0.5104166666666666,
            0.4166666666666667,
            0.4037063953488372
        ],
        "q3": [
            0.5734011627906976,
            0.5707364341085271,
            0.5626211240310077,
            0.5234980620155039,
            0.4270833333333333,
            0.4166666666666667
        ],
        "budgets": [
            0,
            74,
            148,
            222,
            296,
            372
        ],
        "values": [
            [
                0.5734011627906976,
                0.5734011627906976,
                0.5734011627906976,
                0.5734011627906976,
                0.5734011627906976
            ],
            [
                0.5603197674418605,
                0.5707364341085271,
                0.5551114341085271,
                0.560562015503876,
                0.5891472868217054
            ],
            [
                0.5626211240310077,
                0.5469961240310077,
                0.5678294573643411,
                0.5574127906976744,
                0.5090843023255813
            ],
            [
                0.484375,
                0.5104166666666666,
                0.5549903100775194,
                0.5234980620155039,
                0.5107800387596899
            ],
            [
                0.5054505813953489,
                0.4270833333333333,
                0.4166666666666667,
                0.4166666666666667,
                0.390625
            ],
            [
                0.45869670542635665,
                0.4037063953488372,
                0.3854166666666667,
                0.40625,
                0.4166666666666667
            ]
        ]
    },
    "ACC": {
        "means": [
            0.728249194414608,
            0.7314715359828142,
            0.726530612244898,
            0.718796992481203,
            0.709344790547798,
            0.7029001074113856
        ],
        "stds": [
            0.0,
            0.002253080232374087,
            0.0038787261192841753,
            0.004677022783475214,
            0.0027677977930666143,
            0.0049735067251515525
        ],