{
    "AUC": {
        "means": [
            0.8753980899851896,
            0.7431658240130739,
            0.6822787395945047,
            0.6679168581788468,
            0.6138098156376078,
            0.6161309432613248
        ],
        "stds": [
            0.0013727024986360681,
            0.016648401851737122,
            0.04816702404446433,
            0.0542190754959032,
            0.03228102963594945,
            0.04852333129269692
        ],
        "medians": [
            0.8752923752617332
        ],
        "q1": [
            0.8748199785506358
        ],
        "q3": [
            0.8763086665645269
        ],
        "budgets": [
            0,
            372,
            744,
            1116,
            1488,
            1861
        ],
        "values": [
            [
                0.8752923752617332,
                0.8748199785506358,
                0.8732572391604106,
                0.877312190388642,
                0.8763086665645269
            ]
        ]
    },
    "SPD": {
        "means": [
            0.27673482561561397,
            0.28668906988665493,
            0.24972945263997265,
            0.20459171080860433,
            0.0935059140703613,
            0.41758367982381195
        ],
        "stds": [
            0.00705814431175094,
            0.010346024644850337,
            0.03296707160416134,
            0.09058125228032522,
            0.07701839815301673,
            0.2065935918200956
        ],
        "medians": [
            0.2742306012796416
        ],
        "q1": [
            0.2698116610658617
        ],
        "q3": [
            0.2823327827457235
        ],
        "budgets": [
            0,
            372,
            744,
            1116,
            1488,
            1861
        ],
        "values": [
            [
                0.2742306012796416,
                0.2874874219209812,
                0.2698116610658617,
                0.2823327827457235,
                0.2698116610658617
            ]
        ]
    },
    "EO": {
        "means": [
            0.14874031007751937,
            0.41421996124031,
            0.38871124031007753,
            0.319234496124031,
            0.13146802325581394,
            0.5245397286821707
        ],
        "stds": [
            0.013065235496653642,
            0.013757983844443718,
            0.01697732075982784,
            0.13615497533575613,
            0.12785203703224626,
            0.1278124650822243
        ],
        "medians": [
            0.15334302325581395
        ],
        "q1": [
            0.13783914728682167
        ],
        "q3": [
            0.15600775193798444
        ],
        "budgets": [
            0,
            372,
            744,
            1116,
            1488,
            1861
        ],
        "values": [
            [
                0.15334302325581395,
                0.16642441860465118,
                0.13008720930232553,
                0.13783914728682167,
                0.15600775193798444
            ]
        ]
    },
    "ACC": {
        "means": [
            0.8534908700322233,
            0.7518796992481203,
            0.7295381310418905,
            0.7074113856068743,
            0.6356605800214823,
            0.6019334049409236
        ],
        "stds": [
            0.0034371643394199903,
            0.009314493400076814,
            0.01775897115827316,
            0.040706506111251574,
            0.06389451839319887,
            0.10662569787279333
        ],
        "medians": [
            0.8539205155746509
        ],
        "q1": [
            0.8539205155746509
        ],
        "q3": [
            0.8539205155746509
        ],
        "budgets": [
            0,
            372,
            744,
            1116,
            1488,
            1861
        ],
        "values": [
            [
                0.8474758324382384,
                0.8582169709989259,
                0.8539205155746509,
                0.8539205155746509,
                0.8539205155746509
            ]
        ]
    },
    "F1": {
        "means": [
            0.7740225737607533,
            0.5973559260783585,
            0.533550188270161,
            0.46927317927722456,
            0.3790116207353188,
            0.4304628827037559
        ],
        "stds": [
            0.005287751677174904,
            0.021395146305054506,
            0.055241355895443184,
            0.11074175885918645,
            0.12546718114282132,
            0.06158521115308169
        ],
        "medians": [
            0.7748344370860927
        ],
        "q1": [
            0.7740863787375414
        ],
        "q3": [
            0.7748344370860927
        ],
        "budgets": [
            0,
            372,
            744,
            1116,
            1488,
            1861
        ],
        "values": [
            [
                0.7649006622516556,
                0.7814569536423841,
                0.7748344370860927,
                0.7740863787375414,
                0.7748344370860927
            ]
        ]
    },