{
    "AUC": {
        "means": [
            0.8748945406261172,
            0.7644982380879424,
            0.7256253511056637,
            0.6573653030999438,
            0.6569981104131555,
            0.6414299576119707
        ],
        "stds": [
            0.001557594221431761,
            0.010277959004197174,
            0.055365621098551886,
            0.0541950390686733,
            0.02789965214173325,
            0.0261098962051029
        ],
        "medians": [
            0.87447014963485
        ],
        "q1": [
            0.8743935447627802
        ],
        "q3": [
            0.8756958275879679
        ],
        "budgets": [
            0,
            372,
            744,
            1116,
            1488,
            1861
        ],
        "values": [
            [
                0.87447014963485,
                0.8756958275879679,
                0.8726060977478168,
                0.8773070833971708,
                0.8743935447627802
            ]
        ]
    },
    "SPD": {
        "means": [
            0.2737151373621158,
            0.30681019916082847,
            0.22411763589071784,
            0.17398378614417803,
            0.08121452032427712,
            0.07082075525431451
        ],
        "stds": [
            0.0057357950812684695,
            0.007252709473147066,
            0.10094516034534166,
            0.09169556347181064,
            0.014946597867300777,
            0.028244651743881518
        ],
        "medians": [
            0.2709175827305348
        ],
        "q1": [
            0.2690759621043838
        ],
        "q3": [
            0.27754361982874826
        ],
        "budgets": [
            0,
            372,
            744,
            1116,
            1488,
            1861
        ],
        "values": [
            [
                0.2679700404397107,
                0.2709175827305348,
                0.2690759621043838,
                0.27754361982874826,
                0.28306848170720134
            ]
        ]
    },
    "EO": {
        "means": [
            0.15598352713178293,
            0.41305717054263563,
            0.35162306201550386,
            0.21632751937984498,
            0.09937015503875969,
            0.08151647286821705
        ],
        "stds": [
            0.01354454820196796,
            0.008585429898617637,
            0.07817533007133333,
            0.14660691800661177,
            0.002581505194720396,
            0.03594523730664395
        ],
        "medians": [
            0.15079941860465118
        ],
        "q1": [
            0.1455910852713178
        ],
        "q3": [
            0.16642441860465118
        ],
        "budgets": [
            0,
            372,
            744,
            1116,
            1488,
            1861
        ],
        "values": [
            [
                0.1767199612403101,
                0.1455910852713178,
                0.14038275193798444,
                0.16642441860465118,
                0.15079941860465118
            ]
        ]
    },
    "ACC": {
        "means": [
            0.8519871106337271,
            0.7813104189044039,
            0.7613319011815252,
            0.7198711063372717,
            0.6773361976369496,
            0.6348012889366274
        ],
        "stds": [
            0.0018479753527481592,
            0.008501120918328386,
            0.013056559741372915,
            0.038425062707617724,
            0.009452201933404953,
            0.08904656519681398
        ],
        "medians": [
            0.8517722878625135
        ],
        "q1": [
            0.8506981740064447
        ],
        "q3": [
            0.8528464017185822
        ],
        "budgets": [
            0,
            372,
            744,
            1116,
            1488,
            1861
        ],
        "values": [
            [
                0.8506981740064447,
                0.8528464017185822,
                0.849624060150376,
                0.8549946294307197,
                0.8517722878625135
            ]
        ]
    },
    "F1": {
        "means": [
            0.7717708580693996,
            0.6198554215067976,
            0.5495626625646681,
            0.394527973101531,
            0.18851082106779302,
            0.26973378098899137
        ],
        "stds": [
            0.003320070898893808,
            0.02444439584968799,
            0.05551518009926875,
            0.14562069343786885,
            0.07436662371408151,
            0.15251484061141307
        ],
        "medians": [
            0.771523178807947
        ],
        "q1": [
            0.7702479338842976
        ],
        "q3": [
            0.7720465890183029
        ],
        "budgets": [
            0,
            372,
            744,
            1116,
            1488,
            1861
        ],
        "values": [
            [
                0.7702479338842976,
                0.7720465890183029,
                0.7674418604651162,
                0.7775947281713345,
                0.771523178807947
            ]
        ]
    },