{
    "AUC": {
        "means": [
            0.892525917981717,
            0.7732562177621164,
            0.7141606659516879,
            0.6268178336142178,
            0.6525580920279863,
            0.6395250497931668
        ],
        "stds": [
            0.0,
            0.011117170146841432,
            0.06097920058950479,
            0.09414626835124441,
            0.08546989437688338,
            0.08376725416665962
        ],
        "medians": [
            0.892525917981717
        ],
        "q1": [
            0.892525917981717
        ],
        "q3": [
            0.892525917981717
        ],
        "budgets": [
            0,
            372,
            744,
            1116,
            1488,
            1861
        ],
        "values": [
            [
                0.892525917981717,
                0.892525917981717,
                0.892525917981717,
                0.892525917981717,
                0.892525917981717
            ]
        ]
    },
    "SPD": {
        "means": [
            0.2521501395454804,
            0.22956370678361906,
            0.13684285470182836,
            0.0853980368703841,
            0.1583660838032314,
            0.06575345066545157
        ],
        "stds": [
            0.0,
            0.06168468469152958,
            0.09524557096946985,
            0.025316628436404396,
            0.15522689248797145,
            0.038413762675989345
        ],
        "medians": [
            0.2521501395454804
        ],
        "q1": [
            0.2521501395454804
        ],
        "q3": [
            0.2521501395454804
        ],
        "budgets": [
            0,
            372,
            744,
            1116,
            1488,
            1861
        ],
        "values": [
            [
                0.2521501395454804,
                0.2521501395454804,
                0.2521501395454804,
                0.2521501395454804,
                0.2521501395454804
            ]
        ]
    },
    "EO": {
        "means": [
            0.16618217054263573,
            0.2174660852713178,
            0.1835998062015504,
            0.1164486434108527,
            0.1293846899224806,
            0.10976259689922478
        ],
        "stds": [
            0.0,
            0.1789922161941699,
            0.10277627481880276,
            0.014602073385057328,
            0.028457951247117946,
            0.01595795203335856
        ],
        "medians": [
            0.16618217054263573
        ],
        "q1": [
            0.16618217054263573
        ],
        "q3": [
            0.16618217054263573
        ],
        "budgets": [
            0,
            372,
            744,
            1116,
            1488,
            1861
        ],
        "values": [
            [
                0.16618217054263573,
                0.16618217054263573,
                0.16618217054263573,
                0.16618217054263573,
                0.16618217054263573
            ]
        ]
    },
    "ACC": {
        "means": [
            0.8754027926960258,
            0.7987110633727175,
            0.7628356605800215,
            0.719656283566058,
            0.6917293233082706,
            0.6741138560687433
        ],
        "stds": [
            0.0,
            0.01583871844568572,
            0.013542356616519433,
            0.029068624833574225,
            0.07734514806781534,
            0.11087976978985345
        ],
        "medians": [
            0.8754027926960258
        ],
        "q1": [
            0.8754027926960258
        ],
        "q3": [
            0.8754027926960258
        ],
        "budgets": [
            0,
            372,
            744,
            1116,
            1488,
            1861
        ],
        "values": [
            [
                0.8754027926960258,
                0.8754027926960258,
                0.8754027926960258,
                0.8754027926960258,
                0.8754027926960258
            ]
        ]
    },
    "F1": {
        "means": [
            0.795774647887324,
            0.63108415951064,
            0.5431057139105588,
            0.3573057174386896,
            0.4171551037996196,
            0.4117518498382732
        ],
        "stds": [
            0.0,
            0.026594426004096845,
            0.07082404601184478,
            0.09503470801647916,
            0.11531267106185886,
            0.10903755552872801
        ],
        "medians": [
            0.795774647887324
        ],
        "q1": [
            0.795774647887324
        ],
        "q3": [
            0.795774647887324
        ],
        "budgets": [
            0,
            372,
            744,
            1116,
            1488,
            1861
        ],
        "values": [
            [
                0.795774647887324,
                0.795774647887324,
                0.795774647887324,
                0.795774647887324,
                0.795774647887324
            ]
        ]
    },