{
    "AUC": {
        "means": [
            0.8753980899851896,
            0.7532674531433532,
            0.6867080332975843,
            0.6830146570655227,
            0.7081967213114755,
            0.7189637914304682
        ],
        "stds": [
            0.0013727024986360681,
            0.0019850479714926222,
            0.04193787373450878,
            0.02399524284582898,
            0.06289057656876731,
            0.07925353150665854
        ],
        "medians": [
            0.8752923752617332
        ],
        "q1": [
            0.8748199785506358
        ],
        "q3": [
            0.8763086665645269
        ],
        "budgets": [
            0,
            372,
            744,
            1116,
            1488,
            1861
        ],
        "values": [
            [
                0.8752923752617332,
                0.8748199785506358,
                0.8732572391604106,
                0.877312190388642,
                0.8763086665645269
            ]
        ]
    },
    "SPD": {
        "means": [
            0.27673482561561397,
            0.30260769683507055,
            0.2800127204723662,
            0.16028174897002143,
            0.2549457955990963,
            0.356281445197547
        ],
        "stds": [
            0.00705814431175094,
            0.020094510436135755,
            0.033724608041058965,
            0.09257132875682718,
            0.029802392030468357,
            0.08754853466428732
        ],
        "medians": [
            0.2742306012796416
        ],
        "q1": [
            0.2698116610658617
        ],
        "q3": [
            0.2823327827457235
        ],
        "budgets": [
            0,
            372,
            744,
            1116,
            1488,
            1861
        ],
        "values": [
            [
                0.2742306012796416,
                0.2874874219209812,
                0.2698116610658617,
                0.2823327827457235,
                0.2698116610658617
            ]
        ]
    },
    "EO": {
        "means": [
            0.14874031007751937,
            0.41104651162790695,
            0.3859980620155039,
            0.2370881782945736,
            0.3175387596899225,
            0.2234980620155039
        ],
        "stds": [
            0.013065235496653642,
            0.01249694805300015,
            0.023923317719356577,
            0.1470425701943897,
            0.10916514814393237,
            0.05821430108633528
        ],
        "medians": [
            0.15334302325581395
        ],
        "q1": [
            0.13783914728682167
        ],
        "q3": [
            0.15600775193798444
        ],
        "budgets": [
            0,
            372,
            744,
            1116,
            1488,
            1861
        ],
        "values": [
            [
                0.15334302325581395,
                0.16642441860465118,
                0.13008720930232553,
                0.13783914728682167,
                0.15600775193798444
            ]
        ]
    },
    "ACC": {
        "means": [
            0.8534908700322233,
            0.7746509129967777,
            0.755531686358754,
            0.6968850698174007,
            0.7276047261009667,
            0.6534908700322234
        ],
        "stds": [
            0.0034371643394199903,
            0.008358786877913499,
            0.014063920346580381,
            0.06565076677576863,
            0.06254848216669198,
            0.13850755440524434
        ],
        "medians": [
            0.8539205155746509
        ],
        "q1": [
            0.8539205155746509
        ],
        "q3": [
            0.8539205155746509
        ],
        "budgets": [
            0,
            372,
            744,
            1116,
            1488,
            1861
        ],
        "values": [
            [
                0.8474758324382384,
                0.8582169709989259,
                0.8539205155746509,
                0.8539205155746509,
                0.8539205155746509
            ]
        ]
    },
    "F1": {
        "means": [
            0.7740225737607533,
            0.61660391691501,
            0.5510420356888209,
            0.5430403066359772,
            0.5488337439853197,
            0.6064758122835063
        ],
        "stds": [
            0.005287751677174904,
            0.021906885992466145,
            0.04331718156852271,
            0.047095050598382183,
            0.05798947902909964,
            0.06828173835462427
        ],
        "medians": [
            0.7748344370860927
        ],
        "q1": [
            0.7740863787375414
        ],
        "q3": [
            0.7748344370860927
        ],
        "budgets": [
            0,
            372,
            744,
            1116,
            1488,
            1861
        ],
        "values": [
            [
                0.7649006622516556,
                0.7814569536423841,
                0.7748344370860927,
                0.7740863787375414,
                0.7748344370860927
            ]
        ]
    },