{
    "AUC": {
        "means": [
            0.8753980899851896,
            0.7623287881109239,
            0.7213426280578112,
            0.672410499974465,
            0.6752893110668505,
            0.6637633420152189
        ],
        "stds": [
            0.0013727024986360681,
            0.001394276389108001,
            0.051875717700842074,
            0.04558451735916807,
            0.028214310258434253,
            0.025283687527350118
        ],
        "medians": [
            0.8752923752617332
        ],
        "q1": [
            0.8748199785506358
        ],
        "q3": [
            0.8763086665645269
        ],
        "budgets": [
            0,
            372,
            744,
            1116,
            1488,
            1861
        ],
        "values": [
            [
                0.8752923752617332,
                0.8748199785506358,
                0.8732572391604106,
                0.877312190388642,
                0.8763086665645269
            ]
        ]
    },
    "SPD": {
        "means": [
            0.27673482561561397,
            0.3146873991380456,
            0.28420857777524633,
            0.1776660781074975,
            0.13563156196009188,
            0.0855622638643656
        ],
        "stds": [
            0.00705814431175094,
            0.006794905236563918,
            0.03310262607011357,
            0.08766891991579216,
            0.03378844650742693,
            0.0710529389359319
        ],
        "medians": [
            0.2742306012796416
        ],
        "q1": [
            0.2698116610658617
        ],
        "q3": [
            0.2823327827457235
        ],
        "budgets": [
            0,
            372,
            744,
            1116,
            1488,
            1861
        ],
        "values": [
            [
                0.2742306012796416,
                0.2874874219209812,
                0.2698116610658617,
                0.2823327827457235,
                0.2698116610658617
            ]
        ]
    },
    "EO": {
        "means": [
            0.14874031007751937,
            0.4064680232558139,
            0.38987403100775186,
            0.2273013565891473,
            0.2052083333333333,
            0.13740310077519383
        ],
        "stds": [
            0.013065235496653642,
            0.00794352044160455,
            0.014952887951545049,
            0.12818181653518174,
            0.09178019176022295,
            0.1177704494086102
        ],
        "medians": [
            0.15334302325581395
        ],
        "q1": [
            0.13783914728682167
        ],
        "q3": [
            0.15600775193798444
        ],
        "budgets": [
            0,
            372,
            744,
            1116,
            1488,
            1861
        ],
        "values": [
            [
                0.15334302325581395,
                0.16642441860465118,
                0.13008720930232553,
                0.13783914728682167,
                0.15600775193798444
            ]
        ]
    },
    "ACC": {
        "means": [
            0.8534908700322233,
            0.7858216970998926,
            0.7716433941997851,
            0.7271750805585392,
            0.7046186895810956,
            0.6161117078410311
        ],
        "stds": [
            0.0034371643394199903,
            0.001992184424381467,
            0.017539328787927147,
            0.037498728482225324,
            0.011922179957475064,
            0.11002533645688253
        ],
        "medians": [
            0.8539205155746509
        ],
        "q1": [
            0.8539205155746509
        ],
        "q3": [
            0.8539205155746509
        ],
        "budgets": [
            0,
            372,
            744,
            1116,
            1488,
            1861
        ],
        "values": [
            [
                0.8474758324382384,
                0.8582169709989259,
                0.8539205155746509,
                0.8539205155746509,
                0.8539205155746509
            ]
        ]
    },
    "F1": {
        "means": [
            0.7740225737607533,
            0.6338586769807972,
            0.5824868493280924,
            0.4121483214866313,
            0.306746832793734,
            0.39961617896120916
        ],
        "stds": [
            0.005287751677174904,
            0.002609555060267033,
            0.06259908848418606,
            0.13835918647584058,
            0.022288386440591487,
            0.11864215912176138
        ],
        "medians": [
            0.7748344370860927
        ],
        "q1": [
            0.7740863787375414
        ],
        "q3": [
            0.7748344370860927
        ],
        "budgets": [
            0,
            372,
            744,
            1116,
            1488,
            1861
        ],
        "values": [
            [
                0.7649006622516556,
                0.7814569536423841,
                0.7748344370860927,
                0.7740863787375414,
                0.7748344370860927
            ]
        ]
    },