{
    "AUC": {
        "means": [
            0.6914621316582401,
            0.6200898830498953,
            0.5911557121699607,
            0.5364189775803074,
            0.5770624585056943,
            0.5480629181349267
        ],
        "stds": [
            0.018455839470083283,
            0.023409902860080038,
            0.01050398149646631,
            0.03785000820206294,
            0.02510729532103873,
            0.03176504807576235
        ],
        "medians": [
            0.6974465042643379
        ],
        "q1": [
            0.6929932077013432
        ],
        "q3": [
            0.7039068484755631
        ],
        "budgets": [
            0,
            372,
            744,
            1116,
            1488,
            1861
        ],
        "values": [
            [
                0.7039068484755631,
                0.6929932077013432,
                0.7070833971707268,
                0.6974465042643379,
                0.6558807006792298
            ]
        ]
    },
    "SPD": {
        "means": [
            0.22635036357768032,
            0.2024235347724554,
            0.1975536822919633,
            0.076317138463291,
            0.11807541151677392,
            0.17978204324960606
        ],
        "stds": [
            0.10281878507579598,
            0.0950753739125448,
            0.09232354592517021,
            0.10653073050371142,
            0.10591686603541983,
            0.09470972640742516
        ],
        "medians": [
            0.25036547625828254
        ],
        "q1": [
            0.14064665565491447
        ],
        "q3": [
            0.3155056862410055
        ],
        "budgets": [
            0,
            372,
            744,
            1116,
            1488,
            1861
        ],
        "values": [
            [
                0.14064665565491447,
                0.25036547625828254,
                0.07731958762886598,
                0.3479144121053331,
                0.3155056862410055
            ]
        ]
    },
    "EO": {
        "means": [
            0.33214631782945736,
            0.3632267441860465,
            0.3772286821705426,
            0.06923449612403101,
            0.17822189922480622,
            0.29459786821705425
        ],
        "stds": [
            0.16375781571447104,
            0.15687462285001127,
            0.1698242472703467,
            0.08652840347826306,
            0.15457284112911193,
            0.14988164611478216
        ],
        "medians": [
            0.37766472868217055
        ],
        "q1": [
            0.17453972868217055
        ],
        "q3": [
            0.4723837209302325
        ],
        "budgets": [
            0,
            372,
            744,
            1116,
            1488,
            1861
        ],
        "values": [
            [
                0.17453972868217055,
                0.37766472868217055,
                0.109375,
                0.5267684108527131,
                0.4723837209302325
            ]
        ]
    },
    "ACC": {
        "means": [
            0.6986036519871106,
            0.7211600429645543,
            0.6970998925886145,
            0.6302900107411386,
            0.6268528464017187,
            0.5566058002148228
        ],
        "stds": [
            0.02520485464861657,
            0.027033548815019317,
            0.05032082987951755,
            0.03740261249419179,
            0.03361547382918231,
            0.06825957638748036
        ],
        "medians": [
            0.7046186895810956
        ],
        "q1": [
            0.6702470461868958
        ],
        "q3": [
            0.7228786251342643
        ],
        "budgets": [
            0,
            372,
            744,
            1116,
            1488,
            1861
        ],
        "values": [
            [
                0.6702470461868958,
                0.7046186895810956,
                0.6680988184747583,
                0.7271750805585392,
                0.7228786251342643
            ]
        ]
    },
    "F1": {
        "means": [
            0.33559168733503786,
            0.35722351894723525,
            0.3395367009754174,
            0.044586069840163355,
            0.21916812278989067,
            0.3495873912046795
        ],
        "stds": [
            0.15960607813826408,
            0.14739929395091103,
            0.13327473066449452,
            0.050502649833012704,
            0.1546946362416809,
            0.15150194895028168
        ],
        "medians": [
            0.3529411764705882
        ],
        "q1": [
            0.18997361477572558
        ],
        "q3": [
            0.5076335877862596
        ],
        "budgets": [
            0,
            372,
            744,
            1116,
            1488,
            1861
        ],
        "values": [
            [
                0.18997361477572558,
                0.3529411764705882,
                0.11965811965811965,
                0.5077519379844961,
                0.5076335877862596
            ]
        ]
    },