{
    "AUC": {
        "means": [
            0.7491139369797252,
            0.7136305602369645,
            0.6995863336908226,
            0.6902921199121596,
            0.6902921199121596
        ],
        "stds": [
            0.0,
            0.0,
            0.0,
            0.018588427557325947,
            0.018588427557325947
        ],
        "medians": [
            0.7491139369797252,
            0.7136305602369645,
            0.6995863336908226,
            0.6995863336908226,
            0.6995863336908226
        ],
        "q1": [
            0.7491139369797252,
            0.7136305602369645,
            0.6995863336908226,
            0.6995863336908226,
            0.6995863336908226
        ],
        "q3": [
            0.7491139369797252,
            0.7136305602369645,
            0.6995863336908226,
            0.6995863336908226,
            0.6995863336908226
        ],
        "budgets": [
            0,
            148,
            223,
            297,
            372
        ],
        "values": [
            [
                0.7491139369797252,
                0.7491139369797252,
                0.7491139369797252,
                0.7491139369797252,
                0.7491139369797252
            ],
            [
                0.7136305602369645,
                0.7136305602369645,
                0.7136305602369645,
                0.7136305602369645,
                0.7136305602369645
            ],
            [
                0.6995863336908226,
                0.6995863336908226,
                0.6995863336908226,
                0.6995863336908226,
                0.6995863336908226
            ],
            [
                0.6995863336908226,
                0.6995863336908226,
                0.6995863336908226,
                0.6995863336908226,
                0.6531152647975077
            ],
            [
                0.6995863336908226,
                0.6995863336908226,
                0.6995863336908226,
                0.6995863336908226,
                0.6531152647975077
            ]
        ]
    },
    "SPD": {
        "means": [
            0.41198667198268496,
            0.3464572535171157,
            0.3501404947694177,
            0.3506559586869435,
            0.3506559586869435
        ],
        "stds": [
            0.0,
            0.0,
            0.0,
            0.0010309278350515427,
            0.0010309278350515427
        ],
        "medians": [
            0.41198667198268496,
            0.3464572535171157,
            0.3501404947694177,
            0.3501404947694177,
            0.3501404947694177
        ],
        "q1": [
            0.41198667198268496,
            0.3464572535171157,
            0.3501404947694177,
            0.3501404947694177,
            0.3501404947694177
        ],
        "q3": [
            0.41198667198268496,
            0.3464572535171157,
            0.3501404947694177,
            0.3501404947694177,
            0.3501404947694177
        ],
        "budgets": [
            0,
            148,
            223,
            297,
            372
        ],
        "values": [
            [
                0.41198667198268496,
                0.41198667198268496,
                0.41198667198268496,
                0.41198667198268496,
                0.41198667198268496
            ],
            [
                0.3464572535171157,
                0.3464572535171157,
                0.3464572535171157,
                0.3464572535171157,
                0.3464572535171157
            ],
            [
                0.3501404947694177,
                0.3501404947694177,
                0.3501404947694177,
                0.3501404947694177,
                0.3501404947694177
            ],
            [
                0.3501404947694177,
                0.3501404947694177,
                0.3501404947694177,
                0.3501404947694177,
                0.3527178143570466
            ],
            [
                0.3501404947694177,
                0.3501404947694177,
                0.3501404947694177,
                0.3501404947694177,
                0.3527178143570466
            ]
        ]
    },
    "EO": {
        "means": [
            0.6073158914728682,
            0.4923691860465117,
            0.5184108527131782,
            0.5194525193798449,
            0.5194525193798449
        ],
        "stds": [
            0.0,
            5.551115123125783e-17,
            0.0,
            0.002083333333333348,
            0.002083333333333348
        ],
        "medians": [
            0.6073158914728682,
            0.49236918604651164,
            0.5184108527131782,
            0.5184108527131782,
            0.5184108527131782
        ],
        "q1": [
            0.6073158914728682,
            0.49236918604651164,
            0.5184108527131782,
            0.5184108527131782,
            0.5184108527131782
        ],
        "q3": [
            0.6073158914728682,
            0.49236918604651164,
            0.5184108527131782,
            0.5184108527131782,
            0.5184108527131782
        ],
        "budgets": [
            0,
            148,
            223,
            297,
            372
        ],
        "values": [
            [
                0.6073158914728682,
                0.6073158914728682,
                0.6073158914728682,
                0.6073158914728682,
                0.6073158914728682
            ],
            [
                0.49236918604651164,
                0.49236918604651164,
                0.49236918604651164,
                0.49236918604651164,
                0.49236918604651164
            ],
            [
                0.5184108527131782,
                0.5184108527131782,
                0.5184108527131782,
                0.5184108527131782,
                0.5184108527131782
            ],
            [
                0.5184108527131782,
                0.5184108527131782,
                0.5184108527131782,
                0.5184108527131782,
                0.5236191860465116
            ],
            [
                0.5184108527131782,
                0.5184108527131782,
                0.5184108527131782,
                0.5184108527131782,
                0.5236191860465116
            ]
        ]
    },
    "ACC": {
        "means": [
            0.7379162191192267,
            0.7078410311493019,
            0.7207303974221267,
            0.7209452201933405,
            0.7209452201933405
        ],
        "stds": [
            0.0,
            0.0,
            0.0,
            0.00042964554242748144,
            0.00042964554242748144
        ],
        "medians": [
            0.7379162191192267,
            0.7078410311493019,
            0.7207303974221267,
            0.7207303974221267,
            0.7207303974221267
        ],
        "q1": [
            0.7379162191192267,
            0.7078410311493019,
            0.7207303974221267,
            0.7207303974221267,
            0.7207303974221267
        ],
        "q3": [
            0.7379162191192267,
            0.7078410311493019,
            0.7207303974221267,
            0.7207303974221267,
            0.7207303974221267
        ],
        "budgets": [
            0,
            148,
            223,
            297,
            372
        ],