{
    "AUC": {
        "means": [
            0.7097849956590573,
            0.6827077268780961,
            0.6827077268780961,
            0.5276032889025075,
            0.5085644246974107,
            0.41997855063582046
        ],
        "stds": [
            0.0,
            0.0,
            0.0,
            0.09491256510069522,
            0.10849517186011327,
            0.0
        ],
        "medians": [
            0.7097849956590573
        ],
        "q1": [
            0.7097849956590573
        ],
        "q3": [
            0.7097849956590573
        ],
        "budgets": [
            0,
            186,
            372,
            558,
            744,
            930
        ],
        "values": [
            [
                0.7097849956590573,
                0.7097849956590573,
                0.7097849956590573,
                0.7097849956590573,
                0.7097849956590573
            ]
        ]
    },
    "SPD": {
        "means": [
            0.37075905147044863,
            0.3571415010157392,
            0.3571415010157392,
            0.16473391429819068,
            0.20397277439198042,
            0.04972375690607733
        ],
        "stds": [
            0.0,
            0.0,
            0.0,
            0.16386093936893006,
            0.1941023122263055,
            0.0
        ],
        "medians": [
            0.37075905147044863
        ],
        "q1": [
            0.37075905147044863
        ],
        "q3": [
            0.37075905147044863
        ],
        "budgets": [
            0,
            186,
            372,
            558,
            744,
            930
        ],
        "values": [
            [
                0.37075905147044863,
                0.37075905147044863,
                0.37075905147044863,
                0.37075905147044863,
                0.37075905147044863
            ]
        ]
    },
    "EO": {
        "means": [
            0.5704941860465116,
            0.5287063953488372,
            0.5287063953488372,
            0.26589147286821707,
            0.2719234496124031,
            0.07751937984496127
        ],
        "stds": [
            0.0,
            0.0,
            0.0,
            0.26043915983623384,
            0.2384245989393592,
            0.0
        ],
        "medians": [
            0.5704941860465116
        ],
        "q1": [
            0.5704941860465116
        ],
        "q3": [
            0.5704941860465116
        ],
        "budgets": [
            0,
            186,
            372,
            558,
            744,
            930
        ],
        "values": [
            [
                0.5704941860465116,
                0.5704941860465116,
                0.5704941860465116,
                0.5704941860465116,
                0.5704941860465116
            ]
        ]
    },
    "ACC": {
        "means": [
            0.7336197636949516,
            0.7261009667024705,
            0.7261009667024705,
            0.687218045112782,
            0.6676691729323309,
            0.6476906552094522
        ],
        "stds": [
            0.0,
            0.0,
            0.0,
            0.04314890631755543,
            0.03631458063865164,
            0.0
        ],
        "medians": [
            0.7336197636949516
        ],
        "q1": [
            0.7336197636949516
        ],
        "q3": [
            0.7336197636949516
        ],
        "budgets": [
            0,
            186,
            372,
            558,
            744,
            930
        ],
        "values": [
            [
                0.7336197636949516,
                0.7336197636949516,
                0.7336197636949516,
                0.7336197636949516,
                0.7336197636949516
            ]
        ]
    },
    "F1": {
        "means": [
            0.48547717842323646,
            0.4492440604751621,
            0.4492440604751621,
            0.216757485930107,
            0.23877460411425186,
            0.05747126436781609
        ],
        "stds": [
            0.0,
            5.551115123125783e-17,
            5.551115123125783e-17,
            0.21633234080199068,
            0.22286180086442187,
            0.0
        ],
        "medians": [
            0.48547717842323646
        ],
        "q1": [
            0.48547717842323646
        ],
        "q3": [
            0.48547717842323646
        ],
        "budgets": [
            0,
            186,
            372,
            558,
            744,
            930
        ],
        "values": [
            [
                0.48547717842323646,
                0.48547717842323646,
                0.48547717842323646,
                0.48547717842323646,
                0.48547717842323646
            ]
        ]
    },
    "col_list": [
        [
            [
                "Y"
            ],
            [
                "Y"
            ],
            [
                "Y"
            ],
            [
                "Y"
            ],
            [
                "Y"
            ]
        ],
        [
            [
                "EverBenched",
                "Y"
            ],
            [
                "EverBenched",
                "Y"
            ],
            [
                "EverBenched",
                "Y"
            ],
            [
                "EverBenched",
                "Y"
            ],
            [
                "EverBenched",
                "Y"
            ]
        ],
        [
            [
                "EverBenched",
                "Y"
            ],
            [
                "EverBenched",
                "Y"
            ],
            [
                "EverBenched",
                "Y"
            ],
            [
                "EverBenched",
                "Y"
            ],
            [
                "EverBenched",
                "Y"
            ]
        ],
        [
            [
                "City_New_Delhi",
                "Gender",
                "Y"
            ],
            [
                "City_New_Delhi",
                "Gender",
                "Y"
            ],
            [
                "City_New_Delhi",
                "Gender",
                "Y"
            ],
            [
                "City_New_Delhi",
                "Gender",
                "Y"
            ],
            [
                "City_New_Delhi",
                "Gender",
                "Y"
            ]
        ],
        [
            [
                "City_New_Delhi",
                "Gender",
                "Y"
            ],
            [
                "City_New_Delhi",
                "Gender",
                "Y"
            ],
            [
                "City_New_Delhi",
                "Gender",
                "Y"
            ],
            [
                "City_New_Delhi",
                "Gender",
                "Y"
            ],
            [
                "City_New_Delhi",
                "Gender",
                "Y"
            ]
        ],
        [
            [
                "Gender",
                "Y"
            ],
            [
                "Gender",
                "Y"
            ],
            [
                "Gender",
                "Y"
            ],
            [
                "Gender",
                "Y"
            ],
            [
                "Gender",
                "Y"
            ]
        ]
    ],