{
    "AUC": {
        "means": [
            0.7600827332618356,
            0.689441295133037,
            0.6466350033195445,
            0.5999989786017057,
            0.5302109187477656,
            0.44271181247127317
        ],
        "stds": [
            0.0030720332817344423,
            0.010721670487488733,
            0.030634535064858456,
            0.04860558160451572,
            0.05804631475963969,
            0.005492373662758501
        ],
        "medians": [
            0.7608446963893569
        ],
        "q1": [
            0.7579183902762883
        ],
        "q3": [
            0.7625248965834228
        ],
        "budgets": [
            0,
            186,
            372,
            558,
            744,
            930
        ],
        "values": [
            [
                0.7553546805576835,
                0.7579183902762883,
                0.7637710025024259,
                0.7625248965834228,
                0.7608446963893569
            ]
        ]
    },
    "SPD": {
        "means": [
            0.38488352224184086,
            0.3435011676254485,
            0.30106889939435366,
            0.17928651440071386,
            0.15685481574300847,
            0.07845303867403315
        ],
        "stds": [
            0.010474601662977893,
            0.030397595221859572,
            0.03549677101026754,
            0.12582748386669138,
            0.07377950185053853,
            0.017102300944742393
        ],
        "medians": [
            0.38952174821059027
        ],
        "q1": [
            0.3758994513109681
        ],
        "q3": [
            0.3935752121660876
        ],
        "budgets": [
            0,
            186,
            372,
            558,
            744,
            930
        ],
        "values": [
            [
                0.3692686677678419,
                0.3758994513109681,
                0.3935752121660876,
                0.38952174821059027,
                0.3961525317537165
            ]
        ]
    },
    "EO": {
        "means": [
            0.5596172480620154,
            0.4963662790697675,
            0.42592054263565887,
            0.2239098837209302,
            0.17986918604651164,
            0.2124031007751938
        ],
        "stds": [
            0.01992663705020897,
            0.034898774072306515,
            0.03068955023383488,
            0.2206294569426804,
            0.06082780822140189,
            0.03847960820462281
        ],
        "medians": [
            0.5632267441860466
        ],
        "q1": [
            0.5555959302325582
        ],
        "q3": [
            0.5632267441860466
        ],
        "budgets": [
            0,
            186,
            372,
            558,
            744,
            930
        ],
        "values": [
            [
                0.5268895348837209,
                0.5632267441860466,
                0.5632267441860466,
                0.5555959302325582,
                0.5891472868217054
            ]
        ]
    },
    "ACC": {
        "means": [
            0.7366272824919442,
            0.7129967776584317,
            0.689795918367347,
            0.6294307196562836,
            0.590547798066595,
            0.668313641245972
        ],
        "stds": [
            0.005235685330592478,
            0.006565287557437642,
            0.04201639056682991,
            0.07128750516239746,
            0.08058689082194931,
            0.0036202576898717036
        ],
        "medians": [
            0.7379162191192267
        ],
        "q1": [
            0.7368421052631579
        ],
        "q3": [
            0.7379162191192267
        ],
        "budgets": [
            0,
            186,
            372,
            558,
            744,
            930
        ],
        "values": [
            [
                0.7271750805585392,
                0.7379162191192267,
                0.7379162191192267,
                0.7432867883995704,
                0.7368421052631579
            ]
        ]
    },
    "F1": {
        "means": [
            0.5952052289414291,
            0.5449176620557172,
            0.5086671312145147,
            0.41187843127981416,
            0.3675167918489325,
            0.23930592740665918
        ],
        "stds": [
            0.005904650375793538,
            0.024781547347033164,
            0.03228298881280385,
            0.06878738895986508,
            0.08389303965809744,
            0.05615660115463781
        ],
        "medians": [
            0.5956834532374101
        ],
        "q1": [
            0.5898203592814371
        ],
        "q3": [
            0.5984962406015037
        ],
        "budgets": [
            0,
            186,
            372,
            558,
            744,
            930
        ],
        "values": [
            [
                0.5898203592814371,
                0.5878594249201278,
                0.5956834532374101,
                0.5984962406015037,
                0.6041666666666666
            ]
        ]
    },
    "col_list": [
        [
            [
                "Y"
            ],
            [
                "Y"
            ],
            [
                "Y"
            ],
            [
                "Y"
            ],
            [
                "Y"
            ]
        ],
        [
            [
                "Age",
                "JoiningYear",
                "Y"
            ],
            [
                "Age",
                "JoiningYear",
                "Y"
            ],
            [
                "Age",
                "JoiningYear",
                "Y"
            ],
            [
                "Age",
                "JoiningYear",
                "Y"
            ],
            [
                "Age",
                "JoiningYear",
                "Y"
            ]
        ],
        [
            [
                "Age",
                "JoiningYear",
                "Y"
            ],
            [
                "Age",
                "JoiningYear",
                "Y"
            ],
            [
                "Age",
                "JoiningYear",
                "Y"
            ],
            [
                "Age",
                "JoiningYear",
                "Y"
            ],
            [
                "Age",
                "JoiningYear",
                "Y"
            ]
        ],
        [
            [
                "Age",
                "Gender",
                "Y"
            ],
            [
                "Age",
                "Gender",
                "Y"
            ],
            [
                "Age",
                "Gender",
                "Y"
            ],
            [
                "Age",
                "Gender",
                "Y"
            ],
            [
                "Age",
                "Gender",
                "Y"
            ]
        ],
        [
            [
                "Age",
                "Gender",
                "Y"
            ],
            [
                "Age",
                "Gender",
                "Y"
            ],
            [
                "Age",
                "Gender",
                "Y"
            ],
            [
                "Age",
                "Gender",
                "Y"
            ],
            [
                "Age",
                "Gender",
                "Y"
            ]
        ],
        [
            [
                "Gender",
                "Y"
            ],
            [
                "Gender",
                "Y"
            ],
            [
                "Gender",
                "Y"
            ],
            [
                "Gender",
                "Y"
            ],
            [
                "Gender",
                "Y"
            ]
        ]
    ],