{
    "AUC": {
        "means": [
            0.6989122108166079,
            0.6451917675297483,
            0.6646299984679025,
            0.4559879475001277,
            0.4559879475001277,
            0.4177222818037894
        ],
        "stds": [
            0.0,
            0.03945562695422428,
            0.03823725327432801,
            5.551115123125783e-17,
            5.551115123125783e-17,
            0.01913283284816916
        ],
        "medians": [
            0.6989122108166079
        ],
        "q1": [
            0.6989122108166079
        ],
        "q3": [
            0.6989122108166079
        ],
        "budgets": [
            0,
            372,
            744,
            1116,
            1488,
            1861
        ],
        "values": [
            [
                0.6989122108166079,
                0.6989122108166079,
                0.6989122108166079,
                0.6989122108166079,
                0.6989122108166079
            ]
        ]
    },
    "SPD": {
        "means": [
            0.3681817318828198,
            0.35507300032275824,
            0.28134742078183433,
            0.16243283780448442,
            0.16243283780448442,
            0.7871257428186288
        ],
        "stds": [
            0.0,
            0.012611822855194877,
            0.04645912518229102,
            0.0,
            0.0,
            0.31234645250707216
        ],
        "medians": [
            0.3681817318828198
        ],
        "q1": [
            0.3681817318828198
        ],
        "q3": [
            0.3681817318828198
        ],
        "budgets": [
            0,
            372,
            744,
            1116,
            1488,
            1861
        ],
        "values": [
            [
                0.3681817318828198,
                0.3681817318828198,
                0.3681817318828198,
                0.3681817318828198,
                0.3681817318828198
            ]
        ]
    },
    "EO": {
        "means": [
            0.5652858527131782,
            0.5486918604651164,
            0.3944282945736434,
            0.266109496124031,
            0.266109496124031,
            0.7823885658914729
        ],
        "stds": [
            0.0,
            0.011903972157932442,
            0.09485793824549008,
            0.0,
            0.0,
            0.258139534883721
        ],
        "medians": [
            0.5652858527131782
        ],
        "q1": [
            0.5652858527131782
        ],
        "q3": [
            0.5652858527131782
        ],
        "budgets": [
            0,
            372,
            744,
            1116,
            1488,
            1861
        ],
        "values": [
            [
                0.5652858527131782,
                0.5652858527131782,
                0.5652858527131782,
                0.5652858527131782,
                0.5652858527131782
            ]
        ]
    },
    "ACC": {
        "means": [
            0.7325456498388829,
            0.7342642320085929,
            0.7001074113856068,
            0.6326530612244898,
            0.6326530612244898,
            0.4161117078410312
        ],
        "stds": [
            0.0,
            0.001456998922261056,
            0.020041939917835625,
            0.0,
            0.0,
            0.10827067669172934
        ],
        "medians": [
            0.7325456498388829
        ],
        "q1": [
            0.7325456498388829
        ],
        "q3": [
            0.7325456498388829
        ],
        "budgets": [
            0,
            372,
            744,
            1116,
            1488,
            1861
        ],
        "values": [
            [
                0.7325456498388829,
                0.7325456498388829,
                0.7325456498388829,
                0.7325456498388829,
                0.7325456498388829
            ]
        ]
    },
    "F1": {
        "means": [
            0.48232848232848236,
            0.483502390976662,
            0.4247179622774547,
            0.17391304347826086,
            0.17391304347826086,
            0.29843949357149874
        ],
        "stds": [
            0.0,
            0.0020603729680697055,
            0.05206590523606814,
            0.0,
            0.0,
            0.062263225046618915
        ],
        "medians": [
            0.48232848232848236
        ],
        "q1": [
            0.48232848232848236
        ],
        "q3": [
            0.48232848232848236
        ],
        "budgets": [
            0,
            372,
            744,
            1116,
            1488,
            1861
        ],
        "values": [
            [
                0.48232848232848236,
                0.48232848232848236,
                0.48232848232848236,
                0.48232848232848236,
                0.48232848232848236
            ]
        ]
    },
    "col_list": [
        [
            [
                "Y"
            ],
            [
                "Y"
            ],
            [
                "Y"
            ],
            [
                "Y"
            ],
            [
                "Y"
            ]
        ],
        [
            [
                "Education",
                "Age",
                "City_Pune",
                "Y"
            ],
            [
                "Education",
                "Age",
                "City_Pune",
                "Y"
            ],
            [
                "Education",
                "Age",
                "City_Pune",
                "Y"
            ],
            [
                "Education",
                "Age",
                "City_Pune",
                "Y"
            ],
            [
                "Education",
                "Age",
                "City_Pune",
                "Y"
            ]
        ],
        [
            [
                "PaymentTier",
                "Age",
                "Y"
            ],
            [
                "PaymentTier",
                "Age",
                "Y"
            ],
            [
                "PaymentTier",
                "Age",
                "Y"
            ],
            [
                "PaymentTier",
                "Age",
                "Y"
            ],
            [
                "PaymentTier",
                "Age",
                "Y"
            ]
        ],
        [
            [
                "Gender",
                "Y"
            ],
            [
                "Gender",
                "Y"
            ],
            [
                "Gender",
                "Y"
            ],
            [
                "Gender",
                "Y"
            ],
            [
                "Gender",
                "Y"
            ]
        ],
        [
            [
                "Gender",
                "Y"
            ],
            [
                "Gender",
                "Y"
            ],
            [
                "Gender",
                "Y"
            ],
            [
                "Gender",
                "Y"
            ],
            [
                "Gender",
                "Y"
            ]
        ],
        [
            [
                "Gender",
                "Y"
            ],
            [
                "Gender",
                "Y"
            ],
            [
                "Gender",
                "Y"
            ],
            [
                "Gender",
                "Y"
            ],
            [
                "Gender",
                "Y"
            ]
        ]
    ],