{
    "AUC": {
        "means": [
            0.7098156376078851,
            0.5801338031765486,
            0.6143016189162964,
            0.46252489658342266,
            0.438299371840049,
            0.42191001481027524
        ],
        "stds": [
            0.0,
            0.0,
            0.06899097814075805,
            0.0,
            0.012200570174498151,
            0.020307440886573724
        ],
        "medians": [
            0.7098156376078851
        ],
        "q1": [
            0.7098156376078851
        ],
        "q3": [
            0.7098156376078851
        ],
        "budgets": [
            0,
            372,
            744,
            1116,
            1488,
            1861
        ],
        "values": [
            [
                0.7098156376078851,
                0.7098156376078851,
                0.7098156376078851,
                0.7098156376078851,
                0.7098156376078851
            ]
        ]
    },
    "SPD": {
        "means": [
            0.37075905147044863,
            0.32620891951928005,
            0.2605152740597293,
            0.15248903571225153,
            0.6758586318847183,
            0.6861679102352338
        ],
        "stds": [
            0.0,
            0.0,
            0.08377290529281406,
            0.0,
            0.2621463776693841,
            0.2668394372614912
        ],
        "medians": [
            0.37075905147044863
        ],
        "q1": [
            0.37075905147044863
        ],
        "q3": [
            0.37075905147044863
        ],
        "budgets": [
            0,
            372,
            744,
            1116,
            1488,
            1861
        ],
        "values": [
            [
                0.37075905147044863,
                0.37075905147044863,
                0.37075905147044863,
                0.37075905147044863,
                0.37075905147044863
            ]
        ]
    },
    "EO": {
        "means": [
            0.5704941860465116,
            0.5158672480620154,
            0.3634932170542636,
            0.266109496124031,
            0.6136385658914729,
            0.6448885658914729
        ],
        "stds": [
            0.0,
            0.0,
            0.16910434784300338,
            0.0,
            0.17533417708136745,
            0.18938953488372093
        ],
        "medians": [
            0.5704941860465116
        ],
        "q1": [
            0.5704941860465116
        ],
        "q3": [
            0.5704941860465116
        ],
        "budgets": [
            0,
            372,
            744,
            1116,
            1488,
            1861
        ],
        "values": [
            [
                0.5704941860465116,
                0.5704941860465116,
                0.5704941860465116,
                0.5704941860465116,
                0.5704941860465116
            ]
        ]
    },
    "ACC": {
        "means": [
            0.7336197636949516,
            0.7368421052631579,
            0.6977443609022556,
            0.635875402792696,
            0.4408163265306123,
            0.4322234156820623
        ],
        "stds": [
            0.0,
            0.0,
            0.03153288031636965,
            0.0,
            0.09761703679469164,
            0.10182599355531688
        ],
        "medians": [
            0.7336197636949516
        ],
        "q1": [
            0.7336197636949516
        ],
        "q3": [
            0.7336197636949516
        ],
        "budgets": [
            0,
            372,
            744,
            1116,
            1488,
            1861
        ],
        "values": [
            [
                0.7336197636949516,
                0.7336197636949516,
                0.7336197636949516,
                0.7336197636949516,
                0.7336197636949516
            ]
        ]
    },
    "F1": {
        "means": [
            0.48547717842323646,
            0.4708423326133909,
            0.3859367528139163,
            0.17518248175182483,
            0.3527797145163359,
            0.3416746119820566
        ],
        "stds": [
            0.0,
            5.551115123125783e-17,
            0.07898331298362818,
            0.0,
            0.08909075490432938,
            0.0832460651151159
        ],
        "medians": [
            0.48547717842323646
        ],
        "q1": [
            0.48547717842323646
        ],
        "q3": [
            0.48547717842323646
        ],
        "budgets": [
            0,
            372,
            744,
            1116,
            1488,
            1861
        ],
        "values": [
            [
                0.48547717842323646,
                0.48547717842323646,
                0.48547717842323646,
                0.48547717842323646,
                0.48547717842323646
            ]
        ]
    },
    "col_list": [
        [
            [
                "Y"
            ],
            [
                "Y"
            ],
            [
                "Y"
            ],
            [
                "Y"
            ],
            [
                "Y"
            ]
        ],
        [
            [
                "Education",
                "Age",
                "City_Pune",
                "Y"
            ],
            [
                "Education",
                "Age",
                "City_Pune",
                "Y"
            ],
            [
                "Education",
                "Age",
                "City_Pune",
                "Y"
            ],
            [
                "Education",
                "Age",
                "City_Pune",
                "Y"
            ],
            [
                "Education",
                "Age",
                "City_Pune",
                "Y"
            ]
        ],
        [
            [
                "PaymentTier",
                "Age",
                "Y"
            ],
            [
                "PaymentTier",
                "Age",
                "Y"
            ],
            [
                "PaymentTier",
                "Age",
                "Y"
            ],
            [
                "PaymentTier",
                "Age",
                "Y"
            ],
            [
                "PaymentTier",
                "Age",
                "Y"
            ]
        ],
        [
            [
                "Gender",
                "Y"
            ],
            [
                "Gender",
                "Y"
            ],
            [
                "Gender",
                "Y"
            ],
            [
                "Gender",
                "Y"
            ],
            [
                "Gender",
                "Y"
            ]
        ],
        [
            [
                "Gender",
                "Y"
            ],
            [
                "Gender",
                "Y"
            ],
            [
                "Gender",
                "Y"
            ],
            [
                "Gender",
                "Y"
            ],
            [
                "Gender",
                "Y"
            ]
        ],
        [
            [
                "Gender",
                "Y"
            ],
            [
                "Gender",
                "Y"
            ],
            [
                "Gender",
                "Y"
            ],
            [
                "Gender",
                "Y"
            ],
            [
                "Gender",
                "Y"
            ]
        ]
    ],