{
    "AUC": {
        "means": [
            0.6914621316582401,
            0.561947806547163,
            0.4673172973801134,
            0.4673172973801134,
            0.4262846637046116,
            0.49282569838108364
        ],
        "stds": [
            0.018455839470083283,
            0.012272237158826985,
            0.041561024122573245,
            0.041561024122573245,
            0.013025348418468464,
            0.08883838546943844
        ],
        "medians": [
            0.6974465042643379
        ],
        "q1": [
            0.6929932077013432
        ],
        "q3": [
            0.7039068484755631
        ],
        "budgets": [
            0,
            372,
            744,
            1116,
            1488,
            1861
        ],
        "values": [
            [
                0.7039068484755631,
                0.6929932077013432,
                0.7070833971707268,
                0.6974465042643379,
                0.6558807006792298
            ]
        ]
    },
    "SPD": {
        "means": [
            0.22635036357768032,
            0.2858328112243929,
            0.11942055400505021,
            0.11942055400505021,
            0.5307275350762279,
            0.19279869377835998
        ],
        "stds": [
            0.10281878507579598,
            0.14025784206930395,
            0.14250100111825342,
            0.14250100111825342,
            0.35324334058349854,
            0.24086037212896866
        ],
        "medians": [
            0.25036547625828254
        ],
        "q1": [
            0.14064665565491447
        ],
        "q3": [
            0.3155056862410055
        ],
        "budgets": [
            0,
            372,
            744,
            1116,
            1488,
            1861
        ],
        "values": [
            [
                0.14064665565491447,
                0.25036547625828254,
                0.07731958762886598,
                0.3479144121053331,
                0.3155056862410055
            ]
        ]
    },
    "EO": {
        "means": [
            0.33214631782945736,
            0.461797480620155,
            0.1413517441860465,
            0.1413517441860465,
            0.47514534883720927,
            0.1641957364341085
        ],
        "stds": [
            0.16375781571447104,
            0.19282234500049908,
            0.16997146717969763,
            0.16997146717969763,
            0.352672141814288,
            0.1607147769462238
        ],
        "medians": [
            0.37766472868217055
        ],
        "q1": [
            0.17453972868217055
        ],
        "q3": [
            0.4723837209302325
        ],
        "budgets": [
            0,
            372,
            744,
            1116,
            1488,
            1861
        ],
        "values": [
            [
                0.17453972868217055,
                0.37766472868217055,
                0.109375,
                0.5267684108527131,
                0.4723837209302325
            ]
        ]
    },
    "ACC": {
        "means": [
            0.6986036519871106,
            0.6784103114930182,
            0.6201933404940924,
            0.6201933404940924,
            0.4713211600429645,
            0.602577873254565
        ],
        "stds": [
            0.02520485464861657,
            0.08250313207340174,
            0.04395527983139014,
            0.04395527983139014,
            0.1174520786363698,
            0.08605522431519051
        ],
        "medians": [
            0.7046186895810956
        ],
        "q1": [
            0.6702470461868958
        ],
        "q3": [
            0.7228786251342643
        ],
        "budgets": [
            0,
            372,
            744,
            1116,
            1488,
            1861
        ],
        "values": [
            [
                0.6702470461868958,
                0.7046186895810956,
                0.6680988184747583,
                0.7271750805585392,
                0.7228786251342643
            ]
        ]
    },
    "F1": {
        "means": [
            0.33559168733503786,
            0.38665597362577203,
            0.10115781909400526,
            0.10115781909400526,
            0.25806037226034945,
            0.15384625820462333
        ],
        "stds": [
            0.15960607813826408,
            0.1442297619575089,
            0.12771096644524735,
            0.12771096644524735,
            0.16958781072571116,
            0.17131098175449974
        ],
        "medians": [
            0.3529411764705882
        ],
        "q1": [
            0.18997361477572558
        ],
        "q3": [
            0.5076335877862596
        ],
        "budgets": [
            0,
            372,
            744,
            1116,
            1488,
            1861
        ],
        "values": [
            [
                0.18997361477572558,
                0.3529411764705882,
                0.11965811965811965,
                0.5077519379844961,
                0.5076335877862596
            ]
        ]
    },
    "col_list": [
        [
            [
                "Y"
            ],
            [
                "Y"
            ],
            [
                "Y"
            ],
            [
                "Y"
            ],
            [
                "Y"
            ]
        ],
        [
            [
                "Education",
                "Age",
                "Y"
            ],
            [
                "Education",
                "Age",
                "Y"
            ],
            [
                "Education",
                "Age",
                "Y"
            ],
            [
                "Education",
                "Age",
                "Y"
            ],
            [
                "Education",
                "Age",
                "Y"
            ]
        ],
        [
            [
                "Gender",
                "EverBenched",
                "Y"
            ],
            [
                "Gender",
                "EverBenched",
                "Y"
            ],
            [
                "Gender",
                "EverBenched",
                "Y"
            ],
            [
                "Gender",
                "EverBenched",
                "Y"
            ],
            [
                "Gender",
                "EverBenched",
                "Y"
            ]
        ],
        [
            [
                "Gender",
                "Y"
            ],
            [
                "Gender",
                "Y"
            ],
            [
                "Gender",
                "Y"
            ],
            [
                "Gender",
                "Y"
            ],
            [
                "Gender",
                "Y"
            ]
        ],
        [
            [
                "Gender",
                "Y"
            ],
            [
                "Gender",
                "Y"
            ],
            [
                "Gender",
                "Y"
            ],
            [
                "Gender",
                "Y"
            ],
            [
                "Gender",
                "Y"
            ]
        ],
        [
            [
                "Gender",
                "Age",
                "EverBenched",
                "Y"
            ],
            [
                "Gender",
                "Age",
                "EverBenched",
                "Y"
            ],
            [
                "Gender",
                "Age",
                "EverBenched",
                "Y"
            ],
            [
                "Gender",
                "Age",
                "EverBenched",
                "Y"
            ],
            [
                "Gender",
                "Age",
                "EverBenched",
                "Y"
            ]
        ]
    ],