{
    "AUC": {
        "means": [
            0.8230207854552882,
            0.6840222664828148,
            0.6314008477605844,
            0.5315964455339359,
            0.5489980082733263,
            0.49594249527603296
        ],
        "stds": [
            0.0037765394264399374,
            0.014259520547372274,
            0.013803389968196115,
            0.020481557772576427,
            0.05023529996701137,
            0.007520518082030407
        ],
        "medians": [
            0.8224273530463204
        ],
        "q1": [
            0.8210663398192125
        ],
        "q3": [
            0.8257366835197386
        ],
        "budgets": [
            0,
            372,
            744,
            1116,
            1488,
            1861
        ],
        "values": [
            [
                0.8210663398192125,
                0.8257366835197386,
                0.8284025330677698,
                0.8224273530463204,
                0.8174710178234003
            ]
        ]
    },
    "SPD": {
        "means": [
            0.2918275711492092,
            0.17601146741090917,
            0.15696398397600195,
            0.0340073285109453,
            0.22460651971673218,
            0.018776936074879916
        ],
        "stds": [
            0.004792196200093395,
            0.06176929307032535,
            0.1034462274737267,
            0.012439441462518725,
            0.20161439640629322,
            0.008187815309448567
        ],
        "medians": [
            0.29263731465132614
        ],
        "q1": [
            0.28748267547606843
        ],
        "q3": [
            0.29447893527747715
        ],
        "budgets": [
            0,
            372,
            744,
            1116,
            1488,
            1861
        ],
        "values": [
            [
                0.28748267547606843,
                0.29447893527747715,
                0.29889787549125707,
                0.29263731465132614,
                0.2856410548499174
            ]
        ]
    },
    "EO": {
        "means": [
            0.15336724806201546,
            0.16344476744186048,
            0.2748788759689923,
            0.017853682170542638,
            0.11085271317829457,
            0.021366279069767444
        ],
        "stds": [
            0.011025720352853196,
            0.12924077367833534,
            0.06949782366478088,
            0.009787721099973654,
            0.09044958081409747,
            0.002965535829364244
        ],
        "medians": [
            0.14813468992248058
        ],
        "q1": [
            0.1455910852713178
        ],
        "q3": [
            0.16375968992248058
        ],
        "budgets": [
            0,
            372,
            744,
            1116,
            1488,
            1861
        ],
        "values": [
            [
                0.14038275193798444,
                0.16375968992248058,
                0.16896802325581395,
                0.1455910852713178,
                0.14813468992248058
            ]
        ]
    },
    "ACC": {
        "means": [
            0.8356605800214822,
            0.7662728249194414,
            0.7437164339419978,
            0.6715359828141783,
            0.5703544575725027,
            0.6584317937701396
        ],
        "stds": [
            0.0029611275514694387,
            0.011620303618731247,
            0.004109801604663611,
            0.014780680912369145,
            0.07166843101014944,
            0.0022530802323741184
        ],
        "medians": [
            0.8345864661654135
        ],
        "q1": [
            0.8345864661654135
        ],
        "q3": [
            0.8378088077336198
        ],
        "budgets": [
            0,
            372,
            744,
            1116,
            1488,
            1861
        ],
        "values": [
            [
                0.8345864661654135,
                0.8378088077336198,
                0.8399570354457573,
                0.8345864661654135,
                0.8313641245972073
            ]
        ]
    },
    "F1": {
        "means": [
            0.7520256696721268,
            0.5901696865521923,
            0.4831425030264869,
            0.1667672193122513,
            0.34629016923234046,
            0.0467551361585681
        ],
        "stds": [
            0.004475501170668113,
            0.02757719313264396,
            0.014475112821948443,
            0.060344991208801844,
            0.2394911972186383,
            0.004383942783975173
        ],
        "medians": [
            0.7508090614886731
        ],
        "q1": [
            0.7499999999999999
        ],
        "q3": [
            0.7552674230145867
        ],
        "budgets": [
            0,
            372,
            744,
            1116,
            1488,
            1861
        ],
        "values": [
            [
                0.7499999999999999,
                0.7552674230145867,
                0.7585089141004863,
                0.7508090614886731,
                0.7455429497568881
            ]
        ]
    },