{
    "AUC": {
        "means": [
            0.7097849956590573,
            0.6552341555589601,
            0.6130687911751187,
            0.5547265206067105,
            0.535754047290741,
            0.4271487666615597
        ],
        "stds": [
            0.0,
            0.013927111859805785,
            0.025509721455570733,
            0.03463227815479351,
            0.03438004871023729,
            5.551115123125783e-17
        ],
        "medians": [
            0.7097849956590573
        ],
        "q1": [
            0.7097849956590573
        ],
        "q3": [
            0.7097849956590573
        ],
        "budgets": [
            0,
            186,
            372,
            558,
            744,
            930
        ],
        "values": [
            [
                0.7097849956590573,
                0.7097849956590573,
                0.7097849956590573,
                0.7097849956590573,
                0.7097849956590573
            ]
        ]
    },
    "SPD": {
        "means": [
            0.37075905147044863,
            0.334073778739724,
            0.2676226006720966,
            0.10636498262801161,
            0.16036528640048603,
            0.047882136279926324
        ],
        "stds": [
            0.0,
            0.069088450310639,
            0.12422886010880001,
            0.06252200086249773,
            0.07748023376921465,
            0.0
        ],
        "medians": [
            0.37075905147044863
        ],
        "q1": [
            0.37075905147044863
        ],
        "q3": [
            0.37075905147044863
        ],
        "budgets": [
            0,
            186,
            372,
            558,
            744,
            930
        ],
        "values": [
            [
                0.37075905147044863,
                0.37075905147044863,
                0.37075905147044863,
                0.37075905147044863,
                0.37075905147044863
            ]
        ]
    },
    "EO": {
        "means": [
            0.5704941860465116,
            0.50031492248062,
            0.3924418604651162,
            0.2020348837209302,
            0.17841569767441862,
            0.06976744186046513
        ],
        "stds": [
            0.0,
            0.09839827628696259,
            0.1821208460118038,
            0.11566240206589411,
            0.1067489937354298,
            0.0
        ],
        "medians": [
            0.5704941860465116
        ],
        "q1": [
            0.5704941860465116
        ],
        "q3": [
            0.5704941860465116
        ],
        "budgets": [
            0,
            186,
            372,
            558,
            744,
            930
        ],
        "values": [
            [
                0.5704941860465116,
                0.5704941860465116,
                0.5704941860465116,
                0.5704941860465116,
                0.5704941860465116
            ]
        ]
    },
    "ACC": {
        "means": [
            0.7336197636949516,
            0.6945220193340493,
            0.6369495166487648,
            0.6070891514500537,
            0.5703544575725028,
            0.6466165413533834
        ],
        "stds": [
            0.0,
            0.029717063743571335,
            0.030554716328849176,
            0.049106624794540275,
            0.06736329689624831,
            0.0
        ],
        "medians": [
            0.7336197636949516
        ],
        "q1": [
            0.7336197636949516
        ],
        "q3": [
            0.7336197636949516
        ],
        "budgets": [
            0,
            186,
            372,
            558,
            744,
            930
        ],
        "values": [
            [
                0.7336197636949516,
                0.7336197636949516,
                0.7336197636949516,
                0.7336197636949516,
                0.7336197636949516
            ]
        ]
    },
    "F1": {
        "means": [
            0.48547717842323646,
            0.42784417124526586,
            0.3570777666163,
            0.38047703051341963,
            0.3649726582792819,
            0.05187319884726225
        ],
        "stds": [
            0.0,
            0.06536796077853309,
            0.15470624466654273,
            0.11059703724839118,
            0.1347335218704663,
            6.938893903907228e-18
        ],
        "medians": [
            0.48547717842323646
        ],
        "q1": [
            0.48547717842323646
        ],
        "q3": [
            0.48547717842323646
        ],
        "budgets": [
            0,
            186,
            372,
            558,
            744,
            930
        ],
        "values": [
            [
                0.48547717842323646,
                0.48547717842323646,
                0.48547717842323646,
                0.48547717842323646,
                0.48547717842323646
            ]
        ]
    },
    "col_list": [
        [
            [
                "Y"
            ],
            [
                "Y"
            ],
            [
                "Y"
            ],
            [
                "Y"
            ],
            [
                "Y"
            ]
        ],
        [
            [
                "Age",
                "JoiningYear",
                "Y"
            ],
            [
                "Age",
                "JoiningYear",
                "Y"
            ],
            [
                "Age",
                "JoiningYear",
                "Y"
            ],
            [
                "Age",
                "JoiningYear",
                "Y"
            ],
            [
                "Age",
                "JoiningYear",
                "Y"
            ]
        ],
        [
            [
                "Age",
                "JoiningYear",
                "Y"
            ],
            [
                "Age",
                "JoiningYear",
                "Y"
            ],
            [
                "Age",
                "JoiningYear",
                "Y"
            ],
            [
                "Age",
                "JoiningYear",
                "Y"
            ],
            [
                "Age",
                "JoiningYear",
                "Y"
            ]
        ],
        [
            [
                "Age",
                "Gender",
                "Y"
            ],
            [
                "Age",
                "Gender",
                "Y"
            ],
            [
                "Age",
                "Gender",
                "Y"
            ],
            [
                "Age",
                "Gender",
                "Y"
            ],
            [
                "Age",
                "Gender",
                "Y"
            ]
        ],
        [
            [
                "Age",
                "Gender",
                "Y"
            ],
            [
                "Age",
                "Gender",
                "Y"
            ],
            [
                "Age",
                "Gender",
                "Y"
            ],
            [
                "Age",
                "Gender",
                "Y"
            ],
            [
                "Age",
                "Gender",
                "Y"
            ]
        ],
        [
            [
                "Gender",
                "Y"
            ],
            [
                "Gender",
                "Y"
            ],
            [
                "Gender",
                "Y"
            ],
            [
                "Gender",
                "Y"
            ],
            [
                "Gender",
                "Y"
            ]
        ]
    ],