{
    "AUC": {
        "means": [
            0.699287063990603,
            0.6788682906899546,
            0.7051769572544814,
            0.6018558807006792,
            0.5993136203462539
        ],
        "stds": [
            0.09964353210000021,
            0.08951036993300683,
            0.010519382669012974,
            0.08337916619108385,
            0.05377944585162374
        ],
        "medians": [
            0.7491037229967825,
            0.7243654563096878,
            0.706393953322098,
            0.6595883764874112,
            0.6109442827230478
        ],
        "q1": [
            0.7491037229967825,
            0.7166998621112302,
            0.698299371840049,
            0.5,
            0.5941014248506205
        ],
        "q3": [
            0.7491139369797252,
            0.7257596649813596,
            0.706393953322098,
            0.6714417036923548,
            0.637990909555181
        ],
        "budgets": [
            0,
            148,
            222,
            296,
            372
        ],
        "values": [
            [
                0.7491139369797252,
                0.7491139369797252,
                0.5,
                0.7491037229967825,
                0.7491037229967825
            ],
            [
                0.7275164700474951,
                0.5,
                0.7243654563096878,
                0.7166998621112302,
                0.7257596649813596
            ],
            [
                0.6916960318676268,
                0.706393953322098,
                0.7231014759205352,
                0.706393953322098,
                0.698299371840049
            ],
            [
                0.6714417036923548,
                0.5,
                0.67824932332363,
                0.6595883764874112,
                0.5
            ],
            [
                0.637990909555181,
                0.5941014248506205,
                0.5,
                0.6109442827230478,
                0.6535314846024207
            ]
        ]
    },
    "SPD": {
        "means": [
            0.32958933758614795,
            0.2949820584382298,
            0.3338696816084753,
            0.19726984488618027,
            0.25117332118243435
        ],
        "stds": [
            0.16479466879307397,
            0.1517624284471615,
            0.037948739488211855,
            0.1648529608151917,
            0.12933928337915512
        ],
        "medians": [
            0.41198667198268496,
            0.33798959579275123,
            0.33026238347477743,
            0.27135425566250876,
            0.2882895711112377
        ],
        "q1": [
            0.41198667198268496,
            0.32583395037117197,
            0.32694936492567067,
            0.0,
            0.2779802927607222
        ],
        "q3": [
            0.41198667198268496,
            0.3843813483700708,
            0.33026238347477743,
            0.33282546372766797,
            0.3232613772284559
        ],
        "budgets": [
            0,
            148,
            222,
            296,
            372
        ],
        "values": [
            [
                0.41198667198268496,
                0.41198667198268496,
                0.0,
                0.41198667198268496,
                0.41198667198268496
            ],
            [
                0.32583395037117197,
                0.0,
                0.3843813483700708,
                0.33798959579275123,
                0.4267053976571548
            ],
            [
                0.32694936492567067,
                0.33026238347477743,
                0.40021074215412655,
                0.33026238347477743,
                0.28166353401302424
            ],
            [
                0.33282546372766797,
                0.0,
                0.3821695050407245,
                0.27135425566250876,
                0.0
            ],
            [
                0.366335364811756,
                0.2779802927607222,
                0.0,
                0.2882895711112377,
                0.3232613772284559
            ]
        ]
    },
    "EO": {
        "means": [
            0.4858527131782946,
            0.45392441860465116,
            0.5058139534883721,
            0.27410368217054265,
            0.3568798449612403
        ],
        "stds": [
            0.24292635658914727,
            0.22871099470573752,
            0.038260088644368515,
            0.22619281542461636,
            0.18260513012553664
        ],
        "medians": [
            0.6073158914728682,
            0.5522044573643411,
            0.5078730620155039,
            0.4114583333333333,
            0.40891472868217055
        ],
        "q1": [
            0.6073158914728682,
            0.5238614341085271,
            0.5078730620155039,
            0.0,
            0.39849806201550386
        ],
        "q3": [
            0.6073158914728682,
            0.5886627906976744,
            0.5208333333333334,
            0.44573643410852715,
            0.47674418604651164
        ],
        "budgets": [
            0,
            148,
            222,
            296,
            372
        ],
        "values": [
            [
                0.6073158914728682,
                0.6073158914728682,
                0.0,
                0.6073158914728682,
                0.6073158914728682
            ],
            [
                0.5238614341085271,
                0.0,
                0.5886627906976744,
                0.5522044573643411,
                0.6048934108527131
            ],
            [
                0.5208333333333334,
                0.5078730620155039,
                0.5549903100775194,
                0.5078730620155039,
                0.4375
            ],
            [
                0.44573643410852715,
                0.0,
                0.5133236434108528,
                0.4114583333333333,
                0.0
            ],
            [
                0.5002422480620154,
                0.39849806201550386,
                0.0,
                0.40891472868217055,
                0.47674418604651164
            ]
        ]
    },
    "ACC": {
        "means": [
            0.721374865735768,
            0.715359828141783,
            0.7222341568206231,
            0.683780880773362,
            0.6940923737916219
        ],
        "stds": [
            0.03308270676691731,
            0.030479104442769432,
            0.00487983531325478,
            0.024129101752264605,
            0.019938053104484828
        ],
        "medians": [
            0.7379162191192267,
            0.728249194414608,
            0.7250268528464017,
            0.6917293233082706,
            0.7035445757250268
        ],
        "q1": [
            0.7379162191192267,
            0.7228786251342643,
            0.7164339419978518,
            0.6552094522019334,
            0.6970998925886144
        ],
        "q3": [
            0.7379162191192267,
            0.7325456498388829,
            0.7250268528464017,
            0.706766917293233,
            0.7035445757250268
        ],
        "budgets": [
            0,
            148,
            222,
            296,
            372
        ],