{
    "AUC": {
        "means": [
            0.7604861855880701,
            0.7540299269700219,
            0.7123691333435472,
            0.6654583524845512,
            0.6654583524845512,
            0.6654583524845512
        ],
        "stds": [
            0.0020602173281585243,
            0.0024045885244227687,
            0.008509392955464445,
            0.0025085147019188927,
            0.0025085147019188927,
            0.0025085147019188927
        ],
        "medians": [
            0.7598335120780348,
            0.7531382462591288,
            0.7171748123180633,
            0.666120218579235,
            0.666120218579235,
            0.666120218579235
        ],
        "q1": [
            0.7587559368775855,
            0.7517542515703999,
            0.7071855370001531,
            0.6652162810888106,
            0.6652162810888106,
            0.6652162810888106
        ],
        "q3": [
            0.7617077779480108,
            0.7567948521525969,
            0.7183596343394105,
            0.6673305755579388,
            0.6673305755579388,
            0.6673305755579388
        ],
        "budgets": [
            0,
            74,
            148,
            223,
            297,
            372
        ],
        "values": [
            [
                0.7587559368775855,
                0.7582707726878096,
                0.7638629283489096,
                0.7617077779480108,
                0.7598335120780348
            ],
            [
                0.7517542515703999,
                0.7567948521525969,
                0.7569889178285072,
                0.751473367039477,
                0.7531382462591288
            ],
            [
                0.6981512690873806,
                0.7171748123180633,
                0.7071855370001531,
                0.7209744139727285,
                0.7183596343394105
            ],
            [
                0.666120218579235,
                0.6673305755579388,
                0.6652162810888106,
                0.6678361677135999,
                0.6607885194831723
            ],
            [
                0.666120218579235,
                0.6673305755579388,
                0.6652162810888106,
                0.6678361677135999,
                0.6607885194831723
            ],
            [
                0.666120218579235,
                0.6673305755579388,
                0.6652162810888106,
                0.6678361677135999,
                0.6607885194831723
            ]
        ]
    },
    "SPD": {
        "means": [
            0.3838525944067893,
            0.38414307683545024,
            0.34498300772721235,
            0.35912171783334285,
            0.35912171783334285,
            0.35912171783334285
        ],
        "stds": [
            0.008120916520827436,
            0.02749415871953881,
            0.013504234399514734,
            0.01590049932574368,
            0.01590049932574368,
            0.01590049932574368
        ],
        "medians": [
            0.3843671090353325,
            0.38546828425509294,
            0.3424037895616183,
            0.35234759165385127,
            0.35234759165385127,
            0.35234759165385127
        ],
        "q1": [
            0.3792124698600748,
            0.37368760798162176,
            0.33357065557897136,
            0.3516118926923734,
            0.3516118926923734,
            0.3516118926923734
        ],
        "q3": [
            0.39099789257845874,
            0.4038844905166031,
            0.3582379297905869,
            0.3773850885686621,
            0.3773850885686621,
            0.3773850885686621
        ],
        "budgets": [
            0,
            74,
            148,
            223,
            297,
            372
        ],
        "values": [
            [
                0.3843671090353325,
                0.3711102883939929,
                0.3935752121660876,
                0.3792124698600748,
                0.39099789257845874
            ],
            [
                0.38546828425509294,
                0.4038844905166031,
                0.41897818533918096,
                0.37368760798162176,
                0.33869681608475255
            ],
            [
                0.3582379297905869,
                0.3424037895616183,
                0.32804579370051834,
                0.36265687000436675,
                0.33357065557897136
            ],
            [
                0.3516118926923734,
                0.35234759165385127,
                0.3368789276831653,
                0.3773850885686621,
                0.3773850885686621
            ],
            [
                0.3516118926923734,
                0.35234759165385127,
                0.3368789276831653,
                0.3773850885686621,
                0.3773850885686621
            ],
            [
                0.3516118926923734,
                0.35234759165385127,
                0.3368789276831653,
                0.3773850885686621,
                0.3773850885686621
            ]
        ]
    },
    "EO": {
        "means": [
            0.5513081395348838,
            0.5602955426356588,
            0.4976501937984497,
            0.5142926356589148,
            0.5142926356589148,
            0.5142926356589148
        ],
        "stds": [
            0.025109406022884452,
            0.05707589516293479,
            0.01951873077676285,
            0.020335855493652924,
            0.020335855493652924,
            0.020335855493652924
        ],
        "medians": [
            0.5451792635658915,
            0.5503875968992248,
            0.497577519379845,
            0.513202519379845,
            0.513202519379845,
            0.513202519379845
        ],
        "q1": [
            0.5399709302325582,
            0.547843992248062,
            0.481952519379845,
            0.5079941860465116,
            0.5079941860465116,
            0.5079941860465116
        ],
        "q3": [
            0.5632267441860466,
            0.6151889534883721,
            0.5106589147286822,
            0.5236191860465116,
            0.5236191860465116,
            0.5236191860465116
        ],
        "budgets": [
            0,
            74,
            148,
            223,
            297,
            372
        ],
        "values": [
            [
                0.5164728682170543,
                0.5451792635658915,
                0.5632267441860466,
                0.5399709302325582,
                0.5916908914728682
            ],
            [
                0.547843992248062,
                0.6151889534883721,
                0.623062015503876,
                0.5503875968992248,
                0.46499515503875966
            ],
            [
                0.5262839147286822,
                0.4717781007751938,
                0.497577519379845,
                0.5106589147286822,
                0.481952519379845
            ],
            [
                0.513202519379845,
                0.5079941860465116,
                0.4821947674418605,
                0.5236191860465116,
                0.544452519379845
            ],
            [
                0.513202519379845,
                0.5079941860465116,
                0.4821947674418605,
                0.5236191860465116,
                0.544452519379845
            ],
            [
                0.513202519379845,
                0.5079941860465116,
                0.4821947674418605,
                0.5236191860465116,
                0.544452519379845
            ]
        ]
    },
    "ACC": {
        "means": [
            0.7357679914070892,
            0.7400644468313642,
            0.7129967776584317,
            0.7125671321160043,
            0.7125671321160043,
            0.7125671321160043
        ],