{
    "AUC": {
        "means": [
            0.7604861855880701,
            0.7372769521474899,
            0.7075563045809714,
            0.6642745518614983,
            0.6419314641744547,
            0.636274960420816
        ],
        "stds": [
            0.0020602173281585243,
            0.005243636812247653,
            0.008525129238608455,
            0.0036109508212839453,
            0.014790217835349305,
            0.024573797554027783
        ],
        "medians": [
            0.7598335120780348,
            0.7361115366937336,
            0.7048414279148154,
            0.6631173075940963,
            0.6461212399775291,
            0.6461212399775291
        ],
        "q1": [
            0.7587559368775855,
            0.7341351309943311,
            0.7046677902047903,
            0.6618609876921505,
            0.6332056585465502,
            0.634288340738471
        ],
        "q3": [
            0.7617077779480108,
            0.7400541341095961,
            0.7152954394566161,
            0.6640467800418773,
            0.6530871763444155,
            0.6530871763444155
        ],
        "budgets": [
            0,
            74,
            148,
            223,
            297,
            372
        ],
        "values": [
            [
                0.7587559368775855,
                0.7582707726878096,
                0.7638629283489096,
                0.7617077779480108,
                0.7598335120780348
            ],
            [
                0.7361115366937336,
                0.7341351309943311,
                0.7457024666768808,
                0.7303814922629079,
                0.7400541341095961
            ],
            [
                0.7046677902047903,
                0.6945406261171544,
                0.7152954394566161,
                0.7048414279148154,
                0.7184362392114805
            ],
            [
                0.6611357949032226,
                0.6618609876921505,
                0.6640467800418773,
                0.6631173075940963,
                0.6712118890761452
            ],
            [
                0.6179612890046474,
                0.6461212399775291,
                0.6592819569991317,
                0.6332056585465502,
                0.6530871763444155
            ],
            [
                0.6580818140033705,
                0.6461212399775291,
                0.634288340738471,
                0.5897962310402942,
                0.6530871763444155
            ]
        ]
    },
    "SPD": {
        "means": [
            0.3838525944067893,
            0.36508040477682213,
            0.33628941922500044,
            0.31361470258776175,
            0.2848835222418408,
            0.2893546733496611
        ],
        "stds": [
            0.008120916520827436,
            0.034482649864443014,
            0.039786300408215604,
            0.01264232459542556,
            0.03686276033740695,
            0.02913539345216262
        ],
        "medians": [
            0.3843671090353325,
            0.368176985437907,
            0.3192079132729585,
            0.3151639422072867,
            0.2904966679956712,
            0.29260883598184956
        ],
        "q1": [
            0.3792124698600748,
            0.32767082455241026,
            0.31773651535000286,
            0.31258187617474514,
            0.2849718061172182,
            0.2904966679956712
        ],
        "q3": [
            0.39099789257845874,
            0.38732414421598227,
            0.3387252947542291,
            0.3232613772284559,
            0.3011714226044692,
            0.3011714226044692
        ],
        "budgets": [
            0,
            74,
            148,
            223,
            297,
            372
        ],
        "values": [
            [
                0.3843671090353325,
                0.3711102883939929,
                0.3935752121660876,
                0.3792124698600748,
                0.39099789257845874
            ],
            [
                0.32767082455241026,
                0.368176985437907,
                0.38732414421598227,
                0.3265696493326498,
                0.4156604203451615
            ],
            [
                0.3192079132729585,
                0.31773651535000286,
                0.3387252947542291,
                0.2949156082094511,
                0.41086176453836076
            ],
            [
                0.3265743957775626,
                0.2904919215507585,
                0.3232613772284559,
                0.31258187617474514,
                0.3151639422072867
            ],
            [
                0.21796149683886767,
                0.3011714226044692,
                0.32981621765297797,
                0.2849718061172182,
                0.2904966679956712
            ],
            [
                0.3257532608076551,
                0.3011714226044692,
                0.29260883598184956,
                0.23674317935866035,
                0.2904966679956712
            ]
        ]
    },
    "EO": {
        "means": [
            0.5513081395348838,
            0.5577277131782946,
            0.49261143410852715,
            0.45397286821705424,
            0.3948885658914728,
            0.4087936046511628
        ],
        "stds": [
            0.025109406022884452,
            0.030094639665950475,
            0.022156363201633427,
            0.011910871869127452,
            0.04449552895774736,
            0.026250123404038317
        ],
        "medians": [
            0.5451792635658915,
            0.5706153100775194,
            0.48207364341085274,
            0.4534883720930233,
            0.4039486434108527,
            0.4169089147286822
        ],
        "q1": [
            0.5399709302325582,
            0.5238614341085271,
            0.47686531007751937,
            0.4482800387596899,
            0.4031007751937984,
            0.4031007751937984
        ],
        "q3": [
            0.5632267441860466,
            0.5758236434108528,
            0.5002422480620154,
            0.4639050387596899,
            0.4169089147286822,
            0.42151162790697677
        ],
        "budgets": [
            0,
            74,
            148,
            223,
            297,
            372
        ],
        "values": [
            [
                0.5164728682170543,
                0.5451792635658915,
                0.5632267441860466,
                0.5399709302325582,
                0.5916908914728682
            ],
            [
                0.5238614341085271,
                0.5758236434108528,
                0.5706153100775194,
                0.5211967054263567,
                0.5971414728682171
            ],
            [
                0.47686531007751937,
                0.5002422480620154,
                0.48207364341085274,
                0.47141472868217055,
                0.5324612403100775
            ],
            [
                0.4639050387596899,
                0.4351986434108527,
                0.4534883720930233,
                0.4482800387596899,
                0.4689922480620155
            ],
            [
                0.31007751937984496,
                0.44040697674418605,
                0.4031007751937984,
                0.4039486434108527,
                0.4169089147286822
            ],
            [
                0.42151162790697677,
                0.44040697674418605,
                0.4031007751937984,
                0.36203972868217055,
                0.4169089147286822
            ]
        ]
    },
    "ACC": {
        "means": [
            0.7357679914070892,
            0.7299677765843179,
            0.7177228786251344,
            0.7181525241675618,
            0.6975295381310419,
            0.6771213748657358
        ],