{
    "AUC": {
        "means": [
            0.8230207854552882,
            0.7026352075992033,
            0.6239063377764158,
            0.6212542771053572,
            0.5959557734538583,
            0.5559899902967161
        ],
        "stds": [
            0.0037765394264399374,
            0.019724137343840344,
            0.0021206153463432724,
            0.04609588128629392,
            0.04174219941680284,
            0.013005602432684569
        ],
        "medians": [
            0.8224273530463204
        ],
        "q1": [
            0.8210663398192125
        ],
        "q3": [
            0.8257366835197386
        ],
        "budgets": [
            0,
            372,
            744,
            1116,
            1488,
            1861
        ],
        "values": [
            [
                0.8210663398192125,
                0.8257366835197386,
                0.8284025330677698,
                0.8224273530463204,
                0.8174710178234003
            ]
        ]
    },
    "SPD": {
        "means": [
            0.2918275711492092,
            0.30253175371646635,
            0.07725693455601754,
            0.10837652598203946,
            0.1159233733933284,
            0.30819900894230223
        ],
        "stds": [
            0.004792196200093395,
            0.01693638884557756,
            0.002973430711705213,
            0.04592459732021747,
            0.07593692723143432,
            0.23763577879617775
        ],
        "medians": [
            0.29263731465132614
        ],
        "q1": [
            0.28748267547606843
        ],
        "q3": [
            0.29447893527747715
        ],
        "budgets": [
            0,
            372,
            744,
            1116,
            1488,
            1861
        ],
        "values": [
            [
                0.28748267547606843,
                0.29447893527747715,
                0.29889787549125707,
                0.29263731465132614,
                0.2856410548499174
            ]
        ]
    },
    "EO": {
        "means": [
            0.15336724806201546,
            0.40055717054263573,
            0.17933624031007755,
            0.05433624031007751,
            0.19953972868217057,
            0.3824127906976745
        ],
        "stds": [
            0.011025720352853196,
            0.008660834066182763,
            0.002083333333333326,
            0.039447075190770516,
            0.13094153357359725,
            0.044448024031829764
        ],
        "medians": [
            0.14813468992248058
        ],
        "q1": [
            0.1455910852713178
        ],
        "q3": [
            0.16375968992248058
        ],
        "budgets": [
            0,
            372,
            744,
            1116,
            1488,
            1861
        ],
        "values": [
            [
                0.14038275193798444,
                0.16375968992248058,
                0.16896802325581395,
                0.1455910852713178,
                0.14813468992248058
            ]
        ]
    },
    "ACC": {
        "means": [
            0.8356605800214822,
            0.7576799140708915,
            0.7316863587540279,
            0.6738990332975296,
            0.6803437164339419,
            0.6064446831364125
        ],
        "stds": [
            0.0029611275514694387,
            0.0073354977782873546,
            0.0015786185238130244,
            0.03061205645635178,
            0.06192934754132019,
            0.1202385906610628
        ],
        "medians": [
            0.8345864661654135
        ],
        "q1": [
            0.8345864661654135
        ],
        "q3": [
            0.8378088077336198
        ],
        "budgets": [
            0,
            372,
            744,
            1116,
            1488,
            1861
        ],
        "values": [
            [
                0.8345864661654135,
                0.8378088077336198,
                0.8399570354457573,
                0.8345864661654135,
                0.8313641245972073
            ]
        ]
    },
    "F1": {
        "means": [
            0.7520256696721268,
            0.5919161659279377,
            0.5096221692173053,
            0.44811106494838204,
            0.36287343233511876,
            0.37164206668753447
        ],
        "stds": [
            0.004475501170668113,
            0.023096127450180463,
            0.0019236095018992762,
            0.12445731081040051,
            0.152313508961124,
            0.10981054593676808
        ],
        "medians": [
            0.7508090614886731
        ],
        "q1": [
            0.7499999999999999
        ],
        "q3": [
            0.7552674230145867
        ],
        "budgets": [
            0,
            372,
            744,
            1116,
            1488,
            1861
        ],
        "values": [
            [
                0.7499999999999999,
                0.7552674230145867,
                0.7585089141004863,
                0.7508090614886731,
                0.7455429497568881
            ]
        ]
    },
    "col_list": [
        [
            [
                "Y"
            ],
            [
                "Y"
            ],
            [
                "Y"
            ],
            [
                "Y"
            ],
            [
                "Y"
            ]
        ],
        [
            [
                "JoiningYear",
                "PaymentTier",
                "Y"
            ],
            [
                "JoiningYear",
                "PaymentTier",
                "Y"
            ],
            [
                "JoiningYear",
                "PaymentTier",
                "Y"
            ],
            [
                "JoiningYear",
                "PaymentTier",
                "Y"
            ],
            [
                "JoiningYear",
                "PaymentTier",
                "Y"
            ]
        ],
        [
            [
                "PaymentTier",
                "Y"
            ],
            [
                "PaymentTier",
                "Y"
            ],
            [
                "PaymentTier",
                "Y"
            ],
            [
                "PaymentTier",
                "Y"
            ],
            [
                "PaymentTier",
                "Y"
            ]
        ],
        [
            [
                "Age",
                "Y"
            ],
            [
                "Age",
                "Y"
            ],
            [
                "Age",
                "Y"
            ],
            [
                "Age",
                "Y"
            ],
            [
                "Age",
                "Y"
            ]
        ],
        [
            [
                "JoiningYear",
                "PaymentTier",
                "Y"
            ],
            [
                "JoiningYear",
                "PaymentTier",
                "Y"
            ],
            [
                "JoiningYear",
                "PaymentTier",
                "Y"
            ],
            [
                "JoiningYear",
                "PaymentTier",
                "Y"
            ],
            [
                "JoiningYear",
                "PaymentTier",
                "Y"
            ]
        ],
        [
            [
                "Gender",
                "Education",
                "Y"
            ],
            [
                "Gender",
                "Education",
                "Y"
            ],
            [
                "Gender",
                "Education",
                "Y"
            ],
            [
                "Gender",
                "Education",
                "Y"
            ],
            [
                "Gender",
                "Education",
                "Y"
            ]
        ]
    ],