{
    "AUC": {
        "means": [
            0.749583780195087,
            0.6827118124712731,
            0.6218579234972678,
            0.532148511311986,
            0.5520913130075072,
            0.43000357489402985
        ],
        "stds": [
            0.0,
            0.0032493221095906003,
            0.03155188739266923,
            0.06300133680860369,
            0.0688060721202012,
            0.0
        ],
        "medians": [
            0.749583780195087
        ],
        "q1": [
            0.749583780195087
        ],
        "q3": [
            0.749583780195087
        ],
        "budgets": [
            0,
            186,
            372,
            558,
            744,
            930
        ],
        "values": [
            [
                0.749583780195087,
                0.749583780195087,
                0.749583780195087,
                0.749583780195087,
                0.749583780195087
            ]
        ]
    },
    "SPD": {
        "means": [
            0.3799529152664654,
            0.336070133470031,
            0.29680279470676457,
            0.08489396442064892,
            0.11878547967572288,
            0.06813996316758748
        ],
        "stds": [
            0.0,
            0.030363708542639138,
            0.05438577760817252,
            0.05042741604590612,
            0.08289947261343653,
            0.0
        ],
        "medians": [
            0.3799529152664654
        ],
        "q1": [
            0.3799529152664654
        ],
        "q3": [
            0.3799529152664654
        ],
        "budgets": [
            0,
            186,
            372,
            558,
            744,
            930
        ],
        "values": [
            [
                0.3799529152664654,
                0.3799529152664654,
                0.3799529152664654,
                0.3799529152664654,
                0.3799529152664654
            ]
        ]
    },
    "EO": {
        "means": [
            0.5734011627906976,
            0.49408914728682174,
            0.4189195736434108,
            0.13122577519379847,
            0.20319767441860465,
            0.18604651162790697
        ],
        "stds": [
            0.0,
            0.016062233958232024,
            0.06565170981308963,
            0.11437545674756264,
            0.06449991013771236,
            0.0
        ],
        "medians": [
            0.5734011627906976
        ],
        "q1": [
            0.5734011627906976
        ],
        "q3": [
            0.5734011627906976
        ],
        "budgets": [
            0,
            186,
            372,
            558,
            744,
            930
        ],
        "values": [
            [
                0.5734011627906976,
                0.5734011627906976,
                0.5734011627906976,
                0.5734011627906976,
                0.5734011627906976
            ]
        ]
    },
    "ACC": {
        "means": [
            0.728249194414608,
            0.715359828141783,
            0.6816326530612246,
            0.6161117078410312,
            0.6158968850698173,
            0.6670247046186896
        ],
        "stds": [
            0.0,
            0.014506503128794085,
            0.03410611724226971,
            0.05228893926397038,
            0.05847205916628373,
            0.0
        ],
        "medians": [
            0.728249194414608
        ],
        "q1": [
            0.728249194414608
        ],
        "q3": [
            0.728249194414608
        ],
        "budgets": [
            0,
            186,
            372,
            558,
            744,
            930
        ],
        "values": [
            [
                0.728249194414608,
                0.728249194414608,
                0.728249194414608,
                0.728249194414608,
                0.728249194414608
            ]
        ]
    },
    "F1": {
        "means": [
            0.5068226120857701,
            0.44783743006968707,
            0.40997309652669733,
            0.30700252098726866,
            0.32768623122994195,
            0.1340782122905028
        ],
        "stds": [
            0.0,
            0.02803885437745548,
            0.07315971097635625,
            0.17891559262778364,
            0.16557228119340198,
            0.0
        ],
        "medians": [
            0.5068226120857701
        ],
        "q1": [
            0.5068226120857701
        ],
        "q3": [
            0.5068226120857701
        ],
        "budgets": [
            0,
            186,
            372,
            558,
            744,
            930
        ],
        "values": [
            [
                0.5068226120857701,
                0.5068226120857701,
                0.5068226120857701,
                0.5068226120857701,
                0.5068226120857701
            ]
        ]
    },
    "col_list": [
        [
            [
                "Y"
            ],
            [
                "Y"
            ],
            [
                "Y"
            ],
            [
                "Y"
            ],
            [
                "Y"
            ]
        ],
        [
            [
                "Age",
                "JoiningYear",
                "Y"
            ],
            [
                "Age",
                "JoiningYear",
                "Y"
            ],
            [
                "Age",
                "JoiningYear",
                "Y"
            ],
            [
                "Age",
                "JoiningYear",
                "Y"
            ],
            [
                "Age",
                "JoiningYear",
                "Y"
            ]
        ],
        [
            [
                "Age",
                "JoiningYear",
                "Y"
            ],
            [
                "Age",
                "JoiningYear",
                "Y"
            ],
            [
                "Age",
                "JoiningYear",
                "Y"
            ],
            [
                "Age",
                "JoiningYear",
                "Y"
            ],
            [
                "Age",
                "JoiningYear",
                "Y"
            ]
        ],
        [
            [
                "Age",
                "Gender",
                "Y"
            ],
            [
                "Age",
                "Gender",
                "Y"
            ],
            [
                "Age",
                "Gender",
                "Y"
            ],
            [
                "Age",
                "Gender",
                "Y"
            ],
            [
                "Age",
                "Gender",
                "Y"
            ]
        ],
        [
            [
                "Age",
                "Gender",
                "Y"
            ],
            [
                "Age",
                "Gender",
                "Y"
            ],
            [
                "Age",
                "Gender",
                "Y"
            ],
            [
                "Age",
                "Gender",
                "Y"
            ],
            [
                "Age",
                "Gender",
                "Y"
            ]
        ],
        [
            [
                "Gender",
                "Y"
            ],
            [
                "Gender",
                "Y"
            ],
            [
                "Gender",
                "Y"
            ],
            [
                "Gender",
                "Y"
            ],
            [
                "Gender",
                "Y"
            ]
        ]
    ],