{
    "AUC": {
        "means": [
            0.6989122108166079,
            0.6098983708697207,
            0.5245145804606507,
            0.4839129768653286,
            0.4839129768653286,
            0.5793248557274909
        ],
        "stds": [
            0.0,
            0.015466012971758314,
            0.081203207190644,
            0.0,
            0.0,
            0.12086439259964908
        ],
        "medians": [
            0.6989122108166079
        ],
        "q1": [
            0.6989122108166079
        ],
        "q3": [
            0.6989122108166079
        ],
        "budgets": [
            0,
            372,
            744,
            1116,
            1488,
            1861
        ],
        "values": [
            [
                0.6989122108166079,
                0.6989122108166079,
                0.6989122108166079,
                0.6989122108166079,
                0.6989122108166079
            ]
        ]
    },
    "SPD": {
        "means": [
            0.3681817318828198,
            0.3399764576332327,
            0.1915826545917108,
            0.18084904406599456,
            0.18084904406599456,
            0.381221165347155
        ],
        "stds": [
            0.0,
            0.009868808262611295,
            0.02146722105143247,
            0.0,
            0.0,
            0.2964085980430146
        ],
        "medians": [
            0.3681817318828198
        ],
        "q1": [
            0.3681817318828198
        ],
        "q3": [
            0.3681817318828198
        ],
        "budgets": [
            0,
            372,
            744,
            1116,
            1488,
            1861
        ],
        "values": [
            [
                0.3681817318828198,
                0.3681817318828198,
                0.3681817318828198,
                0.3681817318828198,
                0.3681817318828198
            ]
        ]
    },
    "EO": {
        "means": [
            0.5652858527131782,
            0.5284156976744186,
            0.27352228682170543,
            0.2506056201550388,
            0.2506056201550388,
            0.49156976744186043
        ],
        "stds": [
            0.0,
            0.00935077519379841,
            0.04583333333333333,
            0.0,
            0.0,
            0.23715232315152276
        ],
        "medians": [
            0.5652858527131782
        ],
        "q1": [
            0.5652858527131782
        ],
        "q3": [
            0.5652858527131782
        ],
        "budgets": [
            0,
            372,
            744,
            1116,
            1488,
            1861
        ],
        "values": [
            [
                0.5652858527131782,
                0.5652858527131782,
                0.5652858527131782,
                0.5652858527131782,
                0.5652858527131782
            ]
        ]
    },
    "ACC": {
        "means": [
            0.7325456498388829,
            0.7331901181525241,
            0.6360902255639098,
            0.6176154672395274,
            0.6176154672395274,
            0.6259935553168636
        ],
        "stds": [
            0.0,
            0.0012889366272824886,
            0.03694951664876474,
            0.0,
            0.0,
            0.134128223271014
        ],
        "medians": [
            0.7325456498388829
        ],
        "q1": [
            0.7325456498388829
        ],
        "q3": [
            0.7325456498388829
        ],
        "budgets": [
            0,
            372,
            744,
            1116,
            1488,
            1861
        ],
        "values": [
            [
                0.7325456498388829,
                0.7325456498388829,
                0.7325456498388829,
                0.7325456498388829,
                0.7325456498388829
            ]
        ]
    },
    "F1": {
        "means": [
            0.48232848232848236,
            0.47727023440955324,
            0.21091058244462674,
            0.16037735849056603,
            0.16037735849056603,
            0.3639749276821854
        ],
        "stds": [
            0.0,
            0.0029615214506855557,
            0.10106644790812143,
            0.0,
            0.0,
            0.10444807747532986
        ],
        "medians": [
            0.48232848232848236
        ],
        "q1": [
            0.48232848232848236
        ],
        "q3": [
            0.48232848232848236
        ],
        "budgets": [
            0,
            372,
            744,
            1116,
            1488,
            1861
        ],
        "values": [
            [
                0.48232848232848236,
                0.48232848232848236,
                0.48232848232848236,
                0.48232848232848236,
                0.48232848232848236
            ]
        ]
    },
    "col_list": [
        [
            [
                "Y"
            ],
            [
                "Y"
            ],
            [
                "Y"
            ],
            [
                "Y"
            ],
            [
                "Y"
            ]
        ],
        [
            [
                "Education",
                "EverBenched",
                "ExperienceInCurrentDomain",
                "Y"
            ],
            [
                "Education",
                "EverBenched",
                "ExperienceInCurrentDomain",
                "Y"
            ],
            [
                "Education",
                "EverBenched",
                "ExperienceInCurrentDomain",
                "Y"
            ],
            [
                "Education",
                "EverBenched",
                "ExperienceInCurrentDomain",
                "Y"
            ],
            [
                "Education",
                "EverBenched",
                "ExperienceInCurrentDomain",
                "Y"
            ]
        ],
        [
            [
                "Gender",
                "City_New_Delhi",
                "Y"
            ],
            [
                "Gender",
                "City_New_Delhi",
                "Y"
            ],
            [
                "Gender",
                "City_New_Delhi",
                "Y"
            ],
            [
                "Gender",
                "City_New_Delhi",
                "Y"
            ],
            [
                "Gender",
                "City_New_Delhi",
                "Y"
            ]
        ],
        [
            [
                "Gender",
                "Y"
            ],
            [
                "Gender",
                "Y"
            ],
            [
                "Gender",
                "Y"
            ],
            [
                "Gender",
                "Y"
            ],
            [
                "Gender",
                "Y"
            ]
        ],
        [
            [
                "Gender",
                "Y"
            ],
            [
                "Gender",
                "Y"
            ],
            [
                "Gender",
                "Y"
            ],
            [
                "Gender",
                "Y"
            ],
            [
                "Gender",
                "Y"
            ]
        ],
        [
            [
                "Gender",
                "Age",
                "Education",
                "Y"
            ],
            [
                "Gender",
                "Age",
                "Education",
                "Y"
            ],
            [
                "Gender",
                "Age",
                "Education",
                "Y"
            ],
            [
                "Gender",
                "Age",
                "Education",
                "Y"
            ],
            [
                "Gender",
                "Age",
                "Education",
                "Y"
            ]
        ]
    ],