{
    "AUC": {
        "means": [
            0.8711097492467189,
            0.7350058730401919,
            0.6134681579081762,
            0.560088861651601,
            0.5507885194831725,
            0.557574179051121
        ],
        "stds": [
            0.0,
            0.028423728677837407,
            0.004097849956590549,
            0.02786860136647756,
            0.018713847205626907,
            0.0396803023338951
        ],
        "medians": [
            0.8711097492467189
        ],
        "q1": [
            0.8711097492467189
        ],
        "q3": [
            0.8711097492467189
        ],
        "budgets": [
            0,
            372,
            744,
            1116,
            1488,
            1861
        ],
        "values": [
            [
                0.8711097492467189,
                0.8711097492467189,
                0.8711097492467189,
                0.8711097492467189,
                0.8711097492467189
            ]
        ]
    },
    "SPD": {
        "means": [
            0.22748286533386497,
            0.15752311518672513,
            0.06409314423496801,
            0.05825311841430768,
            0.06522944314708283,
            0.020046135444552027
        ],
        "stds": [
            0.0,
            0.057306887636400856,
            0.06422319682557764,
            0.016290244536058148,
            0.059777303736531874,
            0.04009227088910405
        ],
        "medians": [
            0.22748286533386497
        ],
        "q1": [
            0.22748286533386497
        ],
        "q3": [
            0.22748286533386497
        ],
        "budgets": [
            0,
            372,
            744,
            1116,
            1488,
            1861
        ],
        "values": [
            [
                0.22748286533386497,
                0.22748286533386497,
                0.22748286533386497,
                0.22748286533386497,
                0.22748286533386497
            ]
        ]
    },
    "EO": {
        "means": [
            0.1268168604651163,
            0.09312015503875971,
            0.23265503875968996,
            0.07146317829457365,
            0.0351501937984496,
            0.015431201550387597
        ],
        "stds": [
            0.0,
            0.04377010223913166,
            0.03531976744186045,
            0.0729496966705226,
            0.037641669729330786,
            0.030862403100775194
        ],
        "medians": [
            0.1268168604651163
        ],
        "q1": [
            0.1268168604651163
        ],
        "q3": [
            0.1268168604651163
        ],
        "budgets": [
            0,
            372,
            744,
            1116,
            1488,
            1861
        ],
        "values": [
            [
                0.1268168604651163,
                0.1268168604651163,
                0.1268168604651163,
                0.1268168604651163,
                0.1268168604651163
            ]
        ]
    },
    "ACC": {
        "means": [
            0.8464017185821697,
            0.7896885069817401,
            0.7460794844253491,
            0.6745435016111707,
            0.6818474758324383,
            0.6193340494092373
        ],
        "stds": [
            0.0,
            0.009174718154269651,
            0.0008592910848550073,
            0.04873210885262803,
            0.021975014999002222,
            0.07175080558539204
        ],
        "medians": [
            0.8464017185821697
        ],
        "q1": [
            0.8464017185821697
        ],
        "q3": [
            0.8464017185821697
        ],
        "budgets": [
            0,
            372,
            744,
            1116,
            1488,
            1861
        ],
        "values": [
            [
                0.8464017185821697,
                0.8464017185821697,
                0.8464017185821697,
                0.8464017185821697,
                0.8464017185821697
            ]
        ]
    },
    "F1": {
        "means": [
            0.7423423423423423,
            0.6329936539834013,
            0.48649617636401776,
            0.364993967780853,
            0.20706941487262703,
            0.10962962962962963
        ],
        "stds": [
            0.0,
            0.041820961942446506,
            0.005362625626942852,
            0.14411405922695958,
            0.13854008463000572,
            0.21925925925925926
        ],
        "medians": [
            0.7423423423423423
        ],
        "q1": [
            0.7423423423423423
        ],
        "q3": [
            0.7423423423423423
        ],
        "budgets": [
            0,
            372,
            744,
            1116,
            1488,
            1861
        ],
        "values": [
            [
                0.7423423423423423,
                0.7423423423423423,
                0.7423423423423423,
                0.7423423423423423,
                0.7423423423423423
            ]
        ]
    },