{
    "AUC": {
        "means": [
            0.7600827332618356,
            0.7096705990500995,
            0.6705745365405239,
            0.6204463510545938,
            0.6551657218732445,
            0.6048894336346459
        ],
        "stds": [
            0.0030720332817344423,
            0.005372975998317891,
            0.02175877606314332,
            0.029981925278885792,
            0.058253889598654685,
            0.07501499868740065
        ],
        "medians": [
            0.7608446963893569
        ],
        "q1": [
            0.7579183902762883
        ],
        "q3": [
            0.7625248965834228
        ],
        "budgets": [
            0,
            372,
            744,
            1116,
            1488,
            1861
        ],
        "values": [
            [
                0.7553546805576835,
                0.7579183902762883,
                0.7637710025024259,
                0.7625248965834228,
                0.7608446963893569
            ]
        ]
    },
    "SPD": {
        "means": [
            0.38488352224184086,
            0.36441875035598337,
            0.32259022991779157,
            0.30895084581648347,
            0.25482333732034707,
            0.25784682272977544
        ],
        "stds": [
            0.010474601662977893,
            0.019327310699693054,
            0.00953853326068456,
            0.01699524263594384,
            0.09290315091281634,
            0.07389389822337201
        ],
        "medians": [
            0.38952174821059027
        ],
        "q1": [
            0.3758994513109681
        ],
        "q3": [
            0.3935752121660876
        ],
        "budgets": [
            0,
            372,
            744,
            1116,
            1488,
            1861
        ],
        "values": [
            [
                0.3692686677678419,
                0.3758994513109681,
                0.3935752121660876,
                0.38952174821059027,
                0.3961525317537165
            ]
        ]
    },
    "EO": {
        "means": [
            0.5596172480620154,
            0.5332364341085272,
            0.46572189922480617,
            0.40622577519379843,
            0.32388565891472865,
            0.3362403100775194
        ],
        "stds": [
            0.01992663705020897,
            0.024660400576108344,
            0.03086881041030683,
            0.038898009008964535,
            0.1641271828625373,
            0.07366050170153483
        ],
        "medians": [
            0.5632267441860466
        ],
        "q1": [
            0.5555959302325582
        ],
        "q3": [
            0.5632267441860466
        ],
        "budgets": [
            0,
            372,
            744,
            1116,
            1488,
            1861
        ],
        "values": [
            [
                0.5268895348837209,
                0.5632267441860466,
                0.5632267441860466,
                0.5555959302325582,
                0.5891472868217054
            ]
        ]
    },
    "ACC": {
        "means": [
            0.7366272824919442,
            0.7220193340494092,
            0.7224489795918367,
            0.6943071965628356,
            0.6683136412459721,
            0.6090225563909775
        ],
        "stds": [
            0.005235685330592478,
            0.006907813186171255,
            0.0049268936374563975,
            0.04171435629663821,
            0.04305254148427737,
            0.1065919332335577
        ],
        "medians": [
            0.7379162191192267
        ],
        "q1": [
            0.7368421052631579
        ],
        "q3": [
            0.7379162191192267
        ],
        "budgets": [
            0,
            372,
            744,
            1116,
            1488,
            1861
        ],
        "values": [
            [
                0.7271750805585392,
                0.7379162191192267,
                0.7379162191192267,
                0.7432867883995704,
                0.7368421052631579
            ]
        ]
    },
    "F1": {
        "means": [
            0.5952052289414291,
            0.5865854779996982,
            0.5567162934181626,
            0.5311399734148285,
            0.43510955543551777,
            0.5053468067337097
        ],
        "stds": [
            0.005904650375793538,
            0.010218420583703619,
            0.03407923045183977,
            0.03465407665569591,
            0.13898418677863736,
            0.055296915612606065
        ],
        "medians": [
            0.5956834532374101
        ],
        "q1": [
            0.5898203592814371
        ],
        "q3": [
            0.5984962406015037
        ],
        "budgets": [
            0,
            372,
            744,
            1116,
            1488,
            1861
        ],
        "values": [
            [
                0.5898203592814371,
                0.5878594249201278,
                0.5956834532374101,
                0.5984962406015037,
                0.6041666666666666
            ]
        ]
    },