{
    "AUC": {
        "means": [
            0.8753980899851896,
            0.778002144936418,
            0.7007532812420203,
            0.6602446248914765,
            0.6456753996220825,
            0.6390260967264183
        ],
        "stds": [
            0.0013727024986360681,
            0.025942023710986806,
            0.05101131615931973,
            0.04862940115715705,
            0.029464443982834335,
            0.034906691064311976
        ],
        "medians": [
            0.8752923752617332
        ],
        "q1": [
            0.8748199785506358
        ],
        "q3": [
            0.8763086665645269
        ],
        "budgets": [
            0,
            372,
            744,
            1116,
            1488,
            1861
        ],
        "values": [
            [
                0.8752923752617332,
                0.8748199785506358,
                0.8732572391604106,
                0.877312190388642,
                0.8763086665645269
            ]
        ]
    },
    "SPD": {
        "means": [
            0.27673482561561397,
            0.27712972983235556,
            0.27552258358489495,
            0.18625239695468093,
            0.08518729471625752,
            0.06875795029522887
        ],
        "stds": [
            0.00705814431175094,
            0.05972840909491682,
            0.033431339555750963,
            0.0760009658577936,
            0.017254812654922253,
            0.029363536317891688
        ],
        "medians": [
            0.2742306012796416
        ],
        "q1": [
            0.2698116610658617
        ],
        "q3": [
            0.2823327827457235
        ],
        "budgets": [
            0,
            372,
            744,
            1116,
            1488,
            1861
        ],
        "values": [
            [
                0.2742306012796416,
                0.2874874219209812,
                0.2698116610658617,
                0.2823327827457235,
                0.2698116610658617
            ]
        ]
    },
    "EO": {
        "means": [
            0.14874031007751937,
            0.3388323643410852,
            0.3844718992248062,
            0.2052325581395349,
            0.09023740310077519,
            0.07429748062015504
        ],
        "stds": [
            0.013065235496653642,
            0.1532204648797649,
            0.01907192391853034,
            0.14836701240334393,
            0.005519323195369508,
            0.03271018091153439
        ],
        "medians": [
            0.15334302325581395
        ],
        "q1": [
            0.13783914728682167
        ],
        "q3": [
            0.15600775193798444
        ],
        "budgets": [
            0,
            372,
            744,
            1116,
            1488,
            1861
        ],
        "values": [
            [
                0.15334302325581395,
                0.16642441860465118,
                0.13008720930232553,
                0.13783914728682167,
                0.15600775193798444
            ]
        ]
    },
    "ACC": {
        "means": [
            0.8534908700322233,
            0.7858216970998926,
            0.7647690655209451,
            0.7097744360902256,
            0.6833512352309346,
            0.6373791621911923
        ],
        "stds": [
            0.0034371643394199903,
            0.009764398004179171,
            0.019559492399725088,
            0.033914794194398926,
            0.007667698516680881,
            0.08910510876125825
        ],
        "medians": [
            0.8539205155746509
        ],
        "q1": [
            0.8539205155746509
        ],
        "q3": [
            0.8539205155746509
        ],
        "budgets": [
            0,
            372,
            744,
            1116,
            1488,
            1861
        ],
        "values": [
            [
                0.8474758324382384,
                0.8582169709989259,
                0.8539205155746509,
                0.8539205155746509,
                0.8539205155746509
            ]
        ]
    },
    "F1": {
        "means": [
            0.7740225737607533,
            0.6277717778738917,
            0.560573103382294,
            0.44706906017995,
            0.2260362966061832,
            0.2779228526225933
        ],
        "stds": [
            0.005287751677174904,
            0.022515360610573416,
            0.06283904535691705,
            0.1396692994006773,
            0.07108784876190148,
            0.14738054221045002
        ],
        "medians": [
            0.7748344370860927
        ],
        "q1": [
            0.7740863787375414
        ],
        "q3": [
            0.7748344370860927
        ],
        "budgets": [
            0,
            372,
            744,
            1116,
            1488,
            1861
        ],
        "values": [
            [
                0.7649006622516556,
                0.7814569536423841,
                0.7748344370860927,
                0.7740863787375414,
                0.7748344370860927
            ]
        ]
    },