{
    "AUC": {
        "means": [
            0.6926990449925947,
            0.568700270670548,
            0.570069965783157,
            0.5210305908789132,
            0.5645115162657678,
            0.5803350186405188
        ],
        "stds": [
            0.016624797925908832,
            0.01448138897834535,
            0.013090303898355587,
            0.05219811778022136,
            0.01845872935971303,
            0.04454040769853092
        ],
        "medians": [
            0.6984066186609468
        ],
        "q1": [
            0.6931770593943107
        ],
        "q3": [
            0.7033246514478321
        ],
        "budgets": [
            0,
            372,
            744,
            1116,
            1488,
            1861
        ],
        "values": [
            [
                0.7033246514478321,
                0.6931770593943107,
                0.7076911291558143,
                0.6984066186609468,
                0.6608957663040702
            ]
        ]
    },
    "SPD": {
        "means": [
            0.22670444836817225,
            0.22370754305025536,
            0.22400182263484653,
            0.08913633688367413,
            0.1741546581610374,
            0.23129046344288126
        ],
        "stds": [
            0.09107086045138757,
            0.0825437255425692,
            0.08276498976393855,
            0.09307179543829018,
            0.08306186969282818,
            0.10667369630971524
        ],
        "medians": [
            0.25036547625828254
        ],
        "q1": [
            0.16126521235594543
        ],
        "q3": [
            0.2834054792960073
        ],
        "budgets": [
            0,
            372,
            744,
            1116,
            1488,
            1861
        ],
        "values": [
            [
                0.16126521235594543,
                0.25036547625828254,
                0.09020618556701032,
                0.3482798883636157,
                0.2834054792960073
            ]
        ]
    },
    "EO": {
        "means": [
            0.3562984496124031,
            0.4266472868217054,
            0.4276889534883721,
            0.08779069767441859,
            0.25423934108527135,
            0.36128875968992247
        ],
        "stds": [
            0.16706260644264764,
            0.15359619119715637,
            0.15416014592960878,
            0.07070566523120697,
            0.11109682060804348,
            0.16085164421868586
        ],
        "medians": [
            0.37766472868217055
        ],
        "q1": [
            0.21620639534883718
        ],
        "q3": [
            0.5191375968992248
        ],
        "budgets": [
            0,
            372,
            744,
            1116,
            1488,
            1861
        ],
        "values": [
            [
                0.21620639534883718,
                0.37766472868217055,
                0.11979166666666669,
                0.5191375968992248,
                0.5486918604651163
            ]
        ]
    },
    "ACC": {
        "means": [
            0.687218045112782,
            0.735123523093448,
            0.7346938775510203,
            0.628141783029001,
            0.5899033297529538,
            0.6156820622986036
        ],
        "stds": [
            0.02829143309672067,
            0.027865751314753197,
            0.027611203459608404,
            0.03511153170221481,
            0.05060615363110785,
            0.07203581232279611
        ],
        "medians": [
            0.6788399570354458
        ],
        "q1": [
            0.6670247046186896
        ],
        "q3": [
            0.7046186895810956
        ],
        "budgets": [
            0,
            372,
            744,
            1116,
            1488,
            1861
        ],
        "values": [
            [
                0.6788399570354458,
                0.7046186895810956,
                0.6670247046186896,
                0.7325456498388829,
                0.6530612244897959
            ]
        ]
    },
    "F1": {
        "means": [
            0.3521063595421464,
            0.39755550842635434,
            0.397620971638985,
            0.0675155616240211,
            0.3019296935486944,
            0.37939816662751985
        ],
        "stds": [
            0.158346024450416,
            0.13196273973501452,
            0.13200237745174728,
            0.04882663364207462,
            0.10317002393369859,
            0.1570515704438281
        ],
        "medians": [
            0.3529411764705882
        ],
        "q1": [
            0.22739018087855295
        ],
        "q3": [
            0.5239005736137667
        ],
        "budgets": [
            0,
            372,
            744,
            1116,
            1488,
            1861
        ],
        "values": [
            [
                0.22739018087855295,
                0.3529411764705882,
                0.1292134831460674,
                0.5239005736137667,
                0.527086383601757
            ]
        ]
    },