{
    "AUC": {
        "means": [
            0.6914621316582401,
            0.5978448495991012,
            0.6235493590725704,
            0.5535856187120167,
            0.5538195189214034,
            0.5124130534702007
        ],
        "stds": [
            0.018455839470083283,
            0.02044893285871259,
            0.020915389475613323,
            0.01783813845012861,
            0.014588349256683168,
            0.09495171464749047
        ],
        "medians": [
            0.6974465042643379
        ],
        "q1": [
            0.6929932077013432
        ],
        "q3": [
            0.7039068484755631
        ],
        "budgets": [
            0,
            372,
            744,
            1116,
            1488,
            1861
        ],
        "values": [
            [
                0.7039068484755631,
                0.6929932077013432,
                0.7070833971707268,
                0.6974465042643379,
                0.6558807006792298
            ]
        ]
    },
    "SPD": {
        "means": [
            0.22635036357768032,
            0.1916756849120009,
            0.1819559150196503,
            0.13939074633099807,
            0.08860568434242752,
            0.4406162784074728
        ],
        "stds": [
            0.10281878507579598,
            0.08220114739228723,
            0.07713707746980959,
            0.09734065836172115,
            0.061217410146369444,
            0.3131838048313442
        ],
        "medians": [
            0.25036547625828254
        ],
        "q1": [
            0.14064665565491447
        ],
        "q3": [
            0.3155056862410055
        ],
        "budgets": [
            0,
            372,
            744,
            1116,
            1488,
            1861
        ],
        "values": [
            [
                0.14064665565491447,
                0.25036547625828254,
                0.07731958762886598,
                0.3479144121053331,
                0.3155056862410055
            ]
        ]
    },
    "EO": {
        "means": [
            0.33214631782945736,
            0.36986434108527133,
            0.35578972868217057,
            0.2226501937984496,
            0.15084786821705426,
            0.3866521317829458
        ],
        "stds": [
            0.16375781571447104,
            0.1554030966182958,
            0.14861662139331092,
            0.15009077643263768,
            0.10552272749385473,
            0.27641168829346724
        ],
        "medians": [
            0.37766472868217055
        ],
        "q1": [
            0.17453972868217055
        ],
        "q3": [
            0.4723837209302325
        ],
        "budgets": [
            0,
            372,
            744,
            1116,
            1488,
            1861
        ],
        "values": [
            [
                0.17453972868217055,
                0.37766472868217055,
                0.109375,
                0.5267684108527131,
                0.4723837209302325
            ]
        ]
    },
    "ACC": {
        "means": [
            0.6986036519871106,
            0.7254564983888292,
            0.7237379162191192,
            0.5886143931256713,
            0.6083780880773362,
            0.517937701396348
        ],
        "stds": [
            0.02520485464861657,
            0.02819502838353687,
            0.02752247774540844,
            0.057634991817819274,
            0.038281875923245355,
            0.10261335224162055
        ],
        "medians": [
            0.7046186895810956
        ],
        "q1": [
            0.6702470461868958
        ],
        "q3": [
            0.7228786251342643
        ],
        "budgets": [
            0,
            372,
            744,
            1116,
            1488,
            1861
        ],
        "values": [
            [
                0.6702470461868958,
                0.7046186895810956,
                0.6680988184747583,
                0.7271750805585392,
                0.7228786251342643
            ]
        ]
    },
    "F1": {
        "means": [
            0.33559168733503786,
            0.35353358971007987,
            0.343359503457068,
            0.2732371887082662,
            0.21907969155109389,
            0.248298042302841
        ],
        "stds": [
            0.15960607813826408,
            0.13841268955337482,
            0.13289703147931226,
            0.1716752728131473,
            0.14631502842401523,
            0.1385126933032116
        ],
        "medians": [
            0.3529411764705882
        ],
        "q1": [
            0.18997361477572558
        ],
        "q3": [
            0.5076335877862596
        ],
        "budgets": [
            0,
            372,
            744,
            1116,
            1488,
            1861
        ],
        "values": [
            [
                0.18997361477572558,
                0.3529411764705882,
                0.11965811965811965,
                0.5077519379844961,
                0.5076335877862596
            ]
        ]
    },