{
    "AUC": {
        "means": [
            0.7491139369797252,
            0.6917925540064347,
            0.6322772074970634,
            0.5259527092589755,
            0.5210867677850978
        ],
        "stds": [
            0.0,
            0.009916600077035865,
            0.06678941295261481,
            0.05190541851795114,
            0.04217353557019558
        ],
        "medians": [
            0.7491139369797252,
            0.6971809407078289,
            0.6653439558755937,
            0.5,
            0.5
        ],
        "q1": [
            0.7491139369797252,
            0.6862111230274245,
            0.6483836371993258,
            0.5,
            0.5
        ],
        "q3": [
            0.7491139369797252,
            0.6971809407078289,
            0.6731576528267197,
            0.5,
            0.5
        ],
        "budgets": [
            0,
            148,
            223,
            297,
            372
        ],
        "values": [
            [
                0.7491139369797252,
                0.7491139369797252,
                0.7491139369797252,
                0.7491139369797252,
                0.7491139369797252
            ],
            [
                0.6971809407078289,
                0.7031407997548644,
                0.6752489658342271,
                0.6971809407078289,
                0.6862111230274245
            ],
            [
                0.5,
                0.674500791583678,
                0.6653439558755937,
                0.6731576528267197,
                0.6483836371993258
            ],
            [
                0.5,
                0.6297635462948779,
                0.5,
                0.5,
                0.5
            ],
            [
                0.5,
                0.5,
                0.605433838925489,
                0.5,
                0.5
            ]
        ]
    },
    "SPD": {
        "means": [
            0.41198667198268496,
            0.3722200072145963,
            0.273920183782347,
            0.05854075297602096,
            0.05101099276641796
        ],
        "stds": [
            0.0,
            0.022714170207065423,
            0.14169284888382394,
            0.11708150595204192,
            0.10202198553283594
        ],
        "medians": [
            0.41198667198268496,
            0.3567712783125439,
            0.31995310512426195,
            0.0,
            0.0
        ],
        "q1": [
            0.41198667198268496,
            0.3527178143570466,
            0.31258662261965786,
            0.0,
            0.0
        ],
        "q3": [
            0.41198667198268496,
            0.39245505116667617,
            0.32473752159632435,
            0.0,
            0.0
        ],
        "budgets": [
            0,
            148,
            223,
            297,
            372
        ],
        "values": [
            [
                0.41198667198268496,
                0.41198667198268496,
                0.41198667198268496,
                0.41198667198268496,
                0.41198667198268496
            ],
            [
                0.3527178143570466,
                0.3567712783125439,
                0.39245505116667617,
                0.3527178143570466,
                0.4064380778796682
            ],
            [
                0.0,
                0.32473752159632435,
                0.4123236695714909,
                0.31995310512426195,
                0.31258662261965786
            ],
            [
                0.0,
                0.2927037648801048,
                0.0,
                0.0,
                0.0
            ],
            [
                0.0,
                0.0,
                0.2550549638320898,
                0.0,
                0.0
            ]
        ]
    },
    "EO": {
        "means": [
            0.6073158914728682,
            0.5562257751937985,
            0.38057170542635654,
            0.0844234496124031,
            0.08263081395348838
        ],
        "stds": [
            0.0,
            0.013727665675910107,
            0.19061599360214,
            0.1688468992248062,
            0.16526162790697677
        ],
        "medians": [
            0.6073158914728682,
            0.553294573643411,
            0.4688711240310077,
            0.0,
            0.0
        ],
        "q1": [
            0.6073158914728682,
            0.5419089147286822,
            0.4585755813953488,
            0.0,
            0.0
        ],
        "q3": [
            0.6073158914728682,
            0.5684350775193798,
            0.48716085271317827,
            0.0,
            0.0
        ],
        "budgets": [
            0,
            148,
            223,
            297,
            372
        ],
        "values": [
            [
                0.6073158914728682,
                0.6073158914728682,
                0.6073158914728682,
                0.6073158914728682,
                0.6073158914728682
            ],
            [
                0.5419089147286822,
                0.5755813953488372,
                0.5684350775193798,
                0.5419089147286822,
                0.553294573643411
            ],
            [
                0.0,
                0.48716085271317827,
                0.488250968992248,
                0.4688711240310077,
                0.4585755813953488
            ],
            [
                0.0,
                0.4221172480620155,
                0.0,
                0.0,
                0.0
            ],
            [
                0.0,
                0.0,
                0.4131540697674419,
                0.0,
                0.0
            ]
        ]
    },
    "ACC": {
        "means": [
            0.7379162191192267,
            0.7228786251342642,
            0.6973147153598281,
            0.666595059076262,
            0.6438238453276047
        ],
        "stds": [
            0.0,
            0.016996812412332984,
            0.029450313751512993,
            0.02277121374865736,
            0.02277121374865736
        ],
        "medians": [
            0.7379162191192267,
            0.7346938775510204,
            0.7185821697099892,
            0.6552094522019334,
            0.6552094522019334
        ],
        "q1": [
            0.7379162191192267,
            0.706766917293233,
            0.6680988184747583,
            0.6552094522019334,
            0.6552094522019334
        ],
        "q3": [
            0.7379162191192267,
            0.7346938775510204,
            0.7207303974221267,
            0.6552094522019334,
            0.6552094522019334
        ],
        "budgets": [
            0,
            148,
            223,
            297,
            372
        ],
        "values": [
            [
                0.7379162191192267,
                0.7379162191192267,
                0.7379162191192267,
                0.7379162191192267,
                0.7379162191192267
            ],
            [
                0.7346938775510204,
                0.7400644468313641,
                0.6981740064446831,
                0.7346938775510204,
                0.706766917293233
            ],
            [
                0.6552094522019334,
                0.723952738990333,
                0.6680988184747583,
                0.7185821697099892,
                0.7207303974221267
            ],
            [
                0.6552094522019334,
                0.7121374865735768,
                0.6552094522019334,
                0.6552094522019334,
                0.6552094522019334
            ],
            [
                0.6552094522019334,
                0.6552094522019334,
                0.59828141783029,
                0.6552094522019334,
                0.6552094522019334
            ]
        ]
    },