{
    "AUC": {
        "means": [
            0.6989122108166079,
            0.5774985955773454,
            0.5774985955773454,
            0.5069914713242428,
            0.4882089780910066,
            0.4378591491752209
        ],
        "stds": [
            0.0,
            0.0,
            0.0,
            0.0,
            0.015585811194515147,
            0.034566161074510986
        ],
        "medians": [
            0.6989122108166079
        ],
        "q1": [
            0.6989122108166079
        ],
        "q3": [
            0.6989122108166079
        ],
        "budgets": [
            0,
            372,
            744,
            1116,
            1488,
            1861
        ],
        "values": [
            [
                0.6989122108166079,
                0.6989122108166079,
                0.6989122108166079,
                0.6989122108166079,
                0.6989122108166079
            ]
        ]
    },
    "SPD": {
        "means": [
            0.3681817318828198,
            0.3490298266598318,
            0.3490298266598318,
            0.17201116363843483,
            0.33799434223766395,
            0.7972888306658312
        ],
        "stds": [
            0.0,
            0.0,
            0.0,
            0.0,
            0.13590907926931728,
            0.3126388335136982
        ],
        "medians": [
            0.3681817318828198
        ],
        "q1": [
            0.3681817318828198
        ],
        "q3": [
            0.3681817318828198
        ],
        "budgets": [
            0,
            372,
            744,
            1116,
            1488,
            1861
        ],
        "values": [
            [
                0.3681817318828198,
                0.3681817318828198,
                0.3681817318828198,
                0.3681817318828198,
                0.3681817318828198
            ]
        ]
    },
    "EO": {
        "means": [
            0.5652858527131782,
            0.5394864341085271,
            0.5394864341085271,
            0.2376453488372093,
            0.38754844961240303,
            0.7808624031007751
        ],
        "stds": [
            0.0,
            0.0,
            0.0,
            0.0,
            0.12240697971274306,
            0.2716085271317829
        ],
        "medians": [
            0.5652858527131782
        ],
        "q1": [
            0.5652858527131782
        ],
        "q3": [
            0.5652858527131782
        ],
        "budgets": [
            0,
            372,
            744,
            1116,
            1488,
            1861
        ],
        "values": [
            [
                0.5652858527131782,
                0.5652858527131782,
                0.5652858527131782,
                0.5652858527131782,
                0.5652858527131782
            ]
        ]
    },
    "ACC": {
        "means": [
            0.7325456498388829,
            0.7346938775510204,
            0.7346938775510204,
            0.6176154672395274,
            0.5611170784103114,
            0.4148227712137487
        ],
        "stds": [
            0.0,
            0.0,
            0.0,
            0.0,
            0.04617740266639621,
            0.10139634801288937
        ],
        "medians": [
            0.7325456498388829
        ],
        "q1": [
            0.7325456498388829
        ],
        "q3": [
            0.7325456498388829
        ],
        "budgets": [
            0,
            372,
            744,
            1116,
            1488,
            1861
        ],
        "values": [
            [
                0.7325456498388829,
                0.7325456498388829,
                0.7325456498388829,
                0.7325456498388829,
                0.7325456498388829
            ]
        ]
    },
    "F1": {
        "means": [
            0.48232848232848236,
            0.49488752556237214,
            0.49488752556237214,
            0.16037735849056603,
            0.2501197496229057,
            0.2951140204509477
        ],
        "stds": [
            0.0,
            0.0,
            0.0,
            0.0,
            0.07357133087956445,
            0.06736833098019082
        ],
        "medians": [
            0.48232848232848236
        ],
        "q1": [
            0.48232848232848236
        ],
        "q3": [
            0.48232848232848236
        ],
        "budgets": [
            0,
            372,
            744,
            1116,
            1488,
            1861
        ],
        "values": [
            [
                0.48232848232848236,
                0.48232848232848236,
                0.48232848232848236,
                0.48232848232848236,
                0.48232848232848236
            ]
        ]
    },
    "col_list": [
        [
            [
                "Y"
            ],
            [
                "Y"
            ],
            [
                "Y"
            ],
            [
                "Y"
            ],
            [
                "Y"
            ]
        ],
        [
            [
                "Education",
                "City_Bangalore",
                "City_Pune",
                "Y"
            ],
            [
                "Education",
                "City_Bangalore",
                "City_Pune",
                "Y"
            ],
            [
                "Education",
                "City_Bangalore",
                "City_Pune",
                "Y"
            ],
            [
                "Education",
                "City_Bangalore",
                "City_Pune",
                "Y"
            ],
            [
                "Education",
                "City_Bangalore",
                "City_Pune",
                "Y"
            ]
        ],
        [
            [
                "Education",
                "Y"
            ],
            [
                "Education",
                "Y"
            ],
            [
                "Education",
                "Y"
            ],
            [
                "Education",
                "Y"
            ],
            [
                "Education",
                "Y"
            ]
        ],
        [
            [
                "Gender",
                "Y"
            ],
            [
                "Gender",
                "Y"
            ],
            [
                "Gender",
                "Y"
            ],
            [
                "Gender",
                "Y"
            ],
            [
                "Gender",
                "Y"
            ]
        ],
        [
            [
                "Gender",
                "Y"
            ],
            [
                "Gender",
                "Y"
            ],
            [
                "Gender",
                "Y"
            ],
            [
                "Gender",
                "Y"
            ],
            [
                "Gender",
                "Y"
            ]
        ],
        [
            [
                "Gender",
                "Y"
            ],
            [
                "Gender",
                "Y"
            ],
            [
                "Gender",
                "Y"
            ],
            [
                "Gender",
                "Y"
            ],
            [
                "Gender",
                "Y"
            ]
        ]
    ],