{
    "AUC": {
        "means": [
            0.7600827332618356,
            0.6659782442163321,
            0.6659782442163321,
            0.6139175731576527,
            0.542942648485777,
            0.4551381441192993
        ],
        "stds": [
            0.0030720332817344423,
            0.0024968235379581485,
            0.0024968235379581485,
            0.06942556739344806,
            0.11046451416972979,
            0.004129735236507831
        ],
        "medians": [
            0.7608446963893569
        ],
        "q1": [
            0.7579183902762883
        ],
        "q3": [
            0.7625248965834228
        ],
        "budgets": [
            0,
            186,
            372,
            558,
            744,
            930
        ],
        "values": [
            [
                0.7553546805576835,
                0.7579183902762883,
                0.7637710025024259,
                0.7625248965834228,
                0.7608446963893569
            ]
        ]
    },
    "SPD": {
        "means": [
            0.38488352224184086,
            0.364129217216305,
            0.364129217216305,
            0.1830029807674052,
            0.21958667957699687,
            0.08066298342541436
        ],
        "stds": [
            0.010474601662977893,
            0.015853705916947146,
            0.015853705916947146,
            0.13650384389098236,
            0.18054187958481882,
            0.012833334357410195
        ],
        "medians": [
            0.38952174821059027
        ],
        "q1": [
            0.3758994513109681
        ],
        "q3": [
            0.3935752121660876
        ],
        "budgets": [
            0,
            186,
            372,
            558,
            744,
            930
        ],
        "values": [
            [
                0.3692686677678419,
                0.3758994513109681,
                0.3935752121660876,
                0.38952174821059027,
                0.3961525317537165
            ]
        ]
    },
    "EO": {
        "means": [
            0.5596172480620154,
            0.5215843023255814,
            0.5215843023255814,
            0.34234496124031005,
            0.3459060077519379,
            0.22015503875968992
        ],
        "stds": [
            0.01992663705020897,
            0.020648631397917252,
            0.020648631397917252,
            0.17006536196262248,
            0.147429758391362,
            0.026219433372539167
        ],
        "medians": [
            0.5632267441860466
        ],
        "q1": [
            0.5555959302325582
        ],
        "q3": [
            0.5632267441860466
        ],
        "budgets": [
            0,
            186,
            372,
            558,
            744,
            930
        ],
        "values": [
            [
                0.5268895348837209,
                0.5632267441860466,
                0.5632267441860466,
                0.5555959302325582,
                0.5891472868217054
            ]
        ]
    },
    "ACC": {
        "means": [
            0.7366272824919442,
            0.7138560687432867,
            0.7138560687432867,
            0.7009667024704619,
            0.6831364124597208,
            0.6691729323308271
        ],
        "stds": [
            0.005235685330592478,
            0.0035689039153246455,
            0.0035689039153246455,
            0.033663489099804815,
            0.028263689190959024,
            0.004132198509489037
        ],
        "medians": [
            0.7379162191192267
        ],
        "q1": [
            0.7368421052631579
        ],
        "q3": [
            0.7379162191192267
        ],
        "budgets": [
            0,
            186,
            372,
            558,
            744,
            930
        ],
        "values": [
            [
                0.7271750805585392,
                0.7379162191192267,
                0.7379162191192267,
                0.7432867883995704,
                0.7368421052631579
            ]
        ]
    },
    "F1": {
        "means": [
            0.5952052289414291,
            0.5299570360169542,
            0.5299570360169542,
            0.3692558771061325,
            0.36285342172171137,
            0.2281611876576181
        ],
        "stds": [
            0.005904650375793538,
            0.011584361503263477,
            0.011584361503263477,
            0.15922039457738627,
            0.1677812634051998,
            0.02155333287230592
        ],
        "medians": [
            0.5956834532374101
        ],
        "q1": [
            0.5898203592814371
        ],
        "q3": [
            0.5984962406015037
        ],
        "budgets": [
            0,
            186,
            372,
            558,
            744,
            930
        ],
        "values": [
            [
                0.5898203592814371,
                0.5878594249201278,
                0.5956834532374101,
                0.5984962406015037,
                0.6041666666666666
            ]
        ]
    },
    "col_list": [
        [
            [
                "Y"
            ],
            [
                "Y"
            ],
            [
                "Y"
            ],
            [
                "Y"
            ],
            [
                "Y"
            ]
        ],
        [
            [
                "EverBenched",
                "Y"
            ],
            [
                "EverBenched",
                "Y"
            ],
            [
                "EverBenched",
                "Y"
            ],
            [
                "EverBenched",
                "Y"
            ],
            [
                "EverBenched",
                "Y"
            ]
        ],
        [
            [
                "EverBenched",
                "Y"
            ],
            [
                "EverBenched",
                "Y"
            ],
            [
                "EverBenched",
                "Y"
            ],
            [
                "EverBenched",
                "Y"
            ],
            [
                "EverBenched",
                "Y"
            ]
        ],
        [
            [
                "City_New_Delhi",
                "Gender",
                "Y"
            ],
            [
                "City_New_Delhi",
                "Gender",
                "Y"
            ],
            [
                "City_New_Delhi",
                "Gender",
                "Y"
            ],
            [
                "City_New_Delhi",
                "Gender",
                "Y"
            ],
            [
                "City_New_Delhi",
                "Gender",
                "Y"
            ]
        ],
        [
            [
                "City_New_Delhi",
                "Gender",
                "Y"
            ],
            [
                "City_New_Delhi",
                "Gender",
                "Y"
            ],
            [
                "City_New_Delhi",
                "Gender",
                "Y"
            ],
            [
                "City_New_Delhi",
                "Gender",
                "Y"
            ],
            [
                "City_New_Delhi",
                "Gender",
                "Y"
            ]
        ],
        [
            [
                "Gender",
                "Y"
            ],
            [
                "Gender",
                "Y"
            ],
            [
                "Gender",
                "Y"
            ],
            [
                "Gender",
                "Y"
            ],
            [
                "Gender",
                "Y"
            ]
        ]
    ],