{
    "AUC": {
        "means": [
            0.7463663755681528,
            0.6066901588274348,
            0.6357867320361574,
            0.4538021551504009,
            0.43745978244216327,
            0.4208569531688882
        ],
        "stds": [
            0.0,
            0.0,
            0.0929316441129019,
            0.0,
            5.551115123125783e-17,
            0.0
        ],
        "medians": [
            0.7463663755681528
        ],
        "q1": [
            0.7463663755681528
        ],
        "q3": [
            0.7463663755681528
        ],
        "budgets": [
            0,
            372,
            744,
            1116,
            1488,
            1861
        ],
        "values": [
            [
                0.7463663755681528,
                0.7463663755681528,
                0.7463663755681528,
                0.7463663755681528,
                0.7463663755681528
            ]
        ]
    },
    "SPD": {
        "means": [
            0.4097795750982514,
            0.36484972755406203,
            0.32531089214178577,
            0.23388581952117865,
            0.8891752577319586,
            0.8092783505154639
        ],
        "stds": [
            0.0,
            0.0,
            0.08274383401258091,
            0.0,
            1.1102230246251565e-16,
            0.0
        ],
        "medians": [
            0.4097795750982514
        ],
        "q1": [
            0.4097795750982514
        ],
        "q3": [
            0.4097795750982514
        ],
        "budgets": [
            0,
            372,
            744,
            1116,
            1488,
            1861
        ],
        "values": [
            [
                0.4097795750982514,
                0.4097795750982514,
                0.4097795750982514,
                0.4097795750982514,
                0.4097795750982514
            ]
        ]
    },
    "EO": {
        "means": [
            0.609859496124031,
            0.5604408914728682,
            0.402906976744186,
            0.40310077519379844,
            0.8229166666666666,
            0.6666666666666667
        ],
        "stds": [
            0.0,
            0.0,
            0.18307184031486945,
            0.0,
            0.0,
            0.0
        ],
        "medians": [
            0.609859496124031
        ],
        "q1": [
            0.609859496124031
        ],
        "q3": [
            0.609859496124031
        ],
        "budgets": [
            0,
            372,
            744,
            1116,
            1488,
            1861
        ],
        "values": [
            [
                0.609859496124031,
                0.609859496124031,
                0.609859496124031,
                0.609859496124031,
                0.609859496124031
            ]
        ]
    },
    "ACC": {
        "means": [
            0.7400644468313641,
            0.7142857142857143,
            0.7029001074113856,
            0.6305048335123523,
            0.37593984962406013,
            0.4070891514500537
        ],
        "stds": [
            0.0,
            0.0,
            0.04159248465980183,
            0.0,
            0.0,
            0.0
        ],
        "medians": [
            0.7400644468313641
        ],
        "q1": [
            0.7400644468313641
        ],
        "q3": [
            0.7400644468313641
        ],
        "budgets": [
            0,
            372,
            744,
            1116,
            1488,
            1861
        ],
        "values": [
            [
                0.7400644468313641,
                0.7400644468313641,
                0.7400644468313641,
                0.7400644468313641,
                0.7400644468313641
            ]
        ]
    },
    "F1": {
        "means": [
            0.5310077519379846,
            0.49429657794676807,
            0.4432940478723847,
            0.23214285714285715,
            0.35942668136714434,
            0.41151385927505324
        ],
        "stds": [
            0.0,
            0.0,
            0.09153731139656644,
            0.0,
            0.0,
            0.0
        ],
        "medians": [
            0.5310077519379846
        ],
        "q1": [
            0.5310077519379846
        ],
        "q3": [
            0.5310077519379846
        ],
        "budgets": [
            0,
            372,
            744,
            1116,
            1488,
            1861
        ],
        "values": [
            [
                0.5310077519379846,
                0.5310077519379846,
                0.5310077519379846,
                0.5310077519379846,
                0.5310077519379846
            ]
        ]
    },
    "col_list": [
        [
            [
                "Y"
            ],
            [
                "Y"
            ],
            [
                "Y"
            ],
            [
                "Y"
            ],
            [
                "Y"
            ]
        ],
        [
            [
                "Education",
                "Age",
                "City_Pune",
                "Y"
            ],
            [
                "Education",
                "Age",
                "City_Pune",
                "Y"
            ],
            [
                "Education",
                "Age",
                "City_Pune",
                "Y"
            ],
            [
                "Education",
                "Age",
                "City_Pune",
                "Y"
            ],
            [
                "Education",
                "Age",
                "City_Pune",
                "Y"
            ]
        ],
        [
            [
                "PaymentTier",
                "Age",
                "Y"
            ],
            [
                "PaymentTier",
                "Age",
                "Y"
            ],
            [
                "PaymentTier",
                "Age",
                "Y"
            ],
            [
                "PaymentTier",
                "Age",
                "Y"
            ],
            [
                "PaymentTier",
                "Age",
                "Y"
            ]
        ],
        [
            [
                "Gender",
                "Y"
            ],
            [
                "Gender",
                "Y"
            ],
            [
                "Gender",
                "Y"
            ],
            [
                "Gender",
                "Y"
            ],
            [
                "Gender",
                "Y"
            ]
        ],
        [
            [
                "Gender",
                "Y"
            ],
            [
                "Gender",
                "Y"
            ],
            [
                "Gender",
                "Y"
            ],
            [
                "Gender",
                "Y"
            ],
            [
                "Gender",
                "Y"
            ]
        ],
        [
            [
                "Gender",
                "Y"
            ],
            [
                "Gender",
                "Y"
            ],
            [
                "Gender",
                "Y"
            ],
            [
                "Gender",
                "Y"
            ],
            [
                "Gender",
                "Y"
            ]
        ]
    ],