{
    "AUC": {
        "means": [
            0.6914621316582401,
            0.5726132475358766,
            0.5726132475358766,
            0.601689392778714,
            0.572070885041622,
            0.5976140135845972
        ],
        "stds": [
            0.018455839470083283,
            0.01631618944579478,
            0.01631618944579478,
            0.051358337016667456,
            0.02106362678588246,
            0.055489106786325924
        ],
        "medians": [
            0.6974465042643379
        ],
        "q1": [
            0.6929932077013432
        ],
        "q3": [
            0.7039068484755631
        ],
        "budgets": [
            0,
            372,
            744,
            1116,
            1488,
            1861
        ],
        "values": [
            [
                0.7039068484755631,
                0.6929932077013432,
                0.7070833971707268,
                0.6974465042643379,
                0.6558807006792298
            ]
        ]
    },
    "SPD": {
        "means": [
            0.22635036357768032,
            0.21376658882497007,
            0.21376658882497007,
            0.209808053767728,
            0.10377817015055724,
            0.21397922955706178
        ],
        "stds": [
            0.10281878507579598,
            0.08533168165493529,
            0.08533168165493529,
            0.12761122102824182,
            0.0657455084938663,
            0.10018365939765435
        ],
        "medians": [
            0.25036547625828254
        ],
        "q1": [
            0.14064665565491447
        ],
        "q3": [
            0.3155056862410055
        ],
        "budgets": [
            0,
            372,
            744,
            1116,
            1488,
            1861
        ],
        "values": [
            [
                0.14064665565491447,
                0.25036547625828254,
                0.07731958762886598,
                0.3479144121053331,
                0.3155056862410055
            ]
        ]
    },
    "EO": {
        "means": [
            0.33214631782945736,
            0.4110222868217054,
            0.4110222868217054,
            0.32906976744186045,
            0.17315891472868214,
            0.3379602713178294
        ],
        "stds": [
            0.16375781571447104,
            0.16140435187727925,
            0.16140435187727925,
            0.1977740150610448,
            0.1201592536066826,
            0.15254673033853575
        ],
        "medians": [
            0.37766472868217055
        ],
        "q1": [
            0.17453972868217055
        ],
        "q3": [
            0.4723837209302325
        ],
        "budgets": [
            0,
            372,
            744,
            1116,
            1488,
            1861
        ],
        "values": [
            [
                0.17453972868217055,
                0.37766472868217055,
                0.109375,
                0.5267684108527131,
                0.4723837209302325
            ]
        ]
    },
    "ACC": {
        "means": [
            0.6986036519871106,
            0.7331901181525241,
            0.7331901181525241,
            0.6255639097744361,
            0.6122448979591837,
            0.6055853920515575
        ],
        "stds": [
            0.02520485464861657,
            0.030033729288627894,
            0.030033729288627894,
            0.04763837236324724,
            0.03777461592323655,
            0.08083275920167676
        ],
        "medians": [
            0.7046186895810956
        ],
        "q1": [
            0.6702470461868958
        ],
        "q3": [
            0.7228786251342643
        ],
        "budgets": [
            0,
            372,
            744,
            1116,
            1488,
            1861
        ],
        "values": [
            [
                0.6702470461868958,
                0.7046186895810956,
                0.6680988184747583,
                0.7271750805585392,
                0.7228786251342643
            ]
        ]
    },
    "F1": {
        "means": [
            0.33559168733503786,
            0.3856877452539117,
            0.3856877452539117,
            0.33158216713389316,
            0.22232835060971862,
            0.3608085072757693
        ],
        "stds": [
            0.15960607813826408,
            0.14274231407623839,
            0.14274231407623839,
            0.168664200703763,
            0.14379354327525753,
            0.1530605249340986
        ],
        "medians": [
            0.3529411764705882
        ],
        "q1": [
            0.18997361477572558
        ],
        "q3": [
            0.5076335877862596
        ],
        "budgets": [
            0,
            372,
            744,
            1116,
            1488,
            1861
        ],
        "values": [
            [
                0.18997361477572558,
                0.3529411764705882,
                0.11965811965811965,
                0.5077519379844961,
                0.5076335877862596
            ]
        ]
    },