{
    "AUC": {
        "means": [
            0.7097849956590573,
            0.6863541187886216,
            0.6752167917879577,
            0.6619866196823451,
            0.6519922373729636,
            0.6382820080690464
        ],
        "stds": [
            0.0,
            0.0033675178023256556,
            0.004453120157455991,
            0.004578331236596701,
            0.00872074242078992,
            0.014751638349884064
        ],
        "medians": [
            0.7097849956590573,
            0.6878964302129615,
            0.6751034165772943,
            0.663096879628211,
            0.6530820693529441,
            0.636101322710791
        ],
        "q1": [
            0.7097849956590573,
            0.6849394821510647,
            0.6733517185026301,
            0.6594607017006281,
            0.6513661202185792,
            0.6330422348194678
        ],
        "q3": [
            0.7097849956590573,
            0.6879117511873754,
            0.6796384250038303,
            0.6651243552423267,
            0.656876564016138,
            0.6429293703079516
        ],
        "budgets": [
            0,
            74,
            148,
            223,
            297,
            372
        ],
        "values": [
            [
                0.7097849956590573,
                0.7097849956590573,
                0.7097849956590573,
                0.7097849956590573,
                0.7097849956590573
            ],
            [
                0.6849394821510647,
                0.6878964302129615,
                0.6904346049742097,
                0.6879117511873754,
                0.6805883254174965
            ],
            [
                0.6733517185026301,
                0.6679485215259691,
                0.6800418773300649,
                0.6751034165772943,
                0.6796384250038303
            ],
            [
                0.6545733108625709,
                0.6594607017006281,
                0.6676778509779888,
                0.663096879628211,
                0.6651243552423267
            ],
            [
                0.6530820693529441,
                0.656876564016138,
                0.6623665798478117,
                0.6513661202185792,
                0.6362698534293448
            ],
            [
                0.6330422348194678,
                0.6169705326592104,
                0.6623665798478117,
                0.636101322710791,
                0.6429293703079516
            ]
        ]
    },
    "SPD": {
        "means": [
            0.37075905147044863,
            0.36148070095498475,
            0.35404207248770675,
            0.3044853904425585,
            0.29719580034554116,
            0.23371115034838902
        ],
        "stds": [
            0.0,
            0.013294685070525194,
            0.022911437781872733,
            0.030096622118113193,
            0.021705066221786452,
            0.13029613237907245
        ],
        "medians": [
            0.37075905147044863,
            0.36744128647642915,
            0.35896888230715196,
            0.2901311917373887,
            0.2919728123635397,
            0.2809278350515464
        ],
        "q1": [
            0.37075905147044863,
            0.35272256080195935,
            0.3413073607867707,
            0.2882895711112377,
            0.2809278350515464,
            0.11413776081714794
        ],
        "q3": [
            0.37075905147044863,
            0.3722351958383171,
            0.37370184731636,
            0.2963917525773196,
            0.29896907216494845,
            0.36004632530234854
        ],
        "budgets": [
            0,
            74,
            148,
            223,
            297,
            372
        ],
        "values": [
            [
                0.37075905147044863,
                0.37075905147044863,
                0.37075905147044863,
                0.37075905147044863,
                0.37075905147044863
            ],
            [
                0.3722351958383171,
                0.339835962863815,
                0.36744128647642915,
                0.35272256080195935,
                0.375168498794403
            ],
            [
                0.35896888230715196,
                0.3166400865751552,
                0.3413073607867707,
                0.37959218545309564,
                0.37370184731636
            ],
            [
                0.36410928214767135,
                0.2963917525773196,
                0.2882895711112377,
                0.2901311917373887,
                0.28350515463917525
            ],
            [
                0.3376003873099048,
                0.29896907216494845,
                0.2809278350515464,
                0.2919728123635397,
                0.27650889483776653
            ],
            [
                0.36004632530234854,
                0.04712745153879744,
                0.2809278350515464,
                0.36631637903210496,
                0.11413776081714794
            ]
        ]
    },
    "EO": {
        "means": [
            0.5704941860465116,
            0.5616521317829457,
            0.5543604651162791,
            0.4865552325581395,
            0.477156007751938,
            0.34864341085271316
        ],
        "stds": [
            0.0,
            0.013938423850117164,
            0.028779987359109107,
            0.02995777091639081,
            0.02137783903034809,
            0.1965035378735867
        ],
        "medians": [
            0.5704941860465116,
            0.5576550387596899,
            0.5628633720930232,
            0.4739583333333333,
            0.4635416666666667,
            0.4635416666666667
        ],
        "q1": [
            0.5704941860465116,
            0.5547480620155039,
            0.5287063953488372,
            0.4662063953488372,
            0.4635416666666667,
            0.15104166666666669
        ],
        "q3": [
            0.5704941860465116,
            0.5655281007751938,
            0.5835755813953488,
            0.484375,
            0.484375,
            0.5111434108527132
        ],
        "budgets": [
            0,
            74,
            148,
            223,
            297,
            372
        ],
        "values": [
            [
                0.5704941860465116,
                0.5704941860465116,
                0.5704941860465116,
                0.5704941860465116,
                0.5704941860465116
            ],
            [
                0.5859980620155039,
                0.5443313953488372,
                0.5576550387596899,
                0.5547480620155039,
                0.5655281007751938
            ],
            [
                0.5628633720930232,
                0.5130813953488372,
                0.5287063953488372,
                0.5835755813953488,
                0.5835755813953488
            ],
            [
                0.5446947674418605,
                0.484375,
                0.4662063953488372,
                0.4739583333333333,
                0.4635416666666667
            ],
            [
                0.5159883720930232,
                0.484375,
                0.4635416666666667,
                0.4635416666666667,
                0.4583333333333333
            ],
            [
                0.5111434108527132,
                0.07291666666666669,
                0.4635416666666667,
                0.5445736434108527,
                0.15104166666666669
            ]
        ]
    },
    "ACC": {
        "means": [
            0.7336197636949516,
            0.7349087003222342,
            0.7316863587540279,
            0.7198711063372718,
            0.7183673469387755,
            0.6792696025778733
        ],
        "stds": [
            0.0,
            0.004041866320564303,
            0.003215172835036693,
            0.01685229530178748,
            0.01833434010169871,
            0.025094757203329397
        ],