{
    "AUC": {
        "means": [
            0.7097849956590573,
            0.7054236249425463,
            0.6884040651652112,
            0.6827077268780961,
            0.6827077268780961,
            0.6827077268780961
        ],
        "stds": [
            0.0,
            0.0011314723724612182,
            0.0029666066404980566,
            0.0,
            0.0,
            0.0
        ],
        "medians": [
            0.7097849956590573,
            0.7058219702773095,
            0.6889740054134109,
            0.6827077268780961,
            0.6827077268780961,
            0.6827077268780961
        ],
        "q1": [
            0.7097849956590573,
            0.7045809713497778,
            0.6886165160104182,
            0.6827077268780961,
            0.6827077268780961,
            0.6827077268780961
        ],
        "q3": [
            0.7097849956590573,
            0.7061947806547162,
            0.6892344619784485,
            0.6827077268780961,
            0.6827077268780961,
            0.6827077268780961
        ],
        "budgets": [
            0,
            74,
            148,
            223,
            297,
            372
        ],
        "values": [
            [
                0.7097849956590573,
                0.7097849956590573,
                0.7097849956590573,
                0.7097849956590573,
                0.7097849956590573
            ],
            [
                0.7036974618252388,
                0.7058219702773095,
                0.7068229406056892,
                0.7045809713497778,
                0.7061947806547162
            ],
            [
                0.6892344619784485,
                0.6886165160104182,
                0.6830345743322609,
                0.6921607680915173,
                0.6889740054134109
            ],
            [
                0.6827077268780961,
                0.6827077268780961,
                0.6827077268780961,
                0.6827077268780961,
                0.6827077268780961
            ],
            [
                0.6827077268780961,
                0.6827077268780961,
                0.6827077268780961,
                0.6827077268780961,
                0.6827077268780961
            ],
            [
                0.6827077268780961,
                0.6827077268780961,
                0.6827077268780961,
                0.6827077268780961,
                0.6827077268780961
            ]
        ]
    },
    "SPD": {
        "means": [
            0.37075905147044863,
            0.36405896983159614,
            0.36001215089897665,
            0.3571415010157392,
            0.3571415010157392,
            0.3571415010157392
        ],
        "stds": [
            0.0,
            0.004021905187202278,
            0.009377238498999888,
            0.0,
            0.0,
            0.0
        ],
        "medians": [
            0.37075905147044863,
            0.3633973154107573,
            0.3619259174878017,
            0.3571415010157392,
            0.3571415010157392,
            0.3571415010157392
        ],
        "q1": [
            0.37075905147044863,
            0.3615556947846063,
            0.36156044122951914,
            0.3571415010157392,
            0.3571415010157392,
            0.3571415010157392
        ],
        "q3": [
            0.37075905147044863,
            0.36413301437223516,
            0.3656091587401037,
            0.3571415010157392,
            0.3571415010157392,
            0.3571415010157392
        ],
        "budgets": [
            0,
            74,
            148,
            223,
            297,
            372
        ],
        "values": [
            [
                0.37075905147044863,
                0.37075905147044863,
                0.37075905147044863,
                0.37075905147044863,
                0.37075905147044863
            ],
            [
                0.3714947504319265,
                0.3633973154107573,
                0.3597140741584553,
                0.3615556947846063,
                0.36413301437223516
            ],
            [
                0.3619259174878017,
                0.3656091587401037,
                0.34204305974824856,
                0.36156044122951914,
                0.3689221772892104
            ],
            [
                0.3571415010157392,
                0.3571415010157392,
                0.3571415010157392,
                0.3571415010157392,
                0.3571415010157392
            ],
            [
                0.3571415010157392,
                0.3571415010157392,
                0.3571415010157392,
                0.3571415010157392,
                0.3571415010157392
            ],
            [
                0.3571415010157392,
                0.3571415010157392,
                0.3571415010157392,
                0.3571415010157392,
                0.3571415010157392
            ]
        ]
    },
    "EO": {
        "means": [
            0.5704941860465116,
            0.556952519379845,
            0.5401647286821705,
            0.5287063953488372,
            0.5287063953488372,
            0.5287063953488372
        ],
        "stds": [
            0.0,
            0.003016353181448337,
            0.020586325259210888,
            0.0,
            0.0,
            0.0
        ],
        "medians": [
            0.5704941860465116,
            0.5548691860465116,
            0.5495397286821705,
            0.5287063953488372,
            0.5287063953488372,
            0.5287063953488372
        ],
        "q1": [
            0.5704941860465116,
            0.5548691860465116,
            0.5416666666666666,
            0.5287063953488372,
            0.5287063953488372,
            0.5287063953488372
        ],
        "q3": [
            0.5704941860465116,
            0.5575339147286822,
            0.5547480620155039,
            0.5287063953488372,
            0.5287063953488372,
            0.5287063953488372
        ],
        "budgets": [
            0,
            74,
            148,
            223,
            297,
            372
        ],
        "values": [
            [
                0.5704941860465116,
                0.5704941860465116,
                0.5704941860465116,
                0.5704941860465116,
                0.5704941860465116
            ],
            [
                0.5575339147286822,
                0.5626211240310077,
                0.5548691860465116,
                0.5548691860465116,
                0.5548691860465116
            ],
            [
                0.5495397286821705,
                0.5547480620155039,
                0.5001211240310077,
                0.5416666666666666,
                0.5547480620155039
            ],
            [
                0.5287063953488372,
                0.5287063953488372,
                0.5287063953488372,
                0.5287063953488372,
                0.5287063953488372
            ],
            [
                0.5287063953488372,
                0.5287063953488372,
                0.5287063953488372,
                0.5287063953488372,
                0.5287063953488372
            ],
            [
                0.5287063953488372,
                0.5287063953488372,
                0.5287063953488372,
                0.5287063953488372,
                0.5287063953488372
            ]
        ]
    },
    "ACC": {
        "means": [
            0.7336197636949516,
            0.733404940923738,
            0.7263157894736842,
            0.7261009667024705,
            0.7261009667024705,
            0.7261009667024705
        ],
        "stds": [
            0.0,
            0.0010524123492086576,
            0.004264110255913928,
            0.0,
            0.0,
            0.0
        ],