{
    "AUC": {
        "means": [
            0.749583780195087,
            0.7292262907920943,
            0.7314243399213523,
            0.7406455237219753,
            0.7366130432562177,
            0.7324845513507993
        ],
        "stds": [
            0.0,
            0.0034238002127375293,
            0.005746870431432727,
            0.0015831060710266383,
            0.001869000917886265,
            0.0011512450179142568
        ],
        "medians": [
            0.749583780195087,
            0.7266738164547265,
            0.7328430621520862,
            0.7406465451202695,
            0.7368520504570757,
            0.7319595526275471
        ],
        "q1": [
            0.749583780195087,
            0.7264133598896889,
            0.725203002910985,
            0.7398141055104438,
            0.734604974209693,
            0.7316939890710382
        ],
        "q3": [
            0.749583780195087,
            0.7321791532608141,
            0.7365200960114396,
            0.7417854042183749,
            0.7385016087023134,
            0.7336703947704407
        ],
        "budgets": [
            0,
            74,
            148,
            222,
            296,
            372
        ],
        "values": [
            [
                0.749583780195087,
                0.749583780195087,
                0.749583780195087,
                0.749583780195087,
                0.749583780195087
            ],
            [
                0.7321791532608141,
                0.7264133598896889,
                0.7266738164547265,
                0.7263980389152751,
                0.7344670854399673
            ],
            [
                0.7328430621520862,
                0.7365200960114396,
                0.7382922220519891,
                0.7242633164802614,
                0.725203002910985
            ],
            [
                0.7417854042183749,
                0.7406465451202695,
                0.7382002962055054,
                0.7398141055104438,
                0.7427812675552832
            ],
            [
                0.7385016087023134,
                0.7368520504570757,
                0.7343394106531842,
                0.734604974209693,
                0.7387671722588223
            ],
            [
                0.7336703947704407,
                0.7319595526275471,
                0.7310811500944793,
                0.7316939890710382,
                0.7340176701904908
            ]
        ]
    },
    "SPD": {
        "means": [
            0.3799529152664654,
            0.347037269085455,
            0.39430711397163526,
            0.40411421845038065,
            0.45404397106567185,
            0.3831985342978109
        ],
        "stds": [
            0.0,
            0.01654910172066741,
            0.009451816079452969,
            0.024347560210452538,
            0.1309056981083532,
            0.05336641585543615
        ],
        "medians": [
            0.3799529152664654,
            0.33724440394144783,
            0.3965132615670863,
            0.3957918019403467,
            0.38806458962237284,
            0.4031630308898635
        ],
        "q1": [
            0.3799529152664654,
            0.33613848227677473,
            0.3862087296614835,
            0.3891657648421333,
            0.3821742514856372,
            0.4013214102637125
        ],
        "q3": [
            0.3799529152664654,
            0.34644776062729016,
            0.40093694822577886,
            0.4064713029940575,
            0.4079474473619259,
            0.4108949896527501
        ],
        "budgets": [
            0,
            74,
            148,
            222,
            296,
            372
        ],
        "values": [
            [
                0.3799529152664654,
                0.3799529152664654,
                0.3799529152664654,
                0.3799529152664654,
                0.3799529152664654
            ],
            [
                0.33724440394144783,
                0.33613848227677473,
                0.33613848227677473,
                0.34644776062729016,
                0.37921721630498756
            ],
            [
                0.40093694822577886,
                0.3862087296614835,
                0.3810540904862258,
                0.40682253991760176,
                0.3965132615670863
            ],
            [
                0.3957918019403467,
                0.37959218545309564,
                0.4495500370222703,
                0.3891657648421333,
                0.4064713029940575
            ],
            [
                0.7150139545480436,
                0.38806458962237284,
                0.3770196123103795,
                0.3821742514856372,
                0.4079474473619259
            ],
            [
                0.27756735205331207,
                0.4031630308898635,
                0.4013214102637125,
                0.4230458886294166,
                0.4108949896527501
            ]
        ]
    },
    "EO": {
        "means": [
            0.5734011627906976,
            0.531782945736434,
            0.5959544573643412,
            0.5982558139534884,
            0.6367248062015504,
            0.5754602713178294
        ],
        "stds": [
            0.0,
            0.016353018181779987,
            0.012253394528386896,
            0.028921456290725137,
            0.09341565231807211,
            0.08278506317382642
        ],
        "medians": [
            0.5734011627906976,
            0.5239825581395349,
            0.5892684108527131,
            0.5889050387596899,
            0.5887839147286822,
            0.6121608527131782
        ],
        "q1": [
            0.5734011627906976,
            0.5239825581395349,
            0.5891472868217054,
            0.5836967054263567,
            0.5887839147286822,
            0.6121608527131782
        ],
        "q3": [
            0.5734011627906976,
            0.531734496124031,
            0.6047722868217054,
            0.5941133720930233,
            0.5992005813953489,
            0.6121608527131782
        ],
        "budgets": [
            0,
            74,
            148,
            222,
            296,
            372
        ],
        "values": [
            [
                0.5734011627906976,
                0.5734011627906976,
                0.5734011627906976,
                0.5734011627906976,
                0.5734011627906976
            ],
            [
                0.531734496124031,
                0.5162306201550387,
                0.5239825581395349,
                0.5239825581395349,
                0.562984496124031
            ],
            [
                0.6151889534883721,
                0.6047722868217054,
                0.5891472868217054,
                0.5892684108527131,
                0.5813953488372092
            ],
            [
                0.5836967054263567,
                0.5706153100775194,
                0.6539486434108528,
                0.5889050387596899,
                0.5941133720930233
            ],
            [
                0.8232800387596899,
                0.5887839147286822,
                0.5887839147286822,
                0.5835755813953489,
                0.5992005813953489
            ],
            [
                0.41048934108527124,
                0.6121608527131782,
                0.6121608527131782,
                0.6303294573643411,
                0.6121608527131782
            ]
        ]
    },
    "ACC": {
        "means": [
            0.728249194414608,
            0.7301825993555318,
            0.7314715359828141,
            0.7377013963480129,
            0.7355531686358754,
            0.7407089151450055
        ],