{
    "AUC": {
        "means": [
            0.700598600544426,
            0.6249201520052479,
            0.5603136840313658,
            0.5564447094672841,
            0.518558097447803,
            0.4268596441220794
        ],
        "stds": [
            0.00037655827266538244,
            0.033295999595632654,
            0.002734398446996485,
            0.023170262278273557,
            0.01752898215314006,
            0.009580119611392435
        ],
        "medians": [
            0.700739482531086
        ],
        "q1": [
            0.7002682861936633
        ],
        "q3": [
            0.7009090956545095
        ],
        "budgets": [
            0,
            4860,
            9721,
            14581,
            19442,
            24302
        ],
        "values": [
            [
                0.7010260702223878,
                0.700739482531086,
                0.7000500681204836,
                0.7009090956545095,
                0.7002682861936633
            ]
        ]
    },
    "SPD": {
        "means": [
            0.7649693414085986,
            0.5525636458274846,
            0.4177807082904,
            0.31895353181570546,
            0.46601546966691804,
            0.12482217167172252
        ],
        "stds": [
            0.004937170321974987,
            0.16861822927889514,
            0.0064694808690409465,
            0.03969357801317365,
            0.3108158236034214,
            0.029528200493819812
        ],
        "medians": [
            0.7633353111764322
        ],
        "q1": [
            0.762919812373002
        ],
        "q3": [
            0.7656041653072156
        ],
        "budgets": [
            0,
            4860,
            9721,
            14581,
            19442,
            24302
        ],
        "values": [
            [
                0.773908465826058,
                0.762919812373002,
                0.7590789523602851,
                0.7633353111764322,
                0.7656041653072156
            ]
        ]
    },
    "EO": {
        "means": [
            0.7710733192986011,
            0.5684132796753242,
            0.39790264857673463,
            0.3213979333678194,
            0.4912965825979062,
            0.14100577268474815
        ],
        "stds": [
            0.006286273810849592,
            0.18518197097556885,
            0.004848311841311872,
            0.04123395100032328,
            0.3210796531661813,
            0.06998634459560768
        ],
        "medians": [
            0.7698846209924134
        ],
        "q1": [
            0.7687508341443408
        ],
        "q3": [
            0.7708870554761597
        ],
        "budgets": [
            0,
            4860,
            9721,
            14581,
            19442,
            24302
        ],
        "values": [
            [
                0.7825113338093842,
                0.7687508341443408,
                0.7633327520707076,
                0.7708870554761597,
                0.7698846209924134
            ]
        ]
    },
    "ACC": {
        "means": [
            0.6846831794828955,
            0.6561630675410384,
            0.604494382022472,
            0.6170753101374211,
            0.5130529217660081,
            0.35419573117246567
        ],
        "stds": [
            0.0008146629537034865,
            0.02855283084990711,
            0.05874566071443027,
            0.0783338138259584,
            0.14171102959527437,
            0.00873166850027286
        ],
        "medians": [
            0.6846831794828955
        ],
        "q1": [
            0.684223716636732
        ],
        "q3": [
            0.685351489077315
        ],
        "budgets": [
            0,
            4860,
            9721,
            14581,
            19442,
            24302
        ],
        "values": [
            [
                0.6857274132241761,
                0.6834300989933587,
                0.684223716636732,
                0.6846831794828955,
                0.685351489077315
            ]
        ]
    },
    "F1": {
        "means": [
            0.2857941619263964,
            0.2198851747041652,
            0.2919837580132683,
            0.2360555980484249,
            0.34230622042245257,
            0.448463400389888
        ],
        "stds": [
            0.0012026630452593421,
            0.05591248763845612,
            0.11300012940803379,
            0.1615005188094486,
            0.13979625821062067,
            0.010203162963296044
        ],
        "medians": [
            0.28590387714475307
        ],
        "q1": [
            0.284527518172378
        ],
        "q3": [
            0.28628343767786
        ],
        "budgets": [
            0,
            4860,
            9721,
            14581,
            19442,
            24302
        ],
        "values": [
            [
                0.28628343767786,
                0.284527518172378,
                0.28773318258903335,
                0.28452279404795755,
                0.28590387714475307
            ]
        ]
    },