{
    "AUC": {
        "means": [
            0.699794914872727,
            0.6281868317165429,
            0.5748131396527651,
            0.5416819780233338,
            0.5222547279000717,
            0.5214781369866307
        ],
        "stds": [
            0.0006834690532923574,
            0.028965225059374024,
            0.01953161676545989,
            0.02546611370089725,
            0.033209188627706165,
            0.032134729720544916
        ],
        "medians": [
            0.6996180689404919
        ],
        "q1": [
            0.6993168614054633
        ],
        "q3": [
            0.7000190133104245
        ],
        "budgets": [
            0,
            4860,
            9721,
            14581,
            19442,
            24302
        ],
        "values": [
            [
                0.6996180689404919,
                0.7009933782429202,
                0.6993168614054633,
                0.7000190133104245,
                0.6990272524643354
            ]
        ]
    },
    "SPD": {
        "means": [
            0.7625877471861262,
            0.5717627802302696,
            0.40450560346724496,
            0.343496302546258,
            0.6942210338302222,
            0.7002240961990509
        ],
        "stds": [
            0.0023964468461585907,
            0.08975387493579906,
            0.035624483791307185,
            0.05299088349567906,
            0.3046002242904425,
            0.2925940995527849
        ],
        "medians": [
            0.7630088001371844
        ],
        "q1": [
            0.7606064643601274
        ],
        "q3": [
            0.7648032754295738
        ],
        "budgets": [
            0,
            4860,
            9721,
            14581,
            19442,
            24302
        ],
        "values": [
            [
                0.7648032754295738,
                0.7606064643601274,
                0.7591385001069856,
                0.7630088001371844,
                0.7653816958967596
            ]
        ]
    },
    "EO": {
        "means": [
            0.7686601701638219,
            0.5790304149728056,
            0.39638013017035545,
            0.36138386616281915,
            0.7479968683258306,
            0.7552552798292452
        ],
        "stds": [
            0.003709801995135435,
            0.07697493290088289,
            0.032803221838187444,
            0.049495401837944694,
            0.27044617264539117,
            0.25592934963856184
        ],
        "medians": [
            0.767593342172422
        ],
        "q1": [
            0.7663400555219463
        ],
        "q3": [
            0.7698846209924134
        ],
        "budgets": [
            0,
            4860,
            9721,
            14581,
            19442,
            24302
        ],
        "values": [
            [
                0.7698846209924134,
                0.767593342172422,
                0.7643351865544538,
                0.7663400555219463,
                0.7751476455778742
            ]
        ]
    },
    "ACC": {
        "means": [
            0.6844242095150579,
            0.6815588321289837,
            0.675059521323253,
            0.6772900045946285,
            0.6478426130905142,
            0.647566935382816
        ],
        "stds": [
            0.000552493405080364,
            8.099377398462226e-05,
            0.0036277924574376025,
            0.0007610737712830687,
            0.07376467148406496,
            0.07431602689946115
        ],
        "medians": [
            0.684599640783593
        ],
        "q1": [
            0.6843072553360344
        ],
        "q3": [
            0.6847249488325466
        ],
        "budgets": [
            0,
            4860,
            9721,
            14581,
            19442,
            24302
        ],
        "values": [
            [
                0.684599640783593,
                0.6847249488325466,
                0.6850591036297565,
                0.6834300989933587,
                0.6843072553360344
            ]
        ]
    },
    "F1": {
        "means": [
            0.285734599621254,
            0.2024243795716032,
            0.15802136464718436,
            0.11778133021839095,
            0.23698116431304223,
            0.2375392555545605
        ],
        "stds": [
            0.0015242788074674592,
            0.04129410752862777,
            0.009496135365863159,
            0.030237440460370208,
            0.1317703672819157,
            0.13288654976495232
        ],
        "medians": [
            0.2854168638213306
        ],
        "q1": [
            0.2843924086488528
        ],
        "q3": [
            0.28733459357277885
        ],
        "budgets": [
            0,
            4860,
            9721,
            14581,
            19442,
            24302
        ],
        "values": [
            [
                0.2854168638213306,
                0.2876557191392979,
                0.28733459357277885,
                0.2843924086488528,
                0.28387341292400986
            ]
        ]
    },