{
    "AUC": {
        "means": [
            0.7000434348162187,
            0.6036478870944704,
            0.5635248407635252,
            0.5268481633727398,
            0.5264736272571782,
            0.5260064914162497
        ],
        "stds": [
            0.0007335403924514577,
            0.0015531526321945776,
            0.0008017544719855679,
            0.0004813231853639353,
            0.0007352448701140315,
            0.0008541755220241317
        ],
        "medians": [
            0.7001909556434653
        ],
        "q1": [
            0.6993159281398101
        ],
        "q3": [
            0.7005725070694873
        ],
        "budgets": [
            0,
            4860,
            9721,
            14581,
            19442,
            24302
        ],
        "values": [
            [
                0.7010327810351562,
                0.6993159281398101,
                0.6991050021931743,
                0.7005725070694873,
                0.7001909556434653
            ]
        ]
    },
    "SPD": {
        "means": [
            0.7660786109167833,
            0.5111453229069134,
            0.39100974707382913,
            0.2482286487790739,
            0.2479438211625165,
            0.24620568253038466
        ],
        "stds": [
            0.0041838595871667526,
            0.0025956161069773335,
            0.0023821477641033,
            0.0004167567374894768,
            0.0017484559887373803,
            0.0013639785204194383
        ],
        "medians": [
            0.7658115808530624
        ],
        "q1": [
            0.7619265608141227
        ],
        "q3": [
            0.767665270036284
        ],
        "budgets": [
            0,
            4860,
            9721,
            14581,
            19442,
            24302
        ],
        "values": [
            [
                0.7618519592028129,
                0.7658115808530624,
                0.767665270036284,
                0.7731376836776349,
                0.7619265608141227
            ]
        ]
    },
    "EO": {
        "means": [
            0.7720113602746937,
            0.46183328933272677,
            0.31601125246508927,
            0.19875434445103646,
            0.1992914116336305,
            0.1985252165690373
        ],
        "stds": [
            0.0046472939228514925,
            0.004578976117247335,
            0.002466452830200308,
            0.001247148188025576,
            0.0014772209907586615,
            0.0014993629675254898
        ],
        "medians": [
            0.7697295635042408
        ],
        "q1": [
            0.7691567437992429
        ],
        "q3": [
            0.7768305470070983
        ],
        "budgets": [
            0,
            4860,
            9721,
            14581,
            19442,
            24302
        ],
        "values": [
            [
                0.7697295635042408,
                0.7691567437992429,
                0.7768305470070983,
                0.7781430964671897,
                0.7661968505956969
            ]
        ]
    },
    "ACC": {
        "means": [
            0.6849421494507331,
            0.6755022764295561,
            0.6525541957311726,
            0.6260557203124347,
            0.6255127187669689,
            0.6244267156760369
        ],
        "stds": [
            0.0008426235167402424,
            0.0004053133777439283,
            0.0010666815721657493,
            0.0007905780486576825,
            0.0010085719575814965,
            0.0009019084968056703
        ],
        "medians": [
            0.6852261810283614
        ],
        "q1": [
            0.6849755649304541
        ],
        "q3": [
            0.685351489077315
        ],
        "budgets": [
            0,
            4860,
            9721,
            14581,
            19442,
            24302
        ],
        "values": [
            [
                0.6833465602940563,
                0.685351489077315,
                0.6849755649304541,
                0.6858109519234785,
                0.6852261810283614
            ]
        ]
    },
    "F1": {
        "means": [
            0.2857967042580857,
            0.3084843107880483,
            0.3345924986270248,
            0.34013887467270665,
            0.33996883650093174,
            0.33931842056132605
        ],
        "stds": [
            0.001484090151484141,
            0.004064787096400786,
            0.0015363430109605473,
            0.0010575010643448085,
            0.0007030114090766489,
            0.0008029502056172171
        ],
        "medians": [
            0.28595648488273523
        ],
        "q1": [
            0.28568720379146917
        ],
        "q3": [
            0.286336109008327
        ],
        "budgets": [
            0,
            4860,
            9721,
            14581,
            19442,
            24302
        ],
        "values": [
            [
                0.28595648488273523,
                0.287794270587123,
                0.286336109008327,
                0.28320945302077377,
                0.28568720379146917
            ]
        ]
    },