{
    "AUC": {
        "means": [
            0.700363953832139,
            0.6116309236466897,
            0.5603136840313658,
            0.5564447094672841,
            0.518558097447803,
            0.4268596441220794
        ],
        "stds": [
            0.0007537124900207573,
            0.01194893353078524,
            0.002734398446996485,
            0.023170262278273557,
            0.01752898215314006,
            0.009580119611392435
        ],
        "medians": [
            0.700739482531086
        ],
        "q1": [
            0.7000500681204836
        ],
        "q3": [
            0.7009768958224024
        ],
        "budgets": [
            0,
            4860,
            9721,
            14581,
            19442,
            24302
        ],
        "values": [
            [
                0.7010260702223878,
                0.700739482531086,
                0.7000500681204836,
                0.7009768958224024,
                0.6990272524643354
            ]
        ]
    },
    "SPD": {
        "means": [
            0.7647765123291455,
            0.6523445938870991,
            0.4177807082904,
            0.31895353181570546,
            0.46601546966691804,
            0.12482217167172252
        ],
        "stds": [
            0.0049886530998344255,
            0.12616873142887666,
            0.0064694808690409465,
            0.03969357801317365,
            0.3108158236034214,
            0.029528200493819812
        ],
        "medians": [
            0.762919812373002
        ],
        "q1": [
            0.7625936351896225
        ],
        "q3": [
            0.7653816958967596
        ],
        "budgets": [
            0,
            4860,
            9721,
            14581,
            19442,
            24302
        ],
        "values": [
            [
                0.773908465826058,
                0.762919812373002,
                0.7590789523602851,
                0.7625936351896225,
                0.7653816958967596
            ]
        ]
    },
    "EO": {
        "means": [
            0.7720066192499245,
            0.6798971132679527,
            0.39790264857673463,
            0.3213979333678194,
            0.4912965825979062,
            0.14100577268474815
        ],
        "stds": [
            0.006465232292146035,
            0.1357333087835334,
            0.004848311841311872,
            0.04123395100032328,
            0.3210796531661813,
            0.06998634459560768
        ],
        "medians": [
            0.7702905306473155
        ],
        "q1": [
            0.7687508341443408
        ],
        "q3": [
            0.7751476455778742
        ],
        "budgets": [
            0,
            4860,
            9721,
            14581,
            19442,
            24302
        ],
        "values": [
            [
                0.7825113338093842,
                0.7687508341443408,
                0.7633327520707076,
                0.7702905306473155,
                0.7751476455778742
            ]
        ]
    },
    "ACC": {
        "means": [
            0.6845662253038721,
            0.6459629923562089,
            0.604494382022472,
            0.6170753101374211,
            0.5130529217660081,
            0.35419573117246567
        ],
        "stds": [
            0.0007944525911511466,
            0.029239905211596112,
            0.05874566071443027,
            0.0783338138259584,
            0.14171102959527437,
            0.00873166850027286
        ],
        "medians": [
            0.6843072553360344
        ],
        "q1": [
            0.684223716636732
        ],
        "q3": [
            0.685142642329059
        ],
        "budgets": [
            0,
            4860,
            9721,
            14581,
            19442,
            24302
        ],
        "values": [
            [
                0.6857274132241761,
                0.6834300989933587,
                0.684223716636732,
                0.685142642329059,
                0.6843072553360344
            ]
        ]
    },
    "F1": {
        "means": [
            0.2860420892598067,
            0.23495021345024747,
            0.2919837580132683,
            0.2360555980484249,
            0.34230622042245257,
            0.448463400389888
        ],
        "stds": [
            0.001611238582600008,
            0.05336552068952402,
            0.11300012940803379,
            0.1615005188094486,
            0.13979625821062067,
            0.010203162963296044
        ],
        "medians": [
            0.28628343767786
        ],
        "q1": [
            0.284527518172378
        ],
        "q3": [
            0.28773318258903335
        ],
        "budgets": [
            0,
            4860,
            9721,
            14581,
            19442,
            24302
        ],
        "values": [
            [
                0.28628343767786,
                0.284527518172378,
                0.28773318258903335,
                0.28779289493575205,
                0.28387341292400986
            ]
        ]
    },