{
    "AUC": {
        "means": [
            0.7002496588439496,
            0.6335443357339351,
            0.6168585985481866,
            0.6224625890972111,
            0.6196096110227849,
            0.6105223566950817
        ],
        "stds": [
            0.0006167248851551263,
            0.0012844959595909335,
            0.0017547760852204119,
            0.018797220447364663,
            0.022978427599602946,
            0.005701915539674888
        ],
        "medians": [
            0.7005004439339076
        ],
        "q1": [
            0.7001909556434653
        ],
        "q3": [
            0.7005369085211425
        ],
        "budgets": [
            0,
            4860,
            9721,
            14581,
            19442,
            24302
        ],
        "values": [
            [
                0.7005369085211425,
                0.7005004439339076,
                0.6991050021931743,
                0.7009149839280582,
                0.7001909556434653
            ]
        ]
    },
    "SPD": {
        "means": [
            0.7641299791947092,
            0.5181962981454306,
            0.41182124142787124,
            0.4827320761130679,
            0.4590192285804903,
            0.24809507608119982
        ],
        "stds": [
            0.002639792329062009,
            0.001517230615325726,
            0.0019012301661600524,
            0.1379864219880044,
            0.1562848649465251,
            0.13285740755762498
        ],
        "medians": [
            0.7637059822419028
        ],
        "q1": [
            0.7619265608141227
        ],
        "q3": [
            0.7665826968573539
        ],
        "budgets": [
            0,
            4860,
            9721,
            14581,
            19442,
            24302
        ],
        "values": [
            [
                0.7637059822419028,
                0.7607693860238828,
                0.767665270036284,
                0.7665826968573539,
                0.7619265608141227
            ]
        ]
    },
    "EO": {
        "means": [
            0.7687437226071869,
            0.4721440440226881,
            0.3413966474460327,
            0.44370844905817586,
            0.4255224625532107,
            0.16797051342375705
        ],
        "stds": [
            0.004702813466157374,
            0.0021999558206698,
            0.002429371861520619,
            0.14393334285843443,
            0.17313002764037858,
            0.13887417819176814
        ],
        "medians": [
            0.7667696703006947
        ],
        "q1": [
            0.7661968505956969
        ],
        "q3": [
            0.770731997987987
        ],
        "budgets": [
            0,
            4860,
            9721,
            14581,
            19442,
            24302
        ],
        "values": [
            [
                0.7667696703006947,
                0.7631895471444581,
                0.7768305470070983,
                0.770731997987987,
                0.7661968505956969
            ]
        ]
    },
    "ACC": {
        "means": [
            0.6846079946535232,
            0.6771981120253958,
            0.6580510421452738,
            0.6494799715968422,
            0.654584186124222,
            0.585932083037467
        ],
        "stds": [
            0.00047359885662449463,
            9.670303581965121e-05,
            0.0004456615402313579,
            0.012298145014286176,
            0.012571661114448265,
            0.05866503240306429
        ],
        "medians": [
            0.6845161020842906
        ],
        "q1": [
            0.6844743327346393
        ],
        "q3": [
            0.6849755649304541
        ],
        "budgets": [
            0,
            4860,
            9721,
            14581,
            19442,
            24302
        ],
        "values": [
            [
                0.6845161020842906,
                0.6838477924898709,
                0.6849755649304541,
                0.6844743327346393,
                0.6852261810283614
            ]
        ]
    },
    "F1": {
        "means": [
            0.28601483861717714,
            0.3006225069257179,
            0.3178097366321632,
            0.335439571035086,
            0.30736698547946417,
            0.39116742830031004
        ],
        "stds": [
            0.0009632183336608053,
            0.0018960601075825973,
            0.001999238995326286,
            0.027097301880034952,
            0.02846597278437122,
            0.05710822197673753
        ],
        "medians": [
            0.2857413010590015
        ],
        "q1": [
            0.28568720379146917
        ],
        "q3": [
            0.286336109008327
        ],
        "budgets": [
            0,
            4860,
            9721,
            14581,
            19442,
            24302
        ],
        "values": [
            [
                0.2846860498153234,
                0.28762352941176467,
                0.286336109008327,
                0.2857413010590015,
                0.28568720379146917
            ]
        ]
    },