{
    "AUC": {
        "means": [
            0.7003640052408402,
            0.6322906238279804,
            0.6271581056415593,
            0.6149867349732763,
            0.606882799392017,
            0.6169916039309149
        ],
        "stds": [
            0.0006820260377063385,
            0.0014868048728939696,
            0.02421557736633266,
            0.012278544022761236,
            0.002186047937165497,
            0.01440197035635913
        ],
        "medians": [
            0.7005452683668658
        ],
        "q1": [
            0.7002159481812946
        ],
        "q3": [
            0.7009323363419815
        ],
        "budgets": [
            0,
            4860,
            9721,
            14581,
            19442,
            24302
        ],
        "values": [
            [
                0.7005452683668658,
                0.7010032091684018,
                0.6991232641456577,
                0.7009323363419815,
                0.7002159481812946
            ]
        ]
    },
    "SPD": {
        "means": [
            0.773196496941425,
            0.5103535321192109,
            0.4785199319541039,
            0.419020157306815,
            0.37481885435841245,
            0.43398114928365156
        ],
        "stds": [
            0.005010183289236174,
            0.0021335547189161985,
            0.1503216211049284,
            0.08858093744380323,
            0.001838366895834396,
            0.10902812837795975
        ],
        "medians": [
            0.7754058700966816
        ],
        "q1": [
            0.7691332342894257
        ],
        "q3": [
            0.7778526997558299
        ],
        "budgets": [
            0,
            4860,
            9721,
            14581,
            19442,
            24302
        ],
        "values": [
            [
                0.7655298975517743,
                0.7780607830134134,
                0.7778526997558299,
                0.7691332342894257,
                0.7754058700966816
            ]
        ]
    },
    "EO": {
        "means": [
            0.7785347830477841,
            0.46206241721472585,
            0.4176220968123753,
            0.3802989638263057,
            0.3309887017483016,
            0.3881027230692745
        ],
        "stds": [
            0.006819842822190068,
            0.002830390211331629,
            0.17416233605272474,
            0.1021846766768248,
            0.001593878591880958,
            0.11053469723357157
        ],
        "medians": [
            0.7773796615882498
        ],
        "q1": [
            0.7727131618316333
        ],
        "q3": [
            0.7859008417916787
        ],
        "budgets": [
            0,
            4860,
            9721,
            14581,
            19442,
            24302
        ],
        "values": [
            [
                0.7698846209924134,
                0.7867956290349449,
                0.7859008417916787,
                0.7727131618316333,
                0.7773796615882498
            ]
        ]
    },
    "ACC": {
        "means": [
            0.6848836723612213,
            0.6758531389666261,
            0.6604068334656029,
            0.6510504991437284,
            0.6458627459170462,
            0.6509084833549142
        ],
        "stds": [
            0.0002970032803079544,
            0.0005385493157775055,
            0.009633805082807341,
            0.009335403859506436,
            0.0009334678704399794,
            0.006409634297253796
        ],
        "medians": [
            0.6849755649304541
        ],
        "q1": [
            0.684599640783593
        ],
        "q3": [
            0.685142642329059
        ],
        "budgets": [
            0,
            4860,
            9721,
            14581,
            19442,
            24302
        ],
        "values": [
            [
                0.684599640783593,
                0.685142642329059,
                0.6849755649304541,
                0.6844743327346393,
                0.6852261810283614
            ]
        ]
    },
    "F1": {
        "means": [
            0.2861098895873213,
            0.308530434531162,
            0.3156368380593765,
            0.32022338227981156,
            0.3262540187555557,
            0.3325416526705007
        ],
        "stds": [
            0.0018300801934783787,
            0.0022515350027937347,
            0.017876474021884404,
            0.015155973405102828,
            0.0019080332753807342,
            0.012394267025405855
        ],
        "medians": [
            0.286281179138322
        ],
        "q1": [
            0.2854168638213306
        ],
        "q3": [
            0.28741496598639454
        ],
        "budgets": [
            0,
            4860,
            9721,
            14581,
            19442,
            24302
        ],
        "values": [
            [
                0.2854168638213306,
                0.28305116986874646,
                0.28741496598639454,
                0.286281179138322,
                0.288385269121813
            ]
        ]
    },