{
    "AUC": {
        "means": [
            0.6194592405716837,
            0.5213474536953919,
            0.5,
            0.5,
            0.5016684614894256,
            0.5207704194965839
        ],
        "stds": [
            0.09753889175448904,
            0.042694907390783764,
            0.0,
            0.0,
            0.002050207113565022,
            0.030219506764259153
        ],
        "medians": [
            0.6983792734669253
        ],
        "q1": [
            0.5
        ],
        "q3": [
            0.6993292469479445
        ],
        "budgets": [
            0,
            4860,
            9721,
            14581,
            19442,
            24302
        ],
        "values": [
            [
                0.5,
                0.699587682443549,
                0.6993292469479445,
                0.6983792734669253,
                0.5
            ]
        ]
    },
    "SPD": {
        "means": [
            0.45123302987858266,
            0.10015937672144433,
            0.0,
            0.0,
            0.3418826739427012,
            0.5192548397719461
        ],
        "stds": [
            0.3684612611172195,
            0.20031875344288866,
            0.0,
            0.0,
            0.41871905152896616,
            0.3737879323633016
        ],
        "medians": [
            0.7433749489731656
        ],
        "q1": [
            0.0
        ],
        "q3": [
            0.755579323395557
        ],
        "budgets": [
            0,
            4860,
            9721,
            14581,
            19442,
            24302
        ],
        "values": [
            [
                0.0,
                0.755579323395557,
                0.7572108770241909,
                0.7433749489731656,
                0.0
            ]
        ]
    },
    "EO": {
        "means": [
            0.45568190711293344,
            0.10365971392136977,
            0.0,
            0.0,
            0.3569160997732426,
            0.5663596690764711
        ],
        "stds": [
            0.37209505619013106,
            0.20731942784273955,
            0.0,
            0.0,
            0.4371311627143675,
            0.3696353394982046
        ],
        "medians": [
            0.7507178918156598
        ],
        "q1": [
            0.0
        ],
        "q3": [
            0.7621989652226349
        ],
        "budgets": [
            0,
            4860,
            9721,
            14581,
            19442,
            24302
        ],
        "values": [
            [
                0.0,
                0.7621989652226349,
                0.7654926785263726,
                0.7507178918156598,
                0.0
            ]
        ]
    },
    "ACC": {
        "means": [
            0.6789524247107472,
            0.6734305166868552,
            0.6714840649931081,
            0.6714840649931081,
            0.6768472494883254,
            0.6447850966960444
        ],
        "stds": [
            0.006121249381904738,
            0.00389290338749424,
            0.0,
            0.0,
            0.0065685327048443706,
            0.07320523150878243
        ],
        "medians": [
            0.6829706361471952
        ],
        "q1": [
            0.6714840649931081
        ],
        "q3": [
            0.6842654859863831
        ],
        "budgets": [
            0,
            4860,
            9721,
            14581,
            19442,
            24302
        ],
        "values": [
            [
                0.6714840649931081,
                0.6842654859863831,
                0.6845578714339418,
                0.6829706361471952,
                0.6714840649931081
            ]
        ]
    },
    "F1": {
        "means": [
            0.17158377630915655,
            0.03350785340314136,
            0.0,
            0.0,
            0.06905023031366528,
            0.19908060612712503
        ],
        "stds": [
            0.1401007606691773,
            0.06701570680628272,
            0.0,
            0.0,
            0.0845689154450696,
            0.16060478584725138
        ],
        "medians": [
            0.2847130138283766
        ],
        "q1": [
            0.0
        ],
        "q3": [
            0.28557981927710846
        ],
        "budgets": [
            0,
            4860,
            9721,
            14581,
            19442,
            24302
        ],
        "values": [
            [
                0.0,
                0.2876260484402978,
                0.2847130138283766,
                0.28557981927710846,
                0.0
            ]
        ]
    },