{
    "AUC": {
        "means": [
            0.7000766922913997,
            0.6254967496255469,
            0.5603136840313658,
            0.5564447094672841,
            0.518558097447803,
            0.4268596441220794
        ],
        "stds": [
            0.0007146505742715698,
            0.034387644325787205,
            0.002734398446996485,
            0.023170262278273557,
            0.01752898215314006,
            0.009580119611392435
        ],
        "medians": [
            0.7000500681204836
        ],
        "q1": [
            0.6996025553762666
        ],
        "q3": [
            0.700739482531086
        ],
        "budgets": [
            0,
            4860,
            9721,
            14581,
            19442,
            24302
        ],
        "values": [
            [
                0.6996025553762666,
                0.700739482531086,
                0.7000500681204836,
                0.7009641029648268,
                0.6990272524643354
            ]
        ]
    },
    "SPD": {
        "means": [
            0.7632875394367243,
            0.6440147321489544,
            0.4177807082904,
            0.31895353181570546,
            0.46601546966691804,
            0.12482217167172252
        ],
        "stds": [
            0.002334842064957823,
            0.11796651904588334,
            0.0064694808690409465,
            0.03969357801317365,
            0.3108158236034214,
            0.029528200493819812
        ],
        "medians": [
            0.763542726722279
        ],
        "q1": [
            0.762919812373002
        ],
        "q3": [
            0.7653816958967596
        ],
        "budgets": [
            0,
            4860,
            9721,
            14581,
            19442,
            24302
        ],
        "values": [
            [
                0.763542726722279,
                0.762919812373002,
                0.7590789523602851,
                0.7655145098312965,
                0.7653816958967596
            ]
        ]
    },
    "EO": {
        "means": [
            0.7696746520461256,
            0.6639482409986287,
            0.39790264857673463,
            0.3213979333678194,
            0.4912965825979062,
            0.14100577268474815
        ],
        "stds": [
            0.003860736068746561,
            0.12082642850505047,
            0.004848311841311872,
            0.04123395100032328,
            0.3210796531661813,
            0.06998634459560768
        ],
        "medians": [
            0.7695982111399144
        ],
        "q1": [
            0.7687508341443408
        ],
        "q3": [
            0.7715438172977912
        ],
        "budgets": [
            0,
            4860,
            9721,
            14581,
            19442,
            24302
        ],
        "values": [
            [
                0.7695982111399144,
                0.7687508341443408,
                0.7633327520707076,
                0.7715438172977912,
                0.7751476455778742
            ]
        ]
    },
    "ACC": {
        "means": [
            0.6840315776283363,
            0.6562466062403408,
            0.604494382022472,
            0.6170753101374211,
            0.5130529217660081,
            0.35419573117246567
        ],
        "stds": [
            0.0003284675368837802,
            0.02860725887550119,
            0.05874566071443027,
            0.0783338138259584,
            0.14171102959527437,
            0.00873166850027286
        ],
        "medians": [
            0.684223716636732
        ],
        "q1": [
            0.6839313311891734
        ],
        "q3": [
            0.6842654859863831
        ],
        "budgets": [
            0,
            4860,
            9721,
            14581,
            19442,
            24302
        ],
        "values": [
            [
                0.6842654859863831,
                0.6834300989933587,
                0.684223716636732,
                0.6839313311891734,
                0.6843072553360344
            ]
        ]
    },
    "F1": {
        "means": [
            0.28620443537976015,
            0.24625293566092316,
            0.2919837580132683,
            0.2360555980484249,
            0.34230622042245257,
            0.448463400389888
        ],
        "stds": [
            0.0020707477422052976,
            0.06189644781059905,
            0.11300012940803379,
            0.1615005188094486,
            0.13979625821062067,
            0.010203162963296044
        ],
        "medians": [
            0.28547121656111163
        ],
        "q1": [
            0.284527518172378
        ],
        "q3": [
            0.28773318258903335
        ],
        "budgets": [
            0,
            4860,
            9721,
            14581,
            19442,
            24302
        ],
        "values": [
            [
                0.28547121656111163,
                0.284527518172378,
                0.28773318258903335,
                0.2894168466522678,
                0.28387341292400986
            ]
        ]
    },