{
    "AUC": {
        "means": [
            0.7006182355046839,
            0.6347059944285622,
            0.6141755214859107,
            0.6046756743674793,
            0.5947841372362397,
            0.601886281738348
        ],
        "stds": [
            0.000240594205254203,
            0.0006108151211133883,
            0.000978584123534183,
            0.00932796479207237,
            0.0004975063494910442,
            0.007065359330374514
        ],
        "medians": [
            0.7006285623264067
        ],
        "q1": [
            0.700484242283989
        ],
        "q3": [
            0.7008256791049887
        ],
        "budgets": [
            0,
            4860,
            9721,
            14581,
            19442,
            24302
        ],
        "values": [
            [
                0.7006285623264067,
                0.7008256791049887,
                0.7009116265444163,
                0.700484242283989,
                0.7002410672636193
            ]
        ]
    },
    "SPD": {
        "means": [
            0.7672114324389537,
            0.5171640400809145,
            0.42191493048969064,
            0.4802001253477033,
            0.39596462341816807,
            0.393191483033293
        ],
        "stds": [
            0.004169029309220199,
            0.002608188700584269,
            0.01030355386495326,
            0.07402143384541802,
            0.010029897377490894,
            0.009452841677574776
        ],
        "medians": [
            0.7680509949663641
        ],
        "q1": [
            0.7628010507354693
        ],
        "q3": [
            0.770883215699724
        ],
        "budgets": [
            0,
            4860,
            9721,
            14581,
            19442,
            24302
        ],
        "values": [
            [
                0.7723214060795154,
                0.7680509949663641,
                0.7628010507354693,
                0.7620004947136958,
                0.770883215699724
            ]
        ]
    },
    "EO": {
        "means": [
            0.773851689704475,
            0.47165714727343994,
            0.35504911019732727,
            0.4468106054775721,
            0.3517824467129923,
            0.35117130913657174
        ],
        "stds": [
            0.0042261140535829675,
            0.0031093611789711163,
            0.01186656291909983,
            0.08484542871371148,
            0.009510044731816126,
            0.008766008597125619
        ],
        "medians": [
            0.7743002685823004
        ],
        "q1": [
            0.7695745060160681
        ],
        "q3": [
            0.7774152192740191
        ],
        "budgets": [
            0,
            4860,
            9721,
            14581,
            19442,
            24302
        ],
        "values": [
            [
                0.7793726779938192,
                0.7743002685823004,
                0.7695745060160681,
                0.7685957766561682,
                0.7774152192740191
            ]
        ]
    },
    "ACC": {
        "means": [
            0.6844993943444301,
            0.6765130946911156,
            0.65894490622781,
            0.6616599139551397,
            0.6529301198780335,
            0.6514013616807987
        ],
        "stds": [
            0.00020222577898852939,
            0.0006712270807936564,
            0.0013579600368383263,
            0.00674113306957207,
            0.0024936546619513875,
            0.002567289799708071
        ],
        "medians": [
            0.6845161020842906
        ],
        "q1": [
            0.6843907940353369
        ],
        "q3": [
            0.6846414101332442
        ],
        "budgets": [
            0,
            4860,
            9721,
            14581,
            19442,
            24302
        ],
        "values": [
            [
                0.6846414101332442,
                0.6845161020842906,
                0.6843907940353369,
                0.6847667181821979,
                0.6841819472870807
            ]
        ]
    },
    "F1": {
        "means": [
            0.2859426429425655,
            0.3006001030004286,
            0.3106501374617631,
            0.3054548881575632,
            0.3194360124043659,
            0.3173901755692288
        ],
        "stds": [
            0.0017729596218139072,
            0.0023611804230176895,
            0.004557186851758435,
            0.010986826766108706,
            0.003411012730540776,
            0.002485497925535254
        ],
        "medians": [
            0.286740383706644
        ],
        "q1": [
            0.2840640090900483
        ],
        "q3": [
            0.2873324523315084
        ],
        "budgets": [
            0,
            4860,
            9721,
            14581,
            19442,
            24302
        ],
        "values": [
            [
                0.2873324523315084,
                0.2836004932182491,
                0.2879758763663777,
                0.286740383706644,
                0.2840640090900483
            ]
        ]
    },