{
    "AUC": {
        "means": [
            0.6995784280864242,
            0.6281868317165429,
            0.5749731583307327,
            0.5416819780233338,
            0.5222547279000717,
            0.5214781369866307
        ],
        "stds": [
            0.0008229864763123576,
            0.028965225059374024,
            0.019450776428160926,
            0.02546611370089725,
            0.033209188627706165,
            0.032134729720544916
        ],
        "medians": [
            0.6993168614054633
        ],
        "q1": [
            0.6990272524643354
        ],
        "q3": [
            0.6999218825012216
        ],
        "budgets": [
            0,
            4860,
            9721,
            14581,
            19442,
            24302
        ],
        "values": [
            [
                0.6986327658181807,
                0.7009933782429202,
                0.6993168614054633,
                0.6999218825012216,
                0.6990272524643354
            ]
        ]
    },
    "SPD": {
        "means": [
            0.7617453741993151,
            0.5717627802302696,
            0.40352098360008914,
            0.343496302546258,
            0.6942210338302222,
            0.7002240961990509
        ],
        "stds": [
            0.00207777402462072,
            0.08975387493579906,
            0.035053215127682766,
            0.05299088349567906,
            0.3046002242904425,
            0.2925940995527849
        ],
        "medians": [
            0.761436794255251
        ],
        "q1": [
            0.7606064643601274
        ],
        "q3": [
            0.7621634163774513
        ],
        "budgets": [
            0,
            4860,
            9721,
            14581,
            19442,
            24302
        ],
        "values": [
            [
                0.761436794255251,
                0.7606064643601274,
                0.7591385001069856,
                0.7621634163774513,
                0.7653816958967596
            ]
        ]
    },
    "EO": {
        "means": [
            0.7683952897594191,
            0.5790304149728056,
            0.39550174167714724,
            0.36138386616281915,
            0.7479968683258306,
            0.7552552798292452
        ],
        "stds": [
            0.0036474167132721233,
            0.07697493290088289,
            0.032315314394960624,
            0.049495401837944694,
            0.27044617264539117,
            0.25592934963856184
        ],
        "medians": [
            0.767593342172422
        ],
        "q1": [
            0.7664477027624264
        ],
        "q3": [
            0.7684525717299188
        ],
        "budgets": [
            0,
            4860,
            9721,
            14581,
            19442,
            24302
        ],
        "values": [
            [
                0.7684525717299188,
                0.767593342172422,
                0.7643351865544538,
                0.7664477027624264,
                0.7751476455778742
            ]
        ]
    },
    "ACC": {
        "means": [
            0.6845077482143603,
            0.6815588321289837,
            0.6751430600225554,
            0.6772900045946285,
            0.6478426130905142,
            0.647566935382816
        ],
        "stds": [
            0.0004973184433778908,
            8.099377398462226e-05,
            0.0036740506100826327,
            0.0007610737712830687,
            0.07376467148406496,
            0.07431602689946115
        ],
        "medians": [
            0.6847249488325466
        ],
        "q1": [
            0.6843072553360344
        ],
        "q3": [
            0.6848084875318491
        ],
        "budgets": [
            0,
            4860,
            9721,
            14581,
            19442,
            24302
        ],
        "values": [
            [
                0.6836389457416148,
                0.6847249488325466,
                0.6850591036297565,
                0.6848084875318491,
                0.6843072553360344
            ]
        ]
    },
    "F1": {
        "means": [
            0.28675860752118526,
            0.2024243795716032,
            0.15786977346403913,
            0.11778133021839095,
            0.23698116431304223,
            0.2375392555545605
        ],
        "stds": [
            0.0016697388208838013,
            0.04129410752862777,
            0.00956202635980457,
            0.030237440460370208,
            0.1317703672819157,
            0.13288654976495232
        ],
        "medians": [
            0.28733459357277885
        ],
        "q1": [
            0.28614514608859565
        ],
        "q3": [
            0.2876557191392979
        ],
        "budgets": [
            0,
            4860,
            9721,
            14581,
            19442,
            24302
        ],
        "values": [
            [
                0.28614514608859565,
                0.2876557191392979,
                0.28733459357277885,
                0.28878416588124406,
                0.28387341292400986
            ]
        ]
    },