{
    "AUC": {
        "means": [
            0.5796101132462507,
            0.5,
            0.5,
            0.5,
            0.5028141739958338,
            0.4246726278087539
        ],
        "stds": [
            0.09750207790924914,
            0.0,
            0.0,
            0.0,
            0.006745969273548695,
            0.008279494189368375
        ],
        "medians": [
            0.5
        ],
        "q1": [
            0.5
        ],
        "q3": [
            0.6990252831156267
        ],
        "budgets": [
            0,
            4860,
            9721,
            14581,
            19442,
            24302
        ],
        "values": [
            [
                0.6990252831156267,
                0.5,
                0.5,
                0.6990252831156267,
                0.5
            ]
        ]
    },
    "SPD": {
        "means": [
            0.303115451911856,
            0.0,
            0.0,
            0.0,
            0.21050278390268407,
            0.14956249402473873
        ],
        "stds": [
            0.37123909516858944,
            0.0,
            0.0,
            0.0,
            0.32260480550391046,
            0.009805585770995289
        ],
        "medians": [
            0.0
        ],
        "q1": [
            0.0
        ],
        "q3": [
            0.75778862977964
        ],
        "budgets": [
            0,
            4860,
            9721,
            14581,
            19442,
            24302
        ],
        "values": [
            [
                0.75778862977964,
                0.0,
                0.0,
                0.75778862977964,
                0.0
            ]
        ]
    },
    "EO": {
        "means": [
            0.3061733662867028,
            0.0,
            0.0,
            0.0,
            0.22416600990484503,
            0.1762688005174861
        ],
        "stds": [
            0.3749842601163377,
            0.0,
            0.0,
            0.0,
            0.33624169867962495,
            0.03523755368065129
        ],
        "medians": [
            0.0
        ],
        "q1": [
            0.0
        ],
        "q3": [
            0.7654334157167569
        ],
        "budgets": [
            0,
            4860,
            9721,
            14581,
            19442,
            24302
        ],
        "values": [
            [
                0.7654334157167569,
                0.0,
                0.0,
                0.7654334157167569,
                0.0
            ]
        ]
    },
    "ACC": {
        "means": [
            0.6767971262687441,
            0.6714840649931081,
            0.6714840649931081,
            0.6714840649931081,
            0.6234326051543377,
            0.35748715592498226
        ],
        "stds": [
            0.006507144548724363,
            0.0,
            0.0,
            0.0,
            0.10267803551305765,
            0.0027303994795590814
        ],
        "medians": [
            0.6714840649931081
        ],
        "q1": [
            0.6714840649931081
        ],
        "q3": [
            0.6847667181821979
        ],
        "budgets": [
            0,
            4860,
            9721,
            14581,
            19442,
            24302
        ],
        "values": [
            [
                0.6847667181821979,
                0.6714840649931081,
                0.6714840649931081,
                0.6847667181821979,
                0.6714840649931081
            ]
        ]
    },
    "F1": {
        "means": [
            0.11635816968899745,
            0.0,
            0.0,
            0.0,
            0.12517799144066039,
            0.4537434383000488
        ],
        "stds": [
            0.1425090715711119,
            0.0,
            0.0,
            0.0,
            0.17850110187614424,
            0.009749670964759616
        ],
        "medians": [
            0.0
        ],
        "q1": [
            0.0
        ],
        "q3": [
            0.29089542422249365
        ],
        "budgets": [
            0,
            4860,
            9721,
            14581,
            19442,
            24302
        ],
        "values": [
            [
                0.29089542422249365,
                0.0,
                0.0,
                0.29089542422249365,
                0.0
            ]
        ]
    },