{
    "AUC": {
        "means": [
            0.7000986825610771,
            0.6126431166833574,
            0.5618047831288348,
            0.5598872543909754,
            0.5189796598705418,
            0.42573896923497684
        ],
        "stds": [
            0.0007181994309106747,
            0.010871081724466122,
            0.004307951336271203,
            0.020060930333783505,
            0.01718416806906623,
            0.008709504692648352
        ],
        "medians": [
            0.7000570992490058
        ],
        "q1": [
            0.6996266265119891
        ],
        "q3": [
            0.7007761250715174
        ],
        "budgets": [
            0,
            4860,
            9721,
            14581,
            19442,
            24302
        ],
        "values": [
            [
                0.6996266265119891,
                0.7009868691104412,
                0.7000570992490058,
                0.7007761250715174,
                0.6990466928624318
            ]
        ]
    },
    "SPD": {
        "means": [
            0.7708444762787817,
            0.65599536850859,
            0.42327928409161614,
            0.3226162159865365,
            0.4681181910475032,
            0.14454374194762407
        ],
        "stds": [
            0.002062644726680139,
            0.12452357943456573,
            0.002808352618626836,
            0.03963119399150996,
            0.31355489543707304,
            0.012052912149226689
        ],
        "medians": [
            0.770942429590556
        ],
        "q1": [
            0.7698150286736665
        ],
        "q3": [
            0.7726328632541538
        ],
        "budgets": [
            0,
            4860,
            9721,
            14581,
            19442,
            24302
        ],
        "values": [
            [
                0.770942429590556,
                0.7726328632541538,
                0.7698150286736665,
                0.7675317883900103,
                0.773300271485522
            ]
        ]
    },
    "EO": {
        "means": [
            0.7762863682873502,
            0.683231709792132,
            0.4026645533386394,
            0.3252767086117468,
            0.4934495923530518,
            0.16030443873573103
        ],
        "stds": [
            0.0043295266997190555,
            0.13583769033392093,
            0.009163487442634798,
            0.04265639112474471,
            0.32394505421932185,
            0.039636178974122985
        ],
        "medians": [
            0.7744197683847036
        ],
        "q1": [
            0.7732504238508617
        ],
        "q3": [
            0.7798022927725674
        ],
        "budgets": [
            0,
            4860,
            9721,
            14581,
            19442,
            24302
        ],
        "values": [
            [
                0.7744197683847036,
                0.7798022927725674,
                0.7732504238508617,
                0.7711616127667354,
                0.7827977436618831
            ]
        ]
    },
    "ACC": {
        "means": [
            0.6844576249947789,
            0.6460465310555115,
            0.6046865210308676,
            0.6171254333570027,
            0.5130946911156593,
            0.355231611043816
        ],
        "stds": [
            0.00014613304109716346,
            0.029277841207916235,
            0.058596704386734894,
            0.07837195708479988,
            0.14174252143372412,
            0.010364880431862709
        ],
        "medians": [
            0.6844325633849881
        ],
        "q1": [
            0.6843072553360344
        ],
        "q3": [
            0.6845578714339418
        ],
        "budgets": [
            0,
            4860,
            9721,
            14581,
            19442,
            24302
        ],
        "values": [
            [
                0.6845578714339418,
                0.6846831794828955,
                0.6843072553360344,
                0.6844325633849881,
                0.6843072553360344
            ]
        ]
    },
    "F1": {
        "means": [
            0.28650970636243134,
            0.23682996815343058,
            0.29284045903722306,
            0.2374752756587331,
            0.3426558335709959,
            0.4463627217494027
        ],
        "stds": [
            0.0015200846652433928,
            0.05133314387589701,
            0.1121897396235764,
            0.16034894216990772,
            0.13930849540842963,
            0.013692436705345014
        ],
        "medians": [
            0.2859304084720121
        ],
        "q1": [
            0.2853088638728597
        ],
        "q3": [
            0.2869557003872674
        ],
        "budgets": [
            0,
            4860,
            9721,
            14581,
            19442,
            24302
        ],
        "values": [
            [
                0.2859304084720121,
                0.2869557003872674,
                0.2892608613880008,
                0.2853088638728597,
                0.28509269769201667
            ]
        ]
    },