{
    "AUC": {
        "means": [
            0.6599885113416294,
            0.6107943451061368,
            0.5623110117279857,
            0.5448210550109485,
            0.5249752993054131,
            0.57900797578318
        ],
        "stds": [
            0.07999591210392853,
            0.01182499493915956,
            0.0,
            0.03634029126342046,
            0.00022538998245305033,
            0.03062400553527658
        ],
        "medians": [
            0.6994479021849014
        ],
        "q1": [
            0.6994479021849014
        ],
        "q3": [
            0.700233185914269
        ],
        "budgets": [
            0,
            4860,
            9721,
            14581,
            19442,
            24302
        ],
        "values": [
            [
                0.7008135664240756,
                0.6994479021849014,
                0.5,
                0.700233185914269,
                0.6994479021849014
            ]
        ]
    },
    "SPD": {
        "means": [
            0.5948778011645499,
            0.5107007847130433,
            0.3908170515367233,
            0.28815753140900835,
            0.24821687277208113,
            0.2582876107604782
        ],
        "stds": [
            0.29749267479879327,
            0.0026043045741634264,
            0.0,
            0.07603572503165495,
            0.0011924360400444977,
            0.012177176944653428
        ],
        "medians": [
            0.7436860722919357
        ],
        "q1": [
            0.7345661618867105
        ],
        "q3": [
            0.7436860722919357
        ],
        "budgets": [
            0,
            4860,
            9721,
            14581,
            19442,
            24302
        ],
        "values": [
            [
                0.7345661618867105,
                0.7436860722919357,
                0.0,
                0.7524506993521679,
                0.7436860722919357
            ]
        ]
    },
    "EO": {
        "means": [
            0.6003787624171822,
            0.46395272224121886,
            0.3167964116287596,
            0.2401061794711679,
            0.20067803148754848,
            0.20854225503271145
        ],
        "stds": [
            0.30029746532167084,
            0.003400204886852545,
            0.0,
            0.0794577606133615,
            0.00017184591149934647,
            0.011467680325053855
        ],
        "medians": [
            0.7513746536372915
        ],
        "q1": [
            0.7368981293410007
        ],
        "q3": [
            0.7513746536372915
        ],
        "budgets": [
            0,
            4860,
            9721,
            14581,
            19442,
            24302
        ],
        "values": [
            [
                0.7368981293410007,
                0.7513746536372915,
                0.0,
                0.7622463754703275,
                0.7513746536372915
            ]
        ]
    },
    "ACC": {
        "means": [
            0.6816256630884258,
            0.6763042479428595,
            0.6518524706570319,
            0.6346434986007268,
            0.6251702100998288,
            0.630767302953093
        ],
        "stds": [
            0.005100747382502838,
            0.00041735920794606907,
            0.0,
            0.015073840126233397,
            0.0010191721314898761,
            0.0060061013367918165
        ],
        "medians": [
            0.6844325633849881
        ],
        "q1": [
            0.6830959441961488
        ],
        "q3": [
            0.6845578714339418
        ],
        "budgets": [
            0,
            4860,
            9721,
            14581,
            19442,
            24302
        ],
        "values": [
            [
                0.6844325633849881,
                0.6845578714339418,
                0.6714840649931081,
                0.6830959441961488,
                0.6845578714339418
            ]
        ]
    },
    "F1": {
        "means": [
            0.23163863769223383,
            0.3071925867503159,
            0.33261269917527425,
            0.3310347630272206,
            0.3379526656306381,
            0.334518344821148
        ],
        "stds": [
            0.11588477630393401,
            0.0028316164556342143,
            0.0,
            0.015719639380778812,
            0.0004925954122196207,
            0.005257114639718511
        ],
        "medians": [
            0.29195574723420215
        ],
        "q1": [
            0.2820100312292988
        ],
        "q3": [
            0.29195574723420215
        ],
        "budgets": [
            0,
            4860,
            9721,
            14581,
            19442,
            24302
        ],
        "values": [
            [
                0.29227166276346606,
                0.29195574723420215,
                0.0,
                0.2820100312292988,
                0.29195574723420215
            ]
        ]
    },