{
    "AUC": {
        "means": [
            0.7002054576426311,
            0.6311829553422893,
            0.6239999307168888,
            0.6259852042594244,
            0.619341782762014,
            0.6106238161169284
        ],
        "stds": [
            0.0005708299261616227,
            0.0008075130675245568,
            0.019023004648306873,
            0.022602092804958316,
            0.023288573547245325,
            0.0022855169774821447
        ],
        "medians": [
            0.7005369085211425
        ],
        "q1": [
            0.7001909556434653
        ],
        "q3": [
            0.7005725070694873
        ],
        "budgets": [
            0,
            4860,
            9721,
            14581,
            19442,
            24302
        ],
        "values": [
            [
                0.7005369085211425,
                0.700621914785886,
                0.6991050021931743,
                0.7005725070694873,
                0.7001909556434653
            ]
        ]
    },
    "SPD": {
        "means": [
            0.7659718923709382,
            0.5110327831287453,
            0.46123709988512324,
            0.49643123251998966,
            0.32798994790330926,
            0.37751372678753264
        ],
        "stds": [
            0.0040548016607912215,
            0.001601232877075683,
            0.11778753761596807,
            0.15559805013986164,
            0.09782070178511834,
            0.005619390594139275
        ],
        "medians": [
            0.7637059822419028
        ],
        "q1": [
            0.7634239650847463
        ],
        "q3": [
            0.767665270036284
        ],
        "budgets": [
            0,
            4860,
            9721,
            14581,
            19442,
            24302
        ],
        "values": [
            [
                0.7637059822419028,
                0.7634239650847463,
                0.767665270036284,
                0.7731376836776349,
                0.7619265608141227
            ]
        ]
    },
    "EO": {
        "means": [
            0.7713071882053696,
            0.46315077465422183,
            0.39600685565170746,
            0.4690399392369483,
            0.2747073797297811,
            0.3352618912857042
        ],
        "stds": [
            0.005124324463300075,
            0.0024020892276971724,
            0.1332179605702313,
            0.17520221356152324,
            0.1228870589519734,
            0.004785828330025435
        ],
        "medians": [
            0.7685957766561683
        ],
        "q1": [
            0.7667696703006947
        ],
        "q3": [
            0.7768305470070983
        ],
        "budgets": [
            0,
            4860,
            9721,
            14581,
            19442,
            24302
        ],
        "values": [
            [
                0.7667696703006947,
                0.7685957766561683,
                0.7768305470070983,
                0.7781430964671897,
                0.7661968505956969
            ]
        ]
    },
    "ACC": {
        "means": [
            0.6849170878409423,
            0.6757194770477424,
            0.6585940436907397,
            0.6583016582431812,
            0.6366985506035671,
            0.6308508416523955
        ],
        "stds": [
            0.0005998520720442956,
            0.00031656648129145326,
            0.006616750166480753,
            0.013125591289377493,
            0.018396207938784957,
            0.033481591589585594
        ],
        "medians": [
            0.6849755649304541
        ],
        "q1": [
            0.6845161020842906
        ],
        "q3": [
            0.6852261810283614
        ],
        "budgets": [
            0,
            4860,
            9721,
            14581,
            19442,
            24302
        ],
        "values": [
            [
                0.6845161020842906,
                0.6840566392381271,
                0.6849755649304541,
                0.6858109519234785,
                0.6852261810283614
            ]
        ]
    },
    "F1": {
        "means": [
            0.28523984918115114,
            0.30750730648619207,
            0.32184966202019255,
            0.3030622728692487,
            0.35549117482091913,
            0.3443414630812805
        ],
        "stds": [
            0.0011759186250674036,
            0.0019340412896172148,
            0.006425871228749025,
            0.030374352680937456,
            0.06215394995995302,
            0.03819606069853205
        ],
        "medians": [
            0.28568720379146917
        ],
        "q1": [
            0.2846860498153234
        ],
        "q3": [
            0.2862804302698623
        ],
        "budgets": [
            0,
            4860,
            9721,
            14581,
            19442,
            24302
        ],
        "values": [
            [
                0.2846860498153234,
                0.2862804302698623,
                0.286336109008327,
                0.28320945302077377,
                0.28568720379146917
            ]
        ]
    },