{
    "AUC": {
        "means": [
            0.7003217385884942,
            0.6115509182622214,
            0.5750699696150849,
            0.5419473671389572,
            0.5178626231376803,
            0.5171782515252171
        ],
        "stds": [
            0.00027696780289433726,
            0.01083345900454337,
            0.019919776381476673,
            0.0255070987724387,
            0.03407040642567465,
            0.032702892907173535
        ],
        "medians": [
            0.7003426113120972
        ],
        "q1": [
            0.7000989933859937
        ],
        "q3": [
            0.7005516193187256
        ],
        "budgets": [
            0,
            4860,
            9721,
            14581,
            19442,
            24302
        ],
        "values": [
            [
                0.7000989933859937,
                0.7003426113120972,
                0.7006820787843883,
                0.6999333901412663,
                0.7005516193187256
            ]
        ]
    },
    "SPD": {
        "means": [
            0.7627952295031466,
            0.49835580840922233,
            0.4030611244569151,
            0.34135497528707814,
            0.7010631913282456,
            0.7062476998089433
        ],
        "stds": [
            0.0028004560086239546,
            0.019250486338401516,
            0.0359430004371484,
            0.05225766530818827,
            0.3045609185378703,
            0.29419198773265154
        ],
        "medians": [
            0.7629643062550933
        ],
        "q1": [
            0.7603836610938028
        ],
        "q3": [
            0.7629940801284435
        ],
        "budgets": [
            0,
            4860,
            9721,
            14581,
            19442,
            24302
        ],
        "values": [
            [
                0.7629940801284435,
                0.7629643062550933,
                0.7603836610938028,
                0.7677693116650758,
                0.7598647883733176
            ]
        ]
    },
    "EO": {
        "means": [
            0.7691638553363969,
            0.5136776940954434,
            0.395979156376857,
            0.3608706989407057,
            0.7527874140729851,
            0.7602153009755146
        ],
        "stds": [
            0.003269379846191396,
            0.021732236932492942,
            0.03379832593949111,
            0.04867345558258846,
            0.27334096904815003,
            0.2584854384989852
        ],
        "medians": [
            0.7688821865086671
        ],
        "q1": [
            0.7661612929099273
        ],
        "q3": [
            0.7705887930617376
        ],
        "budgets": [
            0,
            4860,
            9721,
            14581,
            19442,
            24302
        ],
        "values": [
            [
                0.7688821865086671,
                0.7705887930617376,
                0.7655884732049295,
                0.7745985309967225,
                0.7661612929099273
            ]
        ]
    },
    "ACC": {
        "means": [
            0.6841151163276388,
            0.6813834008604486,
            0.674483104298066,
            0.6773401278142098,
            0.647291257675118,
            0.646915333528257
        ],
        "stds": [
            0.0004080589696944982,
            0.0012371063179271197,
            0.0040356541807345546,
            0.0009790079771751278,
            0.0749509303252046,
            0.0757027785264533
        ],
        "medians": [
            0.6840148698884758
        ],
        "q1": [
            0.6838895618395222
        ],
        "q3": [
            0.6841819472870807
        ],
        "budgets": [
            0,
            4860,
            9721,
            14581,
            19442,
            24302
        ],
        "values": [
            [
                0.6848502568815004,
                0.6838895618395222,
                0.6836389457416148,
                0.6840148698884758,
                0.6841819472870807
            ]
        ]
    },
    "F1": {
        "means": [
            0.2862549894636871,
            0.17077797579904316,
            0.15827458216063534,
            0.11814781933449661,
            0.23752126346216723,
            0.2380055538922759
        ],
        "stds": [
            0.0025683202386651565,
            0.007286928228249429,
            0.009726500868378247,
            0.030692583268271057,
            0.1308129888777409,
            0.13178156783046446
        ],
        "medians": [
            0.2865248226950355
        ],
        "q1": [
            0.2854984894259819
        ],
        "q3": [
            0.28864427509643426
        ],
        "budgets": [
            0,
            4860,
            9721,
            14581,
            19442,
            24302
        ],
        "values": [
            [
                0.2865248226950355,
                0.2854984894259819,
                0.28882629107981217,
                0.2817810690211716,
                0.28864427509643426
            ]
        ]
    },