{
    "AUC": {
        "means": [
            0.6990528848427692,
            0.6154432197222126,
            0.5728976585630208,
            0.5451433045228427,
            0.5137333212377887,
            0.514476890365171
        ],
        "stds": [
            0.0005220727516773694,
            0.0248794687257757,
            0.02095335067319354,
            0.022919201298944057,
            0.036111261456730194,
            0.03284443326299821
        ],
        "medians": [
            0.6992432955540014
        ],
        "q1": [
            0.6991282784712856
        ],
        "q3": [
            0.6992921733653259
        ],
        "budgets": [
            0,
            4860,
            9721,
            14581,
            19442,
            24302
        ],
        "values": [
            [
                0.6980466670789909,
                0.6991282784712856,
                0.6992921733653259,
                0.6992432955540014,
                0.6995540097442425
            ]
        ]
    },
    "SPD": {
        "means": [
            0.7378560322444068,
            0.536428737706137,
            0.38280736971654117,
            0.3408838075351269,
            0.6830313202330313,
            0.6969235181731406
        ],
        "stds": [
            0.026149110652963315,
            0.09977317358293186,
            0.05805309640572141,
            0.06910470758090777,
            0.3110130762761141,
            0.28394991162644506
        ],
        "medians": [
            0.7391948610476701
        ],
        "q1": [
            0.7178565239230492
        ],
        "q3": [
            0.7396080228600219
        ],
        "budgets": [
            0,
            4860,
            9721,
            14581,
            19442,
            24302
        ],
        "values": [
            [
                0.7084218177845022,
                0.7178565239230492,
                0.7391948610476701,
                0.7396080228600219,
                0.7841989356067905
            ]
        ]
    },
    "EO": {
        "means": [
            0.7489154905840326,
            0.5394025919117468,
            0.37468094689305387,
            0.35784384688048687,
            0.7362125966430297,
            0.7507892669693779
        ],
        "stds": [
            0.024594055905467076,
            0.08732691928640736,
            0.05145548340625383,
            0.06377233843417635,
            0.2773793733110817,
            0.2482696555972847
        ],
        "medians": [
            0.7477105883644212
        ],
        "q1": [
            0.740882213785796
        ],
        "q3": [
            0.7531395488168059
        ],
        "budgets": [
            0,
            4860,
            9721,
            14581,
            19442,
            24302
        ],
        "values": [
            [
                0.7131606950861875,
                0.740882213785796,
                0.7531395488168059,
                0.7477105883644212,
                0.7896844068669522
            ]
        ]
    },
    "ACC": {
        "means": [
            0.6830291132367069,
            0.6803558748590286,
            0.6737479637442044,
            0.6773568355540704,
            0.647324673154839,
            0.6462303161939769
        ],
        "stds": [
            0.0008906181365742609,
            0.001147433761173549,
            0.004407123649777417,
            0.0011968504055845687,
            0.07455008035483875,
            0.07669705498676713
        ],
        "medians": [
            0.6825529426506829
        ],
        "q1": [
            0.6823440959024268
        ],
        "q3": [
            0.6837642537905685
        ],
        "budgets": [
            0,
            4860,
            9721,
            14581,
            19442,
            24302
        ],
        "values": [
            [
                0.6823440959024268,
                0.6820934798045194,
                0.6837642537905685,
                0.6825529426506829,
                0.6843907940353369
            ]
        ]
    },
    "F1": {
        "means": [
            0.5115783907346958,
            0.36881713199839417,
            0.34341992436799385,
            0.41078161793768875,
            0.22761235632881474,
            0.22786293307613828
        ],
        "stds": [
            0.08672155420517343,
            0.12700261756621178,
            0.10588341868779981,
            0.03257944798805118,
            0.15745423510720422,
            0.1553278838603526
        ],
        "medians": [
            0.5498311212596927
        ],
        "q1": [
            0.5467690917306823
        ],
        "q3": [
            0.5610899619314766
        ],
        "budgets": [
            0,
            4860,
            9721,
            14581,
            19442,
            24302
        ],
        "values": [
            [
                0.33854121709106605,
                0.5610899619314766,
                0.5467690917306823,
                0.5498311212596927,
                0.5616605616605616
            ]
        ]
    },