{
    "AUC": {
        "means": [
            0.700066927010875,
            0.6254967496255469,
            0.5603136840313658,
            0.5564447094672841,
            0.518558097447803,
            0.4268596441220794
        ],
        "stds": [
            0.0008952988398991172,
            0.034387644325787205,
            0.002734398446996485,
            0.023170262278273557,
            0.01752898215314006,
            0.009580119611392435
        ],
        "medians": [
            0.7000500681204836
        ],
        "q1": [
            0.6991633471145562
        ],
        "q3": [
            0.700739482531086
        ],
        "budgets": [
            0,
            4860,
            9721,
            14581,
            19442,
            24302
        ],
        "values": [
            [
                0.7013544848239142,
                0.700739482531086,
                0.7000500681204836,
                0.6991633471145562,
                0.6990272524643354
            ]
        ]
    },
    "SPD": {
        "means": [
            0.76342998663059,
            0.6440147321489544,
            0.4177807082904,
            0.31895353181570546,
            0.46601546966691804,
            0.12482217167172252
        ],
        "stds": [
            0.0026096041517644315,
            0.11796651904588334,
            0.0064694808690409465,
            0.03969357801317365,
            0.3108158236034214,
            0.029528200493819812
        ],
        "medians": [
            0.7630385740105347
        ],
        "q1": [
            0.762919812373002
        ],
        "q3": [
            0.7653816958967596
        ],
        "budgets": [
            0,
            4860,
            9721,
            14581,
            19442,
            24302
        ],
        "values": [
            [
                0.7630385740105347,
                0.762919812373002,
                0.7590789523602851,
                0.7667308985123685,
                0.7653816958967596
            ]
        ]
    },
    "EO": {
        "means": [
            0.7706770865298719,
            0.6639482409986287,
            0.39790264857673463,
            0.3213979333678194,
            0.4912965825979062,
            0.14100577268474815
        ],
        "stds": [
            0.004307232127707184,
            0.12082642850505047,
            0.004848311841311872,
            0.04123395100032328,
            0.3210796531661813,
            0.06998634459560768
        ],
        "medians": [
            0.7717344324717332
        ],
        "q1": [
            0.7687508341443408
        ],
        "q3": [
            0.7744197683847036
        ],
        "budgets": [
            0,
            4860,
            9721,
            14581,
            19442,
            24302
        ],
        "values": [
            [
                0.7717344324717332,
                0.7687508341443408,
                0.7633327520707076,
                0.7744197683847036,
                0.7751476455778742
            ]
        ]
    },
    "ACC": {
        "means": [
            0.6839898082786852,
            0.6562466062403408,
            0.604494382022472,
            0.6170753101374211,
            0.5130529217660081,
            0.35419573117246567
        ],
        "stds": [
            0.00030648571618300727,
            0.02860725887550119,
            0.05874566071443027,
            0.0783338138259584,
            0.14171102959527437,
            0.00873166850027286
        ],
        "medians": [
            0.6840148698884758
        ],
        "q1": [
            0.6839731005388247
        ],
        "q3": [
            0.684223716636732
        ],
        "budgets": [
            0,
            4860,
            9721,
            14581,
            19442,
            24302
        ],
        "values": [
            [
                0.6839731005388247,
                0.6834300989933587,
                0.684223716636732,
                0.6840148698884758,
                0.6843072553360344
            ]
        ]
    },
    "F1": {
        "means": [
            0.2852369666632741,
            0.24625293566092316,
            0.2919837580132683,
            0.2360555980484249,
            0.34230622042245257,
            0.448463400389888
        ],
        "stds": [
            0.0013636062541769309,
            0.06189644781059905,
            0.11300012940803379,
            0.1615005188094486,
            0.13979625821062067,
            0.010203162963296044
        ],
        "medians": [
            0.284527518172378
        ],
        "q1": [
            0.28447134480801967
        ],
        "q3": [
            0.28557937482292944
        ],
        "budgets": [
            0,
            4860,
            9721,
            14581,
            19442,
            24302
        ],
        "values": [
            [
                0.28447134480801967,
                0.284527518172378,
                0.28773318258903335,
                0.28557937482292944,
                0.28387341292400986
            ]
        ]
    },