{
    "AUC": {
        "means": [
            0.6999083794126659,
            0.6281868317165429,
            0.5652964866344495,
            0.5416819780233338,
            0.5222547279000717,
            0.5214781369866307
        ],
        "stds": [
            0.0007546397858390086,
            0.028965225059374024,
            0.000898577919721047,
            0.02546611370089725,
            0.033209188627706165,
            0.032134729720544916
        ],
        "medians": [
            0.6996180689404919
        ],
        "q1": [
            0.6993168614054633
        ],
        "q3": [
            0.7005863360101185
        ],
        "budgets": [
            0,
            4860,
            9721,
            14581,
            19442,
            24302
        ],
        "values": [
            [
                0.6996180689404919,
                0.7009933782429202,
                0.6993168614054633,
                0.7005863360101185,
                0.6990272524643354
            ]
        ]
    },
    "SPD": {
        "means": [
            0.7616445436569661,
            0.5717627802302696,
            0.4196704599775103,
            0.343496302546258,
            0.6942210338302222,
            0.7002240961990509
        ],
        "stds": [
            0.0029167125016601046,
            0.08975387493579906,
            0.0015802387560387512,
            0.05299088349567906,
            0.3046002242904425,
            0.2925940995527849
        ],
        "medians": [
            0.7606064643601274
        ],
        "q1": [
            0.7591385001069856
        ],
        "q3": [
            0.7648032754295738
        ],
        "budgets": [
            0,
            4860,
            9721,
            14581,
            19442,
            24302
        ],
        "values": [
            [
                0.7648032754295738,
                0.7606064643601274,
                0.7591385001069856,
                0.7582927824913843,
                0.7653816958967596
            ]
        ]
    },
    "EO": {
        "means": [
            0.7676004537095759,
            0.5790304149728056,
            0.4107513777385507,
            0.36138386616281915,
            0.7479968683258306,
            0.7552552798292452
        ],
        "stds": [
            0.0048137255862975275,
            0.07697493290088289,
            0.0014399311222815627,
            0.049495401837944694,
            0.27044617264539117,
            0.25592934963856184
        ],
        "medians": [
            0.767593342172422
        ],
        "q1": [
            0.7643351865544538
        ],
        "q3": [
            0.7698846209924134
        ],
        "budgets": [
            0,
            4860,
            9721,
            14581,
            19442,
            24302
        ],
        "values": [
            [
                0.7698846209924134,
                0.767593342172422,
                0.7643351865544538,
                0.7610414732507161,
                0.7751476455778742
            ]
        ]
    },
    "ACC": {
        "means": [
            0.684566225303872,
            0.6815588321289837,
            0.676763710789023,
            0.6772900045946285,
            0.6478426130905142,
            0.647566935382816
        ],
        "stds": [
            0.0003218137969885698,
            8.099377398462226e-05,
            0.00048032936005897156,
            0.0007610737712830687,
            0.07376467148406496,
            0.07431602689946115
        ],
        "medians": [
            0.684599640783593
        ],
        "q1": [
            0.6843072553360344
        ],
        "q3": [
            0.6847249488325466
        ],
        "budgets": [
            0,
            4860,
            9721,
            14581,
            19442,
            24302
        ],
        "values": [
            [
                0.684599640783593,
                0.6847249488325466,
                0.6850591036297565,
                0.6841401779374295,
                0.6843072553360344
            ]
        ]
    },
    "F1": {
        "means": [
            0.28682005478104017,
            0.2024243795716032,
            0.15327039815365923,
            0.11778133021839095,
            0.23698116431304223,
            0.2375392555545605
        ],
        "stds": [
            0.002030394362112311,
            0.04129410752862777,
            0.000742887936199106,
            0.030237440460370208,
            0.1317703672819157,
            0.13288654976495232
        ],
        "medians": [
            0.28733459357277885
        ],
        "q1": [
            0.2854168638213306
        ],
        "q3": [
            0.2876557191392979
        ],
        "budgets": [
            0,
            4860,
            9721,
            14581,
            19442,
            24302
        ],
        "values": [
            [
                0.2854168638213306,
                0.2876557191392979,
                0.28733459357277885,
                0.2898196844477836,
                0.28387341292400986
            ]
        ]
    },