{
    "AUC": {
        "means": [
            0.6994216837472736,
            0.6418975157259217,
            0.6145554776603884,
            0.5957691564243397,
            0.596827687682491,
            0.5963334309835022
        ],
        "stds": [
            0.0006052297002059349,
            0.01878892758361127,
            0.0010357545595730453,
            0.0018674398965779992,
            0.0012371108671577848,
            0.0017953861486443808
        ],
        "medians": [
            0.6992921733653259
        ],
        "q1": [
            0.6990535223106646
        ],
        "q3": [
            0.6995540097442425
        ],
        "budgets": [
            0,
            4860,
            9721,
            14581,
            19442,
            24302
        ],
        "values": [
            [
                0.7004973712753804,
                0.6987113420407546,
                0.6992921733653259,
                0.6990535223106646,
                0.6995540097442425
            ]
        ]
    },
    "SPD": {
        "means": [
            0.7587553853227855,
            0.45654990917602856,
            0.36601636197260257,
            0.253134351189058,
            0.24027963160522453,
            0.24307986894639638
        ],
        "stds": [
            0.038251301807346094,
            0.10645434408724364,
            0.015365847644790714,
            0.020471383545641514,
            0.014399035749165418,
            0.010647044101976554
        ],
        "medians": [
            0.7498954879379391
        ],
        "q1": [
            0.7391948610476701
        ],
        "q3": [
            0.7841989356067905
        ],
        "budgets": [
            0,
            4860,
            9721,
            14581,
            19442,
            24302
        ],
        "values": [
            [
                0.8159344549878825,
                0.7045531870336451,
                0.7391948610476701,
                0.7498954879379391,
                0.7841989356067905
            ]
        ]
    },
    "EO": {
        "means": [
            0.7622349125816731,
            0.4098588311165795,
            0.2881720199655594,
            0.20553297074235682,
            0.19355590820986374,
            0.19673742808498643
        ],
        "stds": [
            0.03557155816382018,
            0.10868608540912096,
            0.015902929000578603,
            0.019397543826153447,
            0.013109674141541593,
            0.008822677402634496
        ],
        "medians": [
            0.7531395488168059
        ],
        "q1": [
            0.7350028559803319
        ],
        "q3": [
            0.7896844068669522
        ],
        "budgets": [
            0,
            4860,
            9721,
            14581,
            19442,
            24302
        ],
        "values": [
            [
                0.8151995630463748,
                0.7181481881979007,
                0.7531395488168059,
                0.7350028559803319,
                0.7896844068669522
            ]
        ]
    },
    "ACC": {
        "means": [
            0.6836556534814753,
            0.672845745791738,
            0.645453406290464,
            0.6260891357921557,
            0.6241426840984086,
            0.6253122258886429
        ],
        "stds": [
            0.0013101467721559237,
            0.004340364046181037,
            0.006581789283876666,
            0.005787091766367663,
            0.004307438741376412,
            0.00274823276268817
        ],
        "medians": [
            0.6837642537905685
        ],
        "q1": [
            0.6826782506996366
        ],
        "q3": [
            0.6843907940353369
        ],
        "budgets": [
            0,
            4860,
            9721,
            14581,
            19442,
            24302
        ],
        "values": [
            [
                0.6856021051752225,
                0.6826782506996366,
                0.6837642537905685,
                0.6818428637066121,
                0.6843907940353369
            ]
        ]
    },
    "F1": {
        "means": [
            0.49614520202194967,
            0.4809510009464562,
            0.45324658900933557,
            0.4891212199984921,
            0.48495780786706233,
            0.48189779217604534
        ],
        "stds": [
            0.11369712567100225,
            0.10585641578454716,
            0.011803720209176275,
            0.04422113008614058,
            0.04917575389845873,
            0.04847054903426838
        ],
        "medians": [
            0.5467690917306823
        ],
        "q1": [
            0.5420944558521561
        ],
        "q3": [
            0.5609304159274591
        ],
        "budgets": [
            0,
            4860,
            9721,
            14581,
            19442,
            24302
        ],
        "values": [
            [
                0.5420944558521561,
                0.5609304159274591,
                0.5467690917306823,
                0.2692714849388894,
                0.5616605616605616
            ]
        ]
    },