{
    "AUC": {
        "means": [
            0.6993348259783827,
            0.6291483088830914,
            0.5788380051715571,
            0.5547260667582321,
            0.524074992957008,
            0.5233303719285081
        ],
        "stds": [
            0.00046567441173589707,
            0.026742056279057624,
            0.017544699050342477,
            0.02096936658545643,
            0.03234805162859633,
            0.03128769535322917
        ],
        "medians": [
            0.6993292232208516
        ],
        "q1": [
            0.6990466928624318
        ],
        "q3": [
            0.6997276287918465
        ],
        "budgets": [
            0,
            4860,
            9721,
            14581,
            19442,
            24302
        ],
        "values": [
            [
                0.6986364435175764,
                0.6997276287918465,
                0.6993292232208516,
                0.6999341414992074,
                0.6990466928624318
            ]
        ]
    },
    "SPD": {
        "means": [
            0.7673239722171216,
            0.5807806642821264,
            0.409271535600417,
            0.35003877887663576,
            0.6976316750307678,
            0.7045986157121676
        ],
        "stds": [
            0.0032225765373407214,
            0.08162139904227655,
            0.03594663487570163,
            0.05025117075341489,
            0.3086929937310973,
            0.2947591123682977
        ],
        "medians": [
            0.7668938201761242
        ],
        "q1": [
            0.7655295636959059
        ],
        "q3": [
            0.7671460634599304
        ],
        "budgets": [
            0,
            4860,
            9721,
            14581,
            19442,
            24302
        ],
        "values": [
            [
                0.7655295636959059,
                0.7671460634599304,
                0.7637501422681258,
                0.7668938201761242,
                0.773300271485522
            ]
        ]
    },
    "EO": {
        "means": [
            0.7736107092605528,
            0.5872361221924447,
            0.40017535297091766,
            0.36795745936925534,
            0.7513982288700481,
            0.7597904272215354
        ],
        "stds": [
            0.0049572976802024415,
            0.07209393796920033,
            0.032856947963760076,
            0.046169721642009796,
            0.2749813200376814,
            0.25819692333470695
        ],
        "medians": [
            0.770839645228467
        ],
        "q1": [
            0.7699922682328935
        ],
        "q3": [
            0.7748375306015288
        ],
        "budgets": [
            0,
            4860,
            9721,
            14581,
            19442,
            24302
        ],
        "values": [
            [
                0.7695863585779913,
                0.7748375306015288,
                0.7699922682328935,
                0.770839645228467,
                0.7827977436618831
            ]
        ]
    },
    "ACC": {
        "means": [
            0.6843991479052671,
            0.6741740111106471,
            0.674817259095276,
            0.6773818971638612,
            0.6479345056597469,
            0.6476254124723277
        ],
        "stds": [
            0.0005717368073937906,
            0.014943613991729157,
            0.003926265544279114,
            0.0008858253968881376,
            0.07374796374420449,
            0.07436615011904264
        ],
        "medians": [
            0.6843072553360344
        ],
        "q1": [
            0.684223716636732
        ],
        "q3": [
            0.6848920262311515
        ],
        "budgets": [
            0,
            4860,
            9721,
            14581,
            19442,
            24302
        ],
        "values": [
            [
                0.6834718683430099,
                0.684223716636732,
                0.6851008729794077,
                0.6848920262311515,
                0.6843072553360344
            ]
        ]
    },
    "F1": {
        "means": [
            0.28730781297730834,
            0.22410348825210744,
            0.15892441202871488,
            0.11933291909515567,
            0.23779301950456308,
            0.23829271191850876
        ],
        "stds": [
            0.001754997806454925,
            0.0699021511909555,
            0.009686514494589798,
            0.030420606760536945,
            0.13150001750374982,
            0.13249940233164115
        ],
        "medians": [
            0.2865232163080408
        ],
        "q1": [
            0.28617181612660136
        ],
        "q3": [
            0.2892429527670406
        ],
        "budgets": [
            0,
            4860,
            9721,
            14581,
            19442,
            24302
        ],
        "values": [
            [
                0.28617181612660136,
                0.2865232163080408,
                0.2892429527670406,
                0.28950838199284235,
                0.28509269769201667
            ]
        ]
    },