{
    "AUC": {
        "means": [
            0.6992861142567085,
            0.6090812347642405,
            0.5638038705848427,
            0.553909452193625,
            0.5296078196272727,
            0.43056532408757076
        ],
        "stds": [
            0.00018131841870758756,
            0.012740884570105743,
            0.007471537203142448,
            0.0205173116911398,
            0.04242777562962834,
            0.029099448917166815
        ],
        "medians": [
            0.6992921733653259
        ],
        "q1": [
            0.6991282784712856
        ],
        "q3": [
            0.699402587392024
        ],
        "budgets": [
            0,
            4860,
            9721,
            14581,
            19442,
            24302
        ],
        "values": [
            [
                0.699402587392024,
                0.6991282784712856,
                0.6992921733653259,
                0.6990535223106646,
                0.6995540097442425
            ]
        ]
    },
    "SPD": {
        "means": [
            0.7485111515447662,
            0.6490269527912627,
            0.4364333084964801,
            0.31459568081557954,
            0.5505638370358455,
            0.10952047067607326
        ],
        "stds": [
            0.021496217386573598,
            0.11827428953999469,
            0.059492842493351426,
            0.05032586525644199,
            0.28152242792443394,
            0.10401222092085435
        ],
        "medians": [
            0.7498954879379391
        ],
        "q1": [
            0.7391948610476701
        ],
        "q3": [
            0.7514099492083822
        ],
        "budgets": [
            0,
            4860,
            9721,
            14581,
            19442,
            24302
        ],
        "values": [
            [
                0.7514099492083822,
                0.7178565239230492,
                0.7391948610476701,
                0.7498954879379391,
                0.7841989356067905
            ]
        ]
    },
    "EO": {
        "means": [
            0.75437978141278,
            0.6756714963421045,
            0.42141582586540755,
            0.32098429519308797,
            0.57617654537112,
            0.13491329607407432
        ],
        "stds": [
            0.019010629594741278,
            0.12916539616268694,
            0.07482929752327036,
            0.05282593839408095,
            0.28041873566200826,
            0.09975089533975418
        ],
        "medians": [
            0.7531395488168059
        ],
        "q1": [
            0.740882213785796
        ],
        "q3": [
            0.7531898816140137
        ],
        "budgets": [
            0,
            4860,
            9721,
            14581,
            19442,
            24302
        ],
        "values": [
            [
                0.7531898816140137,
                0.740882213785796,
                0.7531395488168059,
                0.7350028559803319,
                0.7896844068669522
            ]
        ]
    },
    "ACC": {
        "means": [
            0.6829956977569859,
            0.6453030366317196,
            0.5779374295142224,
            0.6076855603358255,
            0.5763585480974062,
            0.37472118959107803
        ],
        "stds": [
            0.0009686887643835071,
            0.029591612424872425,
            0.04936542427461911,
            0.08566311185154404,
            0.12987690840861485,
            0.014059029487100803
        ],
        "medians": [
            0.6828870974478928
        ],
        "q1": [
            0.6820934798045194
        ],
        "q3": [
            0.6837642537905685
        ],
        "budgets": [
            0,
            4860,
            9721,
            14581,
            19442,
            24302
        ],
        "values": [
            [
                0.6828870974478928,
                0.6820934798045194,
                0.6837642537905685,
                0.6818428637066121,
                0.6843907940353369
            ]
        ]
    },
    "F1": {
        "means": [
            0.4926453338261057,
            0.41401828091392323,
            0.4679385576015627,
            0.4410646270802725,
            0.35336890991297,
            0.48615122336443006
        ],
        "stds": [
            0.11250212919763239,
            0.096947762151666,
            0.05962303539011026,
            0.04311978560892063,
            0.17072259743577095,
            0.01696599362820421
        ],
        "medians": [
            0.5467690917306823
        ],
        "q1": [
            0.5244355688689188
        ],
        "q3": [
            0.5610899619314766
        ],
        "budgets": [
            0,
            4860,
            9721,
            14581,
            19442,
            24302
        ],
        "values": [
            [
                0.5244355688689188,
                0.5610899619314766,
                0.5467690917306823,
                0.2692714849388894,
                0.5616605616605616
            ]
        ]
    },