{
    "AUC": {
        "means": [
            0.7006003421130431,
            0.611762849446692,
            0.5672489337439913,
            0.5432878213419505,
            0.5144821158619255,
            0.4314603408760707
        ],
        "stds": [
            0.00020870170220296601,
            0.012002057168060062,
            0.0163959780887787,
            0.01830325378219664,
            0.020541521019974442,
            0.00955006720895276
        ],
        "medians": [
            0.7005769914900409
        ],
        "q1": [
            0.7005104963122561
        ],
        "q3": [
            0.7006956190453894
        ],
        "budgets": [
            0,
            4860,
            9721,
            14581,
            19442,
            24302
        ],
        "values": [
            [
                0.70029313241442,
                0.7005769914900409,
                0.7006956190453894,
                0.7005104963122561,
                0.7009254713031092
            ]
        ]
    },
    "SPD": {
        "means": [
            0.7631157189965506,
            0.6528844752468637,
            0.4213374266086163,
            0.31494775307412964,
            0.5973539433689397,
            0.1485313042990013
        ],
        "stds": [
            0.0021373214267963454,
            0.12622973237183038,
            0.001919319966676824,
            0.028004133542190564,
            0.31611872934288804,
            0.046253011381831216
        ],
        "medians": [
            0.7631720556568083
        ],
        "q1": [
            0.7626381290717138
        ],
        "q3": [
            0.7647885554208329
        ],
        "budgets": [
            0,
            4860,
            9721,
            14581,
            19442,
            24302
        ],
        "values": [
            [
                0.7647885554208329,
                0.7631720556568083,
                0.7594054633995329,
                0.7626381290717138,
                0.7655743914338655
            ]
        ]
    },
    "EO": {
        "means": [
            0.7686911816614563,
            0.6806465199092191,
            0.4029376818272299,
            0.3156835372461076,
            0.6237458447028629,
            0.1873406195740027
        ],
        "stds": [
            0.0026548029971788984,
            0.1352719250011666,
            0.007347589027270657,
            0.036870312185661974,
            0.3296480496257632,
            0.06708825781608224
        ],
        "medians": [
            0.769741416066164
        ],
        "q1": [
            0.7684525717299188
        ],
        "q3": [
            0.7698846209924134
        ],
        "budgets": [
            0,
            4860,
            9721,
            14581,
            19442,
            24302
        ],
        "values": [
            [
                0.771603080107407,
                0.769741416066164,
                0.763774219411379,
                0.7698846209924134,
                0.7684525717299188
            ]
        ]
    },
    "ACC": {
        "means": [
            0.6846163485234534,
            0.6458710997869763,
            0.5859822062570486,
            0.6074516519777786,
            0.5664257967503447,
            0.3549308717263272
        ],
        "stds": [
            0.0005326861389893455,
            0.02888312805852706,
            0.04759492302999615,
            0.08608119194536377,
            0.14615445900198837,
            0.011489156006271265
        ],
        "medians": [
            0.6845161020842906
        ],
        "q1": [
            0.6842654859863831
        ],
        "q3": [
            0.6848920262311515
        ],
        "budgets": [
            0,
            4860,
            9721,
            14581,
            19442,
            24302
        ],
        "values": [
            [
                0.6842654859863831,
                0.6845161020842906,
                0.6848920262311515,
                0.6839313311891734,
                0.6854767971262687
            ]
        ]
    },
    "F1": {
        "means": [
            0.28558941829587214,
            0.23334503926948497,
            0.32956101151953315,
            0.24482469554037034,
            0.28623551382125034,
            0.451763249693641
        ],
        "stds": [
            0.001296965556998774,
            0.05537381904451057,
            0.09023965343037094,
            0.1735690792801925,
            0.13916822416713126,
            0.01324370446616131
        ],
        "medians": [
            0.28549806073219186
        ],
        "q1": [
            0.2849853538694132
        ],
        "q3": [
            0.2865519198032911
        ],
        "budgets": [
            0,
            4860,
            9721,
            14581,
            19442,
            24302
        ],
        "values": [
            [
                0.28357501658610557,
                0.28549806073219186,
                0.2865519198032911,
                0.2849853538694132,
                0.2873367404883589
            ]
        ]
    },