{
    "AUC": {
        "means": [
            0.7002019982324897,
            0.6328821457896986,
            0.6271223584034323,
            0.608912561233695,
            0.5117434383120103,
            0.541861076447586
        ],
        "stds": [
            0.0007056110851498867,
            0.0012212260009362937,
            0.024214564817481514,
            0.0018497742040222073,
            0.00252425127038247,
            0.026093225623443125
        ],
        "medians": [
            0.7001909556434653
        ],
        "q1": [
            0.6998081150453971
        ],
        "q3": [
            0.7009149839280582
        ],
        "budgets": [
            0,
            4860,
            9721,
            14581,
            19442,
            24302
        ],
        "values": [
            [
                0.6998081150453971,
                0.7009909343523539,
                0.6991050021931743,
                0.7009149839280582,
                0.7001909556434653
            ]
        ]
    },
    "SPD": {
        "means": [
            0.7670306464511879,
            0.5111634543156182,
            0.4781077110082902,
            0.37570598831200963,
            0.8448587319243603,
            0.8184546236761477
        ],
        "stds": [
            0.0028064731472029754,
            0.0036945420099656597,
            0.14952424934338793,
            0.0037104727736915447,
            0.0013146116351586727,
            0.021670749650188104
        ],
        "medians": [
            0.767665270036284
        ],
        "q1": [
            0.7665826968573539
        ],
        "q3": [
            0.7689254848877106
        ],
        "budgets": [
            0,
            4860,
            9721,
            14581,
            19442,
            24302
        ],
        "values": [
            [
                0.7689254848877106,
                0.7700532196604686,
                0.767665270036284,
                0.7665826968573539,
                0.7619265608141227
            ]
        ]
    },
    "EO": {
        "means": [
            0.7733480045319001,
            0.46389544027071905,
            0.4170563886445312,
            0.331088847778359,
            0.97067163110411,
            0.9071979472012204
        ],
        "stds": [
            0.0043680849200373895,
            0.0046927535461311265,
            0.17331065141059493,
            0.003317504089308223,
            0.0008753089955569643,
            0.05168639557525573
        ],
        "medians": [
            0.7748256780396058
        ],
        "q1": [
            0.770731997987987
        ],
        "q3": [
            0.7768305470070983
        ],
        "budgets": [
            0,
            4860,
            9721,
            14581,
            19442,
            24302
        ],
        "values": [
            [
                0.7748256780396058,
                0.7781549490291129,
                0.7768305470070983,
                0.770731997987987,
                0.7661968505956969
            ]
        ]
    },
    "ACC": {
        "means": [
            0.6848335491416399,
            0.6763627250323714,
            0.6604486028152541,
            0.6471074725366526,
            0.555398688442421,
            0.6196399482060064
        ],
        "stds": [
            0.00026888562615482256,
            0.0007149272927725485,
            0.00960892608847825,
            0.00030420018305058394,
            0.0013466065196681737,
            0.05231402793201036
        ],
        "medians": [
            0.6848920262311515
        ],
        "q1": [
            0.684599640783593
        ],
        "q3": [
            0.6849755649304541
        ],
        "budgets": [
            0,
            4860,
            9721,
            14581,
            19442,
            24302
        ],
        "values": [
            [
                0.684599640783593,
                0.6848920262311515,
                0.6849755649304541,
                0.6844743327346393,
                0.6852261810283614
            ]
        ]
    },
    "F1": {
        "means": [
            0.28542578277365116,
            0.30726786153048424,
            0.31549870381665,
            0.3258053711293635,
            0.16957762958112763,
            0.17335008538113011
        ],
        "stds": [
            0.0021826362324208104,
            0.003753742637636552,
            0.017942818449670914,
            0.0005813271883934448,
            0.0010376435225469061,
            0.0029236899946186168
        ],
        "medians": [
            0.2857413010590015
        ],
        "q1": [
            0.28568720379146917
        ],
        "q3": [
            0.286336109008327
        ],
        "budgets": [
            0,
            4860,
            9721,
            14581,
            19442,
            24302
        ],
        "values": [
            [
                0.287977369165488,
                0.28138693084397026,
                0.286336109008327,
                0.2857413010590015,
                0.28568720379146917
            ]
        ]
    },