{
    "best_epoch": 400,
    "best_val_loss": 1.1976337432861328,
    "best_tr_acc": 0.4722068736877003,
    "best_val_acc": 0.46783819628647216,
    "best_test_acc": 0.48093501326259946
}